file,label,split,frame_index,start_sample,time_s,energy,log_energy_db,rms,magnitude,zcr
khong/khong_01.wav,khong,train,0,0,0.01246875,0.0,-90.0,0.0,0.0,0.0
khong/khong_01.wav,khong,train,1,160,0.02246875,0.0,-90.0,0.0,0.0,0.0
khong/khong_01.wav,khong,train,2,320,0.03246875,0.0,-90.0,0.0,0.0,0.0
khong/khong_01.wav,khong,train,3,480,0.04246875,0.0,-90.0,0.0,0.0,0.0
khong/khong_01.wav,khong,train,4,640,0.05246875,0.0,-90.0,0.0,0.0,0.0
khong/khong_01.wav,khong,train,5,800,0.06246875,0.0,-90.0,0.0,0.0,0.0
khong/khong_01.wav,khong,train,6,960,0.07246875,0.0,-90.0,0.0,0.0,0.0
khong/khong_01.wav,khong,train,7,1120,0.08246875,0.0,-90.0,0.0,0.0,0.0
khong/khong_01.wav,khong,train,8,1280,0.09246875,0.0,-90.0,0.0,0.0,0.0
khong/khong_01.wav,khong,train,9,1440,0.10246875,0.0,-90.0,0.0,0.0,0.0
khong/khong_01.wav,khong,train,10,1600,0.11246875,0.0,-90.0,0.0,0.0,0.0
khong/khong_01.wav,khong,train,11,1760,0.12246875,0.0,-90.0,0.0,0.0,0.0
khong/khong_01.wav,khong,train,12,1920,0.13246875,0.0,-90.0,0.0,0.0,0.0
khong/khong_01.wav,khong,train,13,2080,0.14246875,0.0,-90.0,0.0,0.0,0.0
khong/khong_01.wav,khong,train,14,2240,0.15246875,0.0,-90.0,0.0,0.0,0.0
khong/khong_01.wav,khong,train,15,2400,0.16246875,0.0,-90.0,0.0,0.0,0.0
khong/khong_01.wav,khong,train,16,2560,0.17246875,0.0,-90.0,0.0,0.0,0.0
khong/khong_01.wav,khong,train,17,2720,0.18246875,0.0,-90.0,0.0,0.0,0.0
khong/khong_01.wav,khong,train,18,2880,0.19246875,0.0,-90.0,0.0,0.0,0.0
khong/khong_01.wav,khong,train,19,3040,0.20246875,0.0,-90.0,0.0,0.0,0.0
khong/khong_01.wav,khong,train,20,3200,0.21246875,0.0,-90.0,0.0,0.0,0.0
khong/khong_01.wav,khong,train,21,3360,0.22246875,0.0,-90.0,0.0,0.0,0.0
khong/khong_01.wav,khong,train,22,3520,0.23246875,0.0,-90.0,0.0,0.0,0.0
khong/khong_01.wav,khong,train,23,3680,0.24246875,0.0,-90.0,0.0,0.0,0.0
khong/khong_01.wav,khong,train,24,3840,0.25246875,0.0,-90.0,0.0,0.0,0.0
khong/khong_01.wav,khong,train,25,4000,0.26246875,0.0,-90.0,0.0,0.0,0.0
khong/khong_01.wav,khong,train,26,4160,0.27246875,0.0,-90.0,0.0,0.0,0.0
khong/khong_01.wav,khong,train,27,4320,0.28246875,0.0,-90.0,0.0,0.0,0.0
khong/khong_01.wav,khong,train,28,4480,0.29246875,0.0,-90.0,0.0,0.0,0.0
khong/khong_01.wav,khong,train,29,4640,0.30246875,0.0,-90.0,0.0,0.0,0.0
khong/khong_01.wav,khong,train,30,4800,0.31246875,1.2537160431992087e-08,-78.6847242413295,5.598473102550393e-06,0.0007866271134532745,0.145
khong/khong_01.wav,khong,train,31,4960,0.32246875,6.519326485852959e-08,-71.79186197623457,1.2766485896530962e-05,0.002753119496227548,0.25
khong/khong_01.wav,khong,train,32,5120,0.33246875,0.0003320080674820393,-34.78850055140424,0.0009110544268621377,0.16350168565562745,0.1875
khong/khong_01.wav,khong,train,33,5280,0.34246875,0.003180299968569242,-24.975317785049338,0.0028197074176983515,0.6951551923892743,0.1025
khong/khong_01.wav,khong,train,34,5440,0.35246875,0.0010540374554081652,-29.77143544088459,0.0016232971504072855,0.38030685855848,0.1825
khong/khong_01.wav,khong,train,35,5600,0.36246875,3.247675137801939e-05,-44.88414047100932,0.00028494188608389694,0.04496859735868238,0.3225
khong/khong_01.wav,khong,train,36,5760,0.37246875,0.002842598571999065,-25.462843136895298,0.0026658012735381576,0.5730068383905982,0.2125
khong/khong_01.wav,khong,train,37,5920,0.38246875,0.00992206280670705,-20.033979844343143,0.004980477589224514,1.392451228369156,0.1025
khong/khong_01.wav,khong,train,38,6080,0.39246875,0.005654319707492755,-22.476195623933016,0.0037597605334292084,1.088267655958962,0.03
khong/khong_01.wav,khong,train,39,6240,0.40246875,0.001285955908870404,-28.907735839416155,0.0017930113697843663,0.538357477532815,0.06
khong/khong_01.wav,khong,train,40,6400,0.41246875,0.0003832975186485858,-34.16462859180263,0.0009788992780779156,0.2987270994076756,0.06
khong/khong_01.wav,khong,train,41,6560,0.42246875,0.0014349836401976054,-28.431527475105632,0.0018940588957300176,0.5628759239390168,0.0425
khong/khong_01.wav,khong,train,42,6720,0.43246875,0.005270045462495739,-22.781855558848797,0.003629753938800721,1.0887435323272738,0.01
khong/khong_01.wav,khong,train,43,6880,0.44246875,0.006370350321620694,-21.958366158853888,0.003990723719333592,1.172384157525709,0.01
khong/khong_01.wav,khong,train,44,7040,0.45246875,0.0014468661970145013,-28.395713294549946,0.0019018847211480126,0.5823688776960406,0.0125
khong/khong_01.wav,khong,train,45,7200,0.46246875,0.0012599474560496143,-28.996472213198242,0.0017747869280913796,0.5142432342809369,0.0175
khong/khong_01.wav,khong,train,46,7360,0.47246875,0.001493730519170979,-28.25727454877136,0.0019324405030756956,0.5798628105149033,0.015
khong/khong_01.wav,khong,train,47,7520,0.48246875,0.0012445970541180946,-29.049708823539863,0.0017639423560012488,0.5422631317127308,0.0125
khong/khong_01.wav,khong,train,48,7680,0.49246875,0.0010802732284229213,-29.664659845377855,0.0016433755112746761,0.5043705275622288,0.025
khong/khong_01.wav,khong,train,49,7840,0.50246875,0.0008144584956569999,-30.891305089614388,0.001426935961822569,0.4487249173928124,0.025
khong/khong_01.wav,khong,train,50,8000,0.51246875,0.0011301081072511057,-29.468796251983306,0.0016808540293933214,0.509337639414014,0.01
khong/khong_01.wav,khong,train,51,8160,0.52246875,0.001123718598059018,-29.493420448238435,0.001676095610383711,0.483527352265017,0.01
khong/khong_01.wav,khong,train,52,8320,0.53246875,0.0002412364715877885,-36.175552320217854,0.000776589453295286,0.23229690744311843,0.02
khong/khong_01.wav,khong,train,53,8480,0.54246875,3.556971988404124e-05,-44.4890734542701,0.0002982017768392789,0.08322294960485496,0.03
khong/khong_01.wav,khong,train,54,8640,0.55246875,2.3910001196248338e-05,-46.214022388192895,0.00024448926968401055,0.07231613093759925,0.035
khong/khong_01.wav,khong,train,55,8800,0.56246875,9.486339201462306e-05,-40.228967723305765,0.0004869891990964047,0.140570636459314,0.03
khong/khong_01.wav,khong,train,56,8960,0.57246875,0.00016423745582963865,-37.84525146856045,0.0006407758106967651,0.17336757991054236,0.035
khong/khong_01.wav,khong,train,57,9120,0.58246875,0.00017004058226568678,-37.69444862502495,0.0006519980488193327,0.18354029488653728,0.03
khong/khong_01.wav,khong,train,58,9280,0.59246875,0.00010383160930011685,-39.83666232084605,0.0005094889824621255,0.14570006352553236,0.015
khong/khong_01.wav,khong,train,59,9440,0.60246875,7.915578680788863e-05,-41.01511843317661,0.0004448476896868428,0.12158316289178835,0.01
khong/khong_01.wav,khong,train,60,9600,0.61246875,4.237789769297302e-05,-43.72850343804675,0.00032549154248986647,0.10092241209663441,0.02
khong/khong_01.wav,khong,train,61,9760,0.62246875,1.4208715893430376e-05,-48.474146051934966,0.00018847225189288724,0.052256171992234327,0.0525
khong/khong_01.wav,khong,train,62,9920,0.63246875,2.22504767699578e-06,-56.524655382787394,7.458296851486572e-05,0.01936171054573205,0.12
khong/khong_01.wav,khong,train,63,10080,0.64246875,1.542663083380724e-06,-58.11447481846986,6.210199439995313e-05,0.016238718732255804,0.135
khong/khong_01.wav,khong,train,64,10240,0.65246875,2.8553171507567297e-06,-55.44193572394286,8.448841859623024e-05,0.022193301860196753,0.12
khong/khong_01.wav,khong,train,65,10400,0.66246875,2.807299106917739e-06,-55.515566381498196,8.37749829441603e-05,0.023162217478717287,0.1175
khong/khong_01.wav,khong,train,66,10560,0.67246875,2.5965314525887343e-06,-55.854391850208216,8.056878199074277e-05,0.022518086779561033,0.0925
khong/khong_01.wav,khong,train,67,10720,0.68246875,2.77876012868292e-06,-55.55992678644505,8.334806729437282e-05,0.0228195795384946,0.0725
khong/khong_01.wav,khong,train,68,10880,0.69246875,1.8857680308503447e-06,-57.242814909926444,6.86616346814279e-05,0.01908546821278734,0.0825
khong/khong_01.wav,khong,train,69,11040,0.70246875,2.517906673508136e-06,-55.987879229867104,7.933956568932262e-05,0.02175002954221235,0.095
khong/khong_01.wav,khong,train,70,11200,0.71246875,3.1949790428414018e-06,-54.95396077170366,8.937252154383641e-05,0.02305072978542664,0.1425
khong/khong_01.wav,khong,train,71,11360,0.72246875,1.068913072509362e-06,-59.70651506112077,5.1694126177675205e-05,0.013494270086207875,0.1925
khong/khong_01.wav,khong,train,72,11520,0.73246875,1.8344185905453576e-06,-57.36264873737498,6.772035496335939e-05,0.015946085982951774,0.2075
khong/khong_01.wav,khong,train,73,11680,0.74246875,3.5167929874820312e-06,-54.53729721171764,9.376557187318317e-05,0.02335642348982187,0.1475
khong/khong_01.wav,khong,train,74,11840,0.75246875,2.6969000274575424e-06,-55.689741474469,8.211120549988202e-05,0.02172510511616406,0.1375
khong/khong_01.wav,khong,train,75,12000,0.76246875,5.467004152274959e-06,-52.62171164310978,0.00011690812794963144,0.033284497868399196,0.1175
khong/khong_01.wav,khong,train,76,12160,0.77246875,0.00024301680071669074,-36.14361913768386,0.0007794498071022449,0.1930236477918982,0.08
khong/khong_01.wav,khong,train,77,12320,0.78246875,0.0003419035091638147,-34.66095171528502,0.0009245316505720812,0.2615623438032286,0.05
khong/khong_01.wav,khong,train,78,12480,0.79246875,0.00017749686718670192,-37.508068610574014,0.0006661397510783715,0.17918716418342232,0.0425
khong/khong_01.wav,khong,train,79,12640,0.80246875,0.00016718046311292578,-37.76811878296912,0.0006464914212751121,0.17557160417756412,0.065
khong/khong_01.wav,khong,train,80,12800,0.81246875,0.00026387913734051815,-35.78593298556214,0.0008122178546124773,0.2012295014121112,0.065
khong/khong_01.wav,khong,train,81,12960,0.82246875,0.0001467100214402303,-38.335372592250266,0.0006056195617717246,0.1766120298221127,0.05
khong/khong_01.wav,khong,train,82,13120,0.83246875,0.0002035550563280933,-36.91315971689185,0.0007133636105242776,0.20911214979557224,0.03
khong/khong_01.wav,khong,train,83,13280,0.84246875,0.0001564892386163617,-38.05512747237436,0.0006254782942204343,0.19793350033303608,0.02
khong/khong_01.wav,khong,train,84,13440,0.85246875,0.00011062698104248978,-39.56135013398206,0.0005258968079445097,0.15515066795508853,0.0325
khong/khong_01.wav,khong,train,85,13600,0.86246875,0.00014184485128098214,-38.481833619627736,0.0005954931806515128,0.168794085770742,0.0475
khong/khong_01.wav,khong,train,86,13760,0.87246875,0.00021916777866590328,-36.59221312499944,0.0007402158108719093,0.20592019924730198,0.055
khong/khong_01.wav,khong,train,87,13920,0.88246875,0.00011044003101159154,-39.568695476996076,0.0005254522599903619,0.14909294195373207,0.0675
khong/khong_01.wav,khong,train,88,14080,0.89246875,4.8144155376276764e-05,-43.174474073806486,0.00034692994745436995,0.09987145883932036,0.0675
khong/khong_01.wav,khong,train,89,14240,0.90246875,3.8086435473243024e-05,-44.19218268539227,0.00030857104317013863,0.08580681326661886,0.065
khong/khong_01.wav,khong,train,90,14400,0.91246875,6.696937276172688e-05,-41.741172837439684,0.00040917408508398624,0.11344186463504942,0.0525
khong/khong_01.wav,khong,train,91,14560,0.92246875,0.00017860457477364338,-37.48104989704772,0.0006682151127699136,0.18283037396391882,0.0325
khong/khong_01.wav,khong,train,92,14720,0.93246875,0.00013856656473468815,-38.58338415505325,0.0005885715010402053,0.17068352528795339,0.045
khong/khong_01.wav,khong,train,93,14880,0.94246875,0.00038438187814917,-34.15235965672964,0.000980282966991126,0.2777212801912524,0.0425
khong/khong_01.wav,khong,train,94,15040,0.95246875,0.0021699088686590747,-26.635583050256407,0.00232911403148229,0.625225119269923,0.0475
khong/khong_01.wav,khong,train,95,15200,0.96246875,0.00460136672354042,-23.371130582103213,0.0033916687351289265,0.8268762054778424,0.05
khong/khong_01.wav,khong,train,96,15360,0.97246875,0.002745613870682612,-25.61360381617697,0.002619930280886598,0.7448702630500202,0.0425
khong/khong_01.wav,khong,train,97,15520,0.98246875,0.00764707681785459,-21.16504490340312,0.004372378305297527,1.1873089285812575,0.03
khong/khong_01.wav,khong,train,98,15680,0.99246875,0.013617701680234694,-18.658961521479117,0.005834745427230457,1.7185504521961974,0.02
khong/khong_01.wav,khong,train,99,15840,1.00246875,0.014401083897077852,-18.4160478935847,0.006000225807642128,1.795197846718113,0.01
khong/khong_01.wav,khong,train,100,16000,1.01246875,0.008362484044546106,-20.77664645914932,0.004572330927586636,1.3906683311376038,0.01
khong/khong_01.wav,khong,train,101,16160,1.02246875,0.0027223641893429074,-25.65053617164136,0.0026088139974626916,0.8351523972920556,0.01
khong/khong_01.wav,khong,train,102,16320,1.03246875,0.001458266173270886,-28.361629004025822,0.0019093625724773216,0.5918060913786906,0.01
khong/khong_01.wav,khong,train,103,16480,1.04246875,0.0007305205808534728,-31.363669497404473,0.0013514072118105934,0.3944551064608974,0.025
khong/khong_01.wav,khong,train,104,16640,1.05246875,0.0002151887493451473,-36.671784203145165,0.0007334656592935133,0.20924605727710022,0.04
khong/khong_01.wav,khong,train,105,16800,1.06246875,7.812122816945638e-05,-41.07225378442304,0.00044193106976500417,0.12463630531413086,0.09
khong/khong_01.wav,khong,train,106,16960,1.07246875,3.0429827241427333e-05,-45.16686241480024,0.00027581618535460955,0.07667561339024345,0.1675
khong/khong_01.wav,khong,train,107,17120,1.08246875,1.6241404349284367e-05,-47.89349682093781,0.00020150312869335533,0.06132673823155103,0.185
khong/khong_01.wav,khong,train,108,17280,1.09246875,0.00013674995029373997,-38.640696470355294,0.0005847006719120048,0.15248129769049557,0.0975
khong/khong_01.wav,khong,train,109,17440,1.10246875,0.00017950272448960416,-37.459265358962355,0.0006698931341818711,0.19270564265219964,0.0525
khong/khong_01.wav,khong,train,110,17600,1.11246875,0.0003137078133928166,-35.034732799822045,0.0008855899352872308,0.2224530973122913,0.0725
khong/khong_01.wav,khong,train,111,17760,1.12246875,0.0006361803194868779,-31.96419087449463,0.0012611307619423114,0.3309884749939066,0.0725
khong/khong_01.wav,khong,train,112,17920,1.13246875,0.0011222301455939363,-29.499176823694356,0.0016749851832135235,0.4502709296059215,0.0525
khong/khong_01.wav,khong,train,113,18080,1.14246875,0.0014704604264414918,-28.3254636354272,0.0019173291491300416,0.5397227807086583,0.025
khong/khong_01.wav,khong,train,114,18240,1.15246875,0.001869660942160148,-27.282369121409012,0.0021619788054928683,0.6050446897022617,0.03
khong/khong_01.wav,khong,train,115,18400,1.16246875,0.0007847275559182169,-31.052805433228983,0.0014006494528594733,0.4187057447576878,0.0375
khong/khong_01.wav,khong,train,116,18560,1.17246875,0.0003201400097884856,-34.946586895420566,0.0008946228392295906,0.276722759900886,0.0375
khong/khong_01.wav,khong,train,117,18720,1.18246875,0.00018775293315193006,-37.264109564367736,0.0006851148318930377,0.19184818566098252,0.13
khong/khong_01.wav,khong,train,118,18880,1.19246875,6.528113960603643e-05,-41.852056201263245,0.0004039837237007094,0.11739181667622312,0.2425
khong/khong_01.wav,khong,train,119,19040,1.20246875,6.30206285635897e-05,-42.00510378263861,0.00039692766520988966,0.10683128961960076,0.3525
khong/khong_01.wav,khong,train,120,19200,1.21246875,6.148918044312287e-05,-42.11194232514994,0.0003920751855292645,0.10559973447709495,0.4425
khong/khong_01.wav,khong,train,121,19360,1.22246875,5.828490946600744e-05,-42.34436422612915,0.0003817227706923162,0.10697312791468705,0.42
khong/khong_01.wav,khong,train,122,19520,1.23246875,0.00010099163820237801,-39.95710282698643,0.0005024729798764757,0.1399599930885111,0.315
khong/khong_01.wav,khong,train,123,19680,1.24246875,0.0002323776279920334,-36.33803816780579,0.000762196870880538,0.17574925360305033,0.2475
khong/khong_01.wav,khong,train,124,19840,1.25246875,0.00010601416582035376,-39.7463200302801,0.0005148159035527986,0.13531422950693334,0.205
khong/khong_01.wav,khong,train,125,20000,1.26246875,8.95152321074826e-05,-40.48098206298374,0.0004730624485928962,0.1313310238451199,0.215
khong/khong_01.wav,khong,train,126,20160,1.27246875,9.472665539449783e-05,-40.23523211790483,0.00048663809806286703,0.11396595451598762,0.2225
khong/khong_01.wav,khong,train,127,20320,1.28246875,1.6922155940341774e-05,-47.715186436806945,0.00020568274077047502,0.05726994663561896,0.22
khong/khong_01.wav,khong,train,128,20480,1.29246875,1.5169692799666492e-05,-48.18994585844648,0.00019474144910410374,0.0542329917507571,0.105
khong/khong_01.wav,khong,train,129,20640,1.30246875,1.9168253396550396e-05,-47.17394801679716,0.00021890781962135566,0.06071727203530858,0.0825
khong/khong_01.wav,khong,train,130,20800,1.31246875,1.1338092674937705e-05,-49.45421695181446,0.00016836042197424032,0.04395198129219595,0.0975
khong/khong_01.wav,khong,train,131,20960,1.32246875,1.2834384616302431e-05,-48.91591113027979,0.00017912554686798886,0.0485560440415169,0.1075
khong/khong_01.wav,khong,train,132,21120,1.33246875,1.5647837433139118e-05,-48.05517921064924,0.00019778673763133815,0.05313957933887763,0.1
khong/khong_01.wav,khong,train,133,21280,1.34246875,2.2228053608675866e-05,-46.53079026787245,0.00023573318396375524,0.06547590181437216,0.1425
khong/khong_01.wav,khong,train,134,21440,1.35246875,3.898484403716381e-05,-44.09093058936836,0.00031218922161552843,0.09573858909311449,0.135
khong/khong_01.wav,khong,train,135,21600,1.36246875,0.0002149755251627669,-36.67608961242004,0.0007331021844919828,0.19983589453479847,0.11
khong/khong_01.wav,khong,train,136,21760,1.37246875,0.000291057782421716,-35.36019291758781,0.0008530207828970465,0.26187502859349926,0.045
khong/khong_01.wav,khong,train,137,21920,1.38246875,0.0008084117390541464,-30.92366851444055,0.0014216291174688868,0.4203977395863,0.0325
khong/khong_01.wav,khong,train,138,22080,1.39246875,0.0012927653162052174,-28.884799722229403,0.0017977522884182469,0.5241234503625534,0.015
khong/khong_01.wav,khong,train,139,22240,1.40246875,0.0005931176157954706,-32.26858444858298,0.0012177003077476316,0.3523509227928312,0.025
khong/khong_01.wav,khong,train,140,22400,1.41246875,7.763131603381225e-05,-41.099574571742025,0.0004405431761865466,0.12892291143142787,0.0975
khong/khong_01.wav,khong,train,141,22560,1.42246875,9.464344487598413e-06,-50.23863575430711,0.00015382087380780293,0.0449913037069017,0.2075
khong/khong_01.wav,khong,train,142,22720,1.43246875,7.05822125656009e-06,-51.51243205836681,0.0001328365655284727,0.037279344791137224,0.275
khong/khong_01.wav,khong,train,143,22880,1.44246875,9.847790318057341e-06,-50.06617108634866,0.00015690594569723403,0.04281506533205044,0.2725
khong/khong_01.wav,khong,train,144,23040,1.45246875,9.991324183463924e-06,-50.00333484481237,0.00015804527977342382,0.04458906313903184,0.23
khong/khong_01.wav,khong,train,145,23200,1.46246875,2.058856570861595e-05,-46.863528137676305,0.00022687312373117244,0.0573036164495444,0.2075
khong/khong_01.wav,khong,train,146,23360,1.47246875,8.896118162238216e-06,-50.507506415473635,0.00014913180547956745,0.041567319249374714,0.185
khong/khong_01.wav,khong,train,147,23520,1.48246875,4.138089815197682e-06,-53.83095149626895,0.00010171147692366975,0.025892878074930105,0.16
khong/khong_01.wav,khong,train,148,23680,1.49246875,1.9962442816629173e-06,-56.995688136019766,7.064425457287586e-05,0.019191350569863055,0.1625
khong/khong_01.wav,khong,train,149,23840,1.50246875,2.769304842904745e-06,-55.57472438766973,8.320614224479983e-05,0.022574593307058778,0.15
khong/khong_01.wav,khong,train,150,24000,1.51246875,8.596099263924802e-06,-50.65648058776934,0.0001465955257155279,0.038568121839853996,0.12
khong/khong_01.wav,khong,train,151,24160,1.52246875,2.080722791718854e-05,-46.817649038612416,0.00022807470222050352,0.062020173422449365,0.0575
khong/khong_01.wav,khong,train,152,24320,1.53246875,1.8380252693765882e-05,-47.35624894503153,0.00021436098463669808,0.060698166885037236,0.03
khong/khong_01.wav,khong,train,153,24480,1.54246875,2.422687165463982e-05,-46.156847356455756,0.0002461040006513497,0.06538208172935638,0.04
khong/khong_01.wav,khong,train,154,24640,1.55246875,2.429375527810419e-05,-46.14487471242022,0.00024644347870304964,0.07013803399957454,0.045
khong/khong_01.wav,khong,train,155,24800,1.56246875,2.581449197390661e-05,-45.88119594052088,0.00025403981958497477,0.07275276878895091,0.035
khong/khong_01.wav,khong,train,156,24960,1.57246875,4.227277291493013e-05,-43.739289898569886,0.00032508757633493984,0.10088663839024847,0.0275
khong/khong_01.wav,khong,train,157,25120,1.58246875,0.00012714522888737764,-38.956965163194965,0.0005637934659238649,0.17072168305320867,0.02
khong/khong_01.wav,khong,train,158,25280,1.59246875,0.00018481320327325352,-37.332646555933636,0.0006797300995123975,0.21323900865674028,0.01
khong/khong_01.wav,khong,train,159,25440,1.60246875,0.00015752177529564857,-38.02656645238602,0.000627538395828591,0.18287667778051286,0.01
khong/khong_01.wav,khong,train,160,25600,1.61246875,0.00010981471250313499,-39.5933551630483,0.0005239625761997106,0.16024157964984487,0.025
khong/khong_01.wav,khong,train,161,25760,1.62246875,0.00016480980588897396,-37.830143170072105,0.0006418913574137254,0.1933913616283951,0.0275
khong/khong_01.wav,khong,train,162,25920,1.63246875,0.0002504749346053083,-36.01233994228612,0.0007913199962804369,0.22577307618113185,0.035
khong/khong_01.wav,khong,train,163,26080,1.64246875,0.0003059461384491778,-35.14353604443288,0.0008745658043411853,0.22648974268958702,0.0425
khong/khong_01.wav,khong,train,164,26240,1.65246875,7.759745107486294e-05,-41.10146947509254,0.00044044707705598107,0.12448658401644186,0.0525
khong/khong_01.wav,khong,train,165,26400,1.66246875,0.00014398544281621407,-38.416783973997916,0.0005999696717672779,0.15603449464797514,0.055
khong/khong_01.wav,khong,train,166,26560,1.67246875,0.00027969571766574166,-35.533126301891464,0.0008362052942695079,0.20633601197814078,0.0675
khong/khong_01.wav,khong,train,167,26720,1.68246875,8.274032683145831e-05,-40.82277519082753,0.000454808549918145,0.12561391736711422,0.06
khong/khong_01.wav,khong,train,168,26880,1.69246875,4.772125227258903e-05,-43.212790677997944,0.00034540285274078524,0.09953131646812427,0.0625
khong/khong_01.wav,khong,train,169,27040,1.70246875,5.193315928527175e-05,-42.84546894383436,0.0003603233245478002,0.09737390618341678,0.0575
khong/khong_01.wav,khong,train,170,27200,1.71246875,4.355697094525488e-05,-43.609323591229554,0.0003299885261083137,0.08280407625492356,0.05
khong/khong_01.wav,khong,train,171,27360,1.72246875,2.9226377557820668e-05,-45.3421015020058,0.00027030712882673233,0.06601246809312054,0.065
khong/khong_01.wav,khong,train,172,27520,1.73246875,1.0106179511767648e-05,-49.953700208058166,0.00015895108926779685,0.04386349842035394,0.075
khong/khong_01.wav,khong,train,173,27680,1.74246875,1.2811875555521605e-05,-48.923533918986806,0.00017896840192839633,0.04688596732952105,0.0725
khong/khong_01.wav,khong,train,174,27840,1.75246875,1.1267292221738512e-05,-49.48141898938401,0.00016783393743324465,0.046784136829983766,0.055
khong/khong_01.wav,khong,train,175,28000,1.76246875,3.1698580773346285e-05,-44.98946481284655,0.00028150746337062845,0.06922788272232173,0.0575
khong/khong_01.wav,khong,train,176,28160,1.77246875,6.750613590484421e-05,-41.70650317238669,0.0004108105886684404,0.09910697889299055,0.0725
khong/khong_01.wav,khong,train,177,28320,1.78246875,0.00010268371911163102,-39.884941805435844,0.0005066648771911051,0.1313005725755563,0.07
khong/khong_01.wav,khong,train,178,28480,1.79246875,0.00012780428283403703,-38.93451194235108,0.0005652527815810308,0.15078523112703746,0.0675
khong/khong_01.wav,khong,train,179,28640,1.80246875,0.00011283114476902913,-39.47567156495877,0.0005311100280757018,0.14182197976570482,0.0575
khong/khong_01.wav,khong,train,180,28800,1.81246875,0.00011858521765748686,-39.25965782667515,0.0005444842000863911,0.13154885515944587,0.065
khong/khong_01.wav,khong,train,181,28960,1.82246875,4.353907272206561e-05,-43.6111084992135,0.00032992072048473105,0.08637945299902308,0.055
khong/khong_01.wav,khong,train,182,29120,1.83246875,6.519025068479006e-05,-41.858106870025715,0.0004037023986948494,0.10288890280831199,0.0475
khong/khong_01.wav,khong,train,183,29280,1.84246875,7.462224013124341e-05,-41.27125897876674,0.0004319208264579384,0.10241197410654285,0.04
khong/khong_01.wav,khong,train,184,29440,1.85246875,3.199379188147724e-05,-44.94920710468166,0.000282815274876894,0.0817196469863452,0.055
khong/khong_01.wav,khong,train,185,29600,1.86246875,2.224408834920241e-05,-46.52765865056647,0.0002358181945334287,0.06061135743717688,0.0575
khong/khong_01.wav,khong,train,186,29760,1.87246875,6.98490465215164e-06,-51.5577734617146,0.00013214485094160537,0.03729434171854617,0.08
khong/khong_01.wav,khong,train,187,29920,1.88246875,5.65948531623199e-06,-52.47146331863705,0.00011894836396764763,0.033713515499824966,0.1025
khong/khong_01.wav,khong,train,188,30080,1.89246875,2.3604886539248303e-05,-46.26979684625923,0.00024292430168289207,0.05988620572159732,0.1
khong/khong_01.wav,khong,train,189,30240,1.90246875,2.689480403423067e-05,-45.703154682101626,0.0002593010028626513,0.07189195012230896,0.0775
khong/khong_01.wav,khong,train,190,30400,1.91246875,2.5235847373736688e-05,-45.97964898782317,0.0002511764687114255,0.07196754677226898,0.06
khong/khong_01.wav,khong,train,191,30560,1.92246875,2.3795823048685444e-05,-46.23481018763673,0.00024390481262515838,0.07087891927125746,0.06
khong/khong_01.wav,khong,train,192,30720,1.93246875,1.807279013005144e-05,-47.42950764983845,0.00021256052155828136,0.056607863039240106,0.0925
khong/khong_01.wav,khong,train,193,30880,1.94246875,7.307000074068401e-06,-51.36201456917817,0.00013515731643226348,0.039112942893499356,0.1375
khong/khong_01.wav,khong,train,194,31040,1.95246875,8.100385907407069e-06,-50.91440679830803,0.00014230588451823653,0.038352592288073376,0.165
khong/khong_01.wav,khong,train,195,31200,1.96246875,1.4697642459420696e-05,-48.3272277406867,0.00019168752215142158,0.05376130730886763,0.1825
khong/khong_01.wav,khong,train,196,31360,1.97246875,4.7962588280286246e-05,-43.190883336625646,0.00034627513728351274,0.09690584708060128,0.1775
khong/khong_01.wav,khong,train,197,31520,1.98246875,0.00030475649859784904,-35.16045599705961,0.0008728638189858843,0.21310347117780404,0.165
khong/khong_01.wav,khong,train,198,31680,1.99246875,0.0002299846122231478,-36.38299332363025,0.0007582621779819098,0.2077035739614581,0.1625
khong/khong_01.wav,khong,train,199,31840,2.00246875,0.00036729132428997427,-34.34988147487379,0.000958242302721465,0.2184781213125928,0.1525
khong/khong_01.wav,khong,train,200,32000,2.01246875,0.0002268252390005132,-36.44306708183004,0.0007530359204588337,0.20215045296754885,0.155
khong/khong_01.wav,khong,train,201,32160,2.02246875,0.00015132181570449977,-38.200955862693945,0.0006150646626666577,0.17662967302610347,0.1675
khong/khong_01.wav,khong,train,202,32320,2.03246875,0.0001447676076971975,-38.393256023788645,0.0006015970572093865,0.1603602696281728,0.1675
khong/khong_01.wav,khong,train,203,32480,2.04246875,0.000519132025634635,-32.84721341772952,0.0011392234478304014,0.27842073802692496,0.1375
khong/khong_01.wav,khong,train,204,32640,2.05246875,0.021299321335907073,-16.71634213953654,0.007297143505493617,1.3486553810989825,0.08
khong/khong_01.wav,khong,train,205,32800,2.06246875,0.005098363658180248,-22.925691050433517,0.003570141334100181,1.0187827122774091,0.0475
khong/khong_01.wav,khong,train,206,32960,2.07246875,0.0126697765717095,-18.972310094438768,0.005628005102100899,1.3285727587172627,0.04
khong/khong_01.wav,khong,train,207,33120,2.08246875,0.07552254640852858,-11.219233695202565,0.01374068288045836,2.6456254432596804,0.04
khong/khong_01.wav,khong,train,208,33280,2.09246875,0.009935515658962267,-20.028095441251608,0.004983852841668348,1.4440247376377358,0.0325
khong/khong_01.wav,khong,train,209,33440,2.10246875,0.009690711440131176,-20.136442933884663,0.004922070560275212,1.3965290716351788,0.0325
khong/khong_01.wav,khong,train,210,33600,2.11246875,0.055440659047226754,-12.561716078846699,0.011772920097327888,2.6824029802529727,0.055
khong/khong_01.wav,khong,train,211,33760,2.12246875,0.08039128790483133,-10.947910082854534,0.014176678728181657,3.717075106690304,0.095
khong/khong_01.wav,khong,train,212,33920,2.13246875,0.04127925926685715,-13.842680939608002,0.010158648934141926,2.7708970628385687,0.1
khong/khong_01.wav,khong,train,213,34080,2.14246875,0.11340183187180475,-9.453799260455988,0.016837594236692836,4.161922414184909,0.0975
khong/khong_01.wav,khong,train,214,34240,2.15246875,0.09068600498435801,-10.424597249869706,0.015057058559389847,4.302260044765397,0.1025
khong/khong_01.wav,khong,train,215,34400,2.16246875,0.12449880566414528,-9.048348113125062,0.01764219414246321,4.719892458671132,0.1
khong/khong_01.wav,khong,train,216,34560,2.17246875,0.12493666842782879,-9.033100756942643,0.017673190743880178,4.638945932473447,0.0875
khong/khong_01.wav,khong,train,217,34720,2.18246875,0.1331519339827455,-8.756525179503658,0.018244994791911117,4.745457536924501,0.08
khong/khong_01.wav,khong,train,218,34880,2.19246875,0.10446348838542918,-9.810354715535235,0.016160405965308326,4.673544948353071,0.0875
khong/khong_01.wav,khong,train,219,35040,2.20246875,0.152288906453219,-8.17331729016558,0.019512105630429728,4.778639542990385,0.1075
khong/khong_01.wav,khong,train,220,35200,2.21246875,0.07426048975717052,-11.29242185026008,0.013625388962995746,3.5348210602655588,0.12
khong/khong_01.wav,khong,train,221,35360,2.22246875,0.05527139719551539,-12.574995489713931,0.011754934835582393,3.090838318893153,0.1275
khong/khong_01.wav,khong,train,222,35520,2.23246875,0.07936115146310352,-11.003920340906179,0.014085555674440352,3.5410345249074955,0.1225
khong/khong_01.wav,khong,train,223,35680,2.24246875,0.05553281580214203,-12.554502971631083,0.011782700857840491,3.404797949185378,0.11
khong/khong_01.wav,khong,train,224,35840,2.25246875,0.07522019748628359,-11.23665524923405,0.013713150393534993,3.8443135592783255,0.1025
khong/khong_01.wav,khong,train,225,36000,2.26246875,0.11359675133687419,-9.446340846666924,0.016852058578766736,4.454199646152636,0.1025
khong/khong_01.wav,khong,train,226,36160,2.27246875,0.07070465105965981,-11.505520105684091,0.013295173095870153,3.711399987483553,0.0875
khong/khong_01.wav,khong,train,227,36320,2.28246875,0.039997804178008786,-13.979638393028322,0.009999725518484093,2.9172934339576586,0.07
khong/khong_01.wav,khong,train,228,36480,2.29246875,0.024404944690785562,-16.125221544577116,0.007811041014292775,2.14222440855612,0.055
khong/khong_01.wav,khong,train,229,36640,2.30246875,0.0072404391757688764,-21.40235030474608,0.0042545385107461645,1.171478323117511,0.065
khong/khong_01.wav,khong,train,230,36800,2.31246875,0.0029122527059976967,-25.357707933990792,0.002698264583949143,0.7926017998931297,0.09
khong/khong_01.wav,khong,train,231,36960,2.32246875,0.012400439009108666,-19.065629043428032,0.005567862922412123,1.244703801861898,0.0875
khong/khong_01.wav,khong,train,232,37120,2.33246875,0.021170750482389696,-16.742637258793756,0.007275085993029514,1.9290402717775486,0.0625
khong/khong_01.wav,khong,train,233,37280,2.34246875,0.042835562048220255,-13.681955201807137,0.01034837693170048,2.827771925441401,0.0375
khong/khong_01.wav,khong,train,234,37440,2.35246875,0.07297645453777955,-11.368172341169704,0.013507077268767247,3.7549740680484582,0.0325
khong/khong_01.wav,khong,train,235,37600,2.36246875,0.09046305577330213,-10.435287414038486,0.015038538473975965,3.839819811308102,0.035
khong/khong_01.wav,khong,train,236,37760,2.37246875,0.05410779128564657,-12.667401858552868,0.011630540753297605,3.2281754845705732,0.035
khong/khong_01.wav,khong,train,237,37920,2.38246875,0.08229577102428137,-10.84622476254204,0.014343619750979995,3.1773296111596645,0.03
khong/khong_01.wav,khong,train,238,38080,2.39246875,0.012385697969304938,-19.07079479595177,0.0055645525357626326,1.6009353052952262,0.04
khong/khong_01.wav,khong,train,239,38240,2.40246875,0.008883062206256058,-20.51437247715358,0.004712499922083834,1.3168782792627263,0.035
khong/khong_01.wav,khong,train,240,38400,2.41246875,0.009920897937052343,-20.03448974447277,0.004980185221719254,1.4528888971772476,0.0325
khong/khong_01.wav,khong,train,241,38560,2.42246875,0.009713628600869268,-20.126184610200273,0.0049278871235219224,1.4589999825502136,0.0325
khong/khong_01.wav,khong,train,242,38720,2.43246875,0.010236245791722085,-19.89859251996357,0.005058716683043755,1.5321288156648458,0.0425
khong/khong_01.wav,khong,train,243,38880,2.44246875,0.029683574251593445,-15.274837914480596,0.008614460843777956,2.023986672943444,0.055
khong/khong_01.wav,khong,train,244,39040,2.45246875,0.04996121671418223,-13.013669850275862,0.011176002943157074,2.652121492543551,0.045
khong/khong_01.wav,khong,train,245,39200,2.46246875,0.08322275821999853,-10.797578894304223,0.014424177465283638,3.7754370158322024,0.03
khong/khong_01.wav,khong,train,246,39360,2.47246875,0.06659794545409395,-11.765391620820289,0.012903288868937055,3.7091416593677353,0.025
khong/khong_01.wav,khong,train,247,39520,2.48246875,0.0667409116442057,-11.756078589093876,0.012917131226031353,3.2667509849167295,0.0325
khong/khong_01.wav,khong,train,248,39680,2.49246875,0.020069492513367232,-16.974635875087937,0.007083341816079334,1.8400505382183059,0.04
khong/khong_01.wav,khong,train,249,39840,2.50246875,0.071721180055722,-11.443525673842608,0.013390405152171648,3.0822096829881573,0.0425
khong/khong_01.wav,khong,train,250,40000,2.51246875,0.08858113247589211,-10.526587668241678,0.014881291314591294,4.075386908947427,0.0425
khong/khong_01.wav,khong,train,251,40160,2.52246875,0.07848231649722535,-11.052281811964491,0.014007347759053582,3.6419636508904354,0.0425
khong/khong_01.wav,khong,train,252,40320,2.53246875,0.04060681720166287,-13.914010388674301,0.01007556663439616,2.8667208064983143,0.035
khong/khong_01.wav,khong,train,253,40480,2.54246875,0.01686977038023655,-17.728908029458182,0.006494184009603622,1.9500252441548243,0.03
khong/khong_01.wav,khong,train,254,40640,2.55246875,0.015263907965079784,-18.16334232792064,0.006177359461185617,1.9034106166508034,0.0275
khong/khong_01.wav,khong,train,255,40800,2.56246875,0.017726200002850932,-17.51384330404929,0.00665698880929864,2.0183925981210393,0.03
khong/khong_01.wav,khong,train,256,40960,2.57246875,0.011926242060183268,-19.234963438565643,0.005460366759701968,1.6982618917575885,0.0275
khong/khong_01.wav,khong,train,257,41120,2.58246875,0.007473861222205348,-21.26454912465438,0.00432257481780401,1.3014774063394232,0.0275
khong/khong_01.wav,khong,train,258,41280,2.59246875,0.002563964289375902,-25.910878585348694,0.0025317801491124294,0.6831921144044362,0.13
khong/khong_01.wav,khong,train,259,41440,2.60246875,7.958429279597615e-05,-40.99167181605192,0.0004460501451517983,0.11572246666503955,0.275
khong/khong_01.wav,khong,train,260,41600,2.61246875,6.018343137316537e-06,-52.20450898676298,0.0001226615581316793,0.03435721030290884,0.35
khong/khong_01.wav,khong,train,261,41760,2.62246875,6.313759577764111e-06,-51.996431797148304,0.00012563597790605314,0.03427777826157031,0.2725
khong/khong_01.wav,khong,train,262,41920,2.63246875,1.6274839733988725e-05,-47.88456595237222,0.0002017104343730681,0.052962362305737934,0.1625
khong/khong_01.wav,khong,train,263,42080,2.64246875,1.9466047271333257e-05,-47.10699916534114,0.00022060171843921148,0.060570737799856084,0.09
khong/khong_01.wav,khong,train,264,42240,2.65246875,9.911842170546772e-06,-50.038018084798296,0.00015741539132615632,0.045639052949124244,0.07
khong/khong_01.wav,khong,train,265,42400,2.66246875,1.162782774754519e-05,-49.344640624368054,0.0001704980040025776,0.04819556511128484,0.0425
khong/khong_01.wav,khong,train,266,42560,2.67246875,9.956638485252417e-06,-50.018436449525055,0.0001577707077157577,0.04396490952430918,0.065
khong/khong_01.wav,khong,train,267,42720,2.68246875,7.611509708909342e-05,-41.18523488594764,0.0004362198330231371,0.10617302823038964,0.08
khong/khong_01.wav,khong,train,268,42880,2.69246875,0.0004964320606862013,-33.041393037335894,0.0011140377694295214,0.2929417813428361,0.065
khong/khong_01.wav,khong,train,269,43040,2.70246875,0.0006602378447839308,-31.802989277805764,0.0012847546894095491,0.36438886275109944,0.0375
khong/khong_01.wav,khong,train,270,43200,2.71246875,0.0011494583945238818,-29.395063658872548,0.0016951831719049433,0.5026171349538815,0.015
khong/khong_01.wav,khong,train,271,43360,2.72246875,0.0011574504465307026,-29.364972179739933,0.0017010661704727292,0.4947645195130292,0.02
khong/khong_01.wav,khong,train,272,43520,2.73246875,0.00041219470795536214,-33.8489653468443,0.0010151289424937136,0.31594991554124585,0.03
khong/khong_01.wav,khong,train,273,43680,2.74246875,0.0001222057922943566,-39.12904655190191,0.0005527336435715592,0.16608871847199191,0.0525
khong/khong_01.wav,khong,train,274,43840,2.75246875,2.818195794211869e-05,-45.50013427460727,0.0002654334094557366,0.07906146519666768,0.1225
khong/khong_01.wav,khong,train,275,44000,2.76246875,1.791947655768041e-05,-47.466504453648,0.0002116570135719604,0.05674697665834798,0.2225
khong/khong_01.wav,khong,train,276,44160,2.77246875,9.548588986887298e-06,-50.20015319994066,0.0001545039561539388,0.04345675220858784,0.3875
khong/khong_01.wav,khong,train,277,44320,2.78246875,8.869324332411167e-06,-50.52060500438699,0.00014890705433601162,0.04033880479752732,0.445
khong/khong_01.wav,khong,train,278,44480,2.79246875,8.31821623088033e-06,-50.7991758748782,0.00014420658992293252,0.040890633384273026,0.4675
khong/khong_01.wav,khong,train,279,44640,2.80246875,1.1909650629753327e-05,-49.24064514151663,0.00017255180837760965,0.0469889118761964,0.4825
khong/khong_01.wav,khong,train,280,44800,2.81246875,1.3816382517495036e-05,-48.595742193259255,0.00018585197414538698,0.048288947252847936,0.5175
khong/khong_01.wav,khong,train,281,44960,2.82246875,9.961579106708508e-06,-50.01628217116977,0.00015780984686251766,0.043735852390488425,0.5775
khong/khong_01.wav,khong,train,282,45120,2.83246875,1.0276298589731775e-05,-49.88121025588741,0.00016028333186682089,0.04329731647313255,0.55
khong/khong_01.wav,khong,train,283,45280,2.84246875,6.981028930649627e-06,-51.56018355980812,0.00013210818417730245,0.0362354643330066,0.525
khong/khong_01.wav,khong,train,284,45440,2.85246875,1.2484923317168366e-05,-49.035793366346596,0.00017667005488458115,0.04842533728551017,0.37
khong/khong_01.wav,khong,train,285,45600,2.86246875,1.7839278777780526e-05,-47.485983634853554,0.00021118285191854786,0.056883358308304516,0.2425
khong/khong_01.wav,khong,train,286,45760,2.87246875,9.024924613752635e-06,-50.445082981112385,0.00015020756150867234,0.04149498665824487,0.2075
khong/khong_01.wav,khong,train,287,45920,2.88246875,7.6147210979356545e-06,-51.18288969015052,0.00013797392052427565,0.03880086051546258,0.2075
khong/khong_01.wav,khong,train,288,46080,2.89246875,6.632661440622868e-06,-51.78246697154989,0.00012876976975034619,0.03692269054651173,0.21
khong/khong_01.wav,khong,train,289,46240,2.90246875,3.256327968402426e-06,-54.871385117155846,9.022649234568561e-05,0.025337687597874498,0.2175
khong/khong_01.wav,khong,train,290,46400,2.91246875,2.185598344033643e-06,-56.602309851333665,7.391884644719577e-05,0.019141676903481685,0.2475
khong/khong_01.wav,khong,train,291,46560,2.92246875,8.492483701474422e-07,-60.70454191899387,4.6077336352795015e-05,0.012642228059102343,0.2025
khong/khong_01.wav,khong,train,292,46720,2.93246875,1.0550918479273162e-06,-59.762983097251336,5.135883195535399e-05,0.013493011004614313,0.2075
khong/khong_01.wav,khong,train,293,46880,2.94246875,1.1723210746026324e-06,-59.30583128679239,5.413688840805852e-05,0.014824469916737543,0.18
khong/khong_01.wav,khong,train,294,47040,2.95246875,1.7435055093975463e-06,-57.58327654649705,6.602093435792821e-05,0.016219449016576192,0.1925
khong/khong_01.wav,khong,train,295,47200,2.96246875,1.1241178882215557e-06,-59.48801970422154,5.301221293771737e-05,0.014845686160512812,0.1425
khong/khong_01.wav,khong,train,296,47360,2.97246875,2.4270111784255645e-06,-56.14749318125049,7.789433834409219e-05,0.020155281718090404,0.11
khong/khong_01.wav,khong,train,297,47520,2.98246875,2.614773959048857e-06,-55.82399788092125,8.085131351822394e-05,0.022524656512428902,0.0925
khong/khong_01.wav,khong,train,298,47680,2.99246875,2.9818794232184792e-06,-55.25364301746632,8.634059623402075e-05,0.023539211064700315,0.1125
khong/khong_01.wav,khong,train,299,47840,3.00246875,1.0997277855910363e-05,-49.586753126806606,0.00016581071931505485,0.04225076885188435,0.095
khong/khong_01.wav,khong,train,300,48000,3.01246875,1.985251066027829e-05,-47.02162686604781,0.00022278078160087265,0.062124013796656205,0.0775
khong/khong_01.wav,khong,train,301,48160,3.02246875,3.191518614567199e-05,-44.9598901064362,0.0002824676359588475,0.07475078766044657,0.0575
khong/khong_01.wav,khong,train,302,48320,3.03246875,4.1374193150837095e-05,-43.83259965804819,0.00032161387233310186,0.09186193914713672,0.0475
khong/khong_01.wav,khong,train,303,48480,3.04246875,7.12226123458125e-05,-41.47376003393184,0.00042196745237580975,0.11633566087428054,0.045
khong/khong_01.wav,khong,train,304,48640,3.05246875,7.749413507108606e-05,-41.10725560436903,0.0004401537659474415,0.13046950783770955,0.0475
khong/khong_01.wav,khong,train,305,48800,3.06246875,0.00016402997282225916,-37.85074139417203,0.0006403709331751777,0.1866147989261313,0.0425
khong/khong_01.wav,khong,train,306,48960,3.07246875,0.0008730062473009636,-30.58982150968253,0.001477333956237522,0.38427563915463664,0.0375
khong/khong_01.wav,khong,train,307,49120,3.08246875,0.0012022428240070686,-29.20007445243167,0.0017336686707723802,0.48658750475200163,0.0275
khong/khong_01.wav,khong,train,308,49280,3.09246875,0.0022347909433596096,-26.507629029825246,0.0023636787764836032,0.7292565204677328,0.015
khong/khong_01.wav,khong,train,309,49440,3.10246875,0.005427462766931736,-22.65403067159426,0.003683565788380783,1.0907789259276588,0.01
khong/khong_01.wav,khong,train,310,49600,3.11246875,0.003943989924327989,-24.040640931017208,0.003140059682684387,0.9345079756664161,0.01
khong/khong_01.wav,khong,train,311,49760,3.12246875,0.0013594130720740835,-28.666482387594307,0.0018435109655722715,0.5554898336823779,0.01
khong/khong_01.wav,khong,train,312,49920,3.13246875,0.0003972246101713818,-34.00962759175749,0.0009965247239423888,0.3003879888580556,0.01
khong/khong_01.wav,khong,train,313,50080,3.14246875,0.0001117791935803015,-39.51635142610756,0.0005286283987365357,0.157786737396578,0.01
khong/khong_01.wav,khong,train,314,50240,3.15246875,3.372135014915327e-05,-44.72082166513407,0.0002903504354618453,0.08374162552727005,0.03
khong/khong_01.wav,khong,train,315,50400,3.16246875,8.887610065060404e-06,-50.51166145471684,0.00014906047485048146,0.046331906717237026,0.0325
khong/khong_01.wav,khong,train,316,50560,3.17246875,1.038515098273062e-05,-49.835453683873936,0.0001611300017278798,0.04709189093359628,0.0425
khong/khong_01.wav,khong,train,317,50720,3.18246875,1.1124687415442174e-05,-49.53673146053974,0.00016676845786480559,0.046990423400444695,0.0475
khong/khong_01.wav,khong,train,318,50880,3.19246875,6.2770482096591255e-06,-52.02175353639394,0.00012527019008586127,0.037353227944841416,0.0375
khong/khong_01.wav,khong,train,319,51040,3.20246875,3.514158448413109e-06,-54.54055094052251,9.373044393916403e-05,0.026496579856876014,0.0825
khong/khong_01.wav,khong,train,320,51200,3.21246875,8.761512882349196e-07,-60.56925494457107,4.6801476692379046e-05,0.013723262257090434,0.1375
khong/khong_01.wav,khong,train,321,51360,3.22246875,7.758931436383571e-07,-61.09638711340095,4.4042398425788445e-05,0.011482734176635258,0.1925
khong/khong_01.wav,khong,train,322,51520,3.23246875,1.014448152046824e-06,-59.93342246414575,5.035990846017355e-05,0.013527008476754344,0.1775
khong/khong_01.wav,khong,train,323,51680,3.24246875,1.3572094646840574e-06,-58.670332474771826,5.824966662316741e-05,0.015152926665085192,0.2
khong/khong_01.wav,khong,train,324,51840,3.25246875,8.817217649043913e-07,-60.54176165061757,4.695002036486223e-05,0.012773671383489275,0.2025
khong/khong_01.wav,khong,train,325,52000,3.26246875,9.499053462939709e-07,-60.21862710852375,4.873154384723438e-05,0.012501630175946524,0.175
khong/khong_01.wav,khong,train,326,52160,3.27246875,9.14925600334336e-07,-60.38139802179886,4.782587166833282e-05,0.012452088295349075,0.185
khong/khong_01.wav,khong,train,327,52320,3.28246875,8.154850641707464e-07,-60.880517553333824,4.515210582494316e-05,0.011202777310141703,0.1725
khong/khong_01.wav,khong,train,328,52480,3.29246875,1.0004760186625035e-06,-59.993594458584134,5.001189905068851e-05,0.01273681805037765,0.165
khong/khong_01.wav,khong,train,329,52640,3.30246875,6.235082807801348e-07,-62.04461798645689,3.9481270267689424e-05,0.010833455424235687,0.2125
khong/khong_01.wav,khong,train,330,52800,3.31246875,7.327448802437285e-07,-61.3445491605391,4.280025935212684e-05,0.010040831749845687,0.2525
khong/khong_01.wav,khong,train,331,52960,3.32246875,9.373489889807357e-07,-60.27635609594935,4.8408392582813976e-05,0.012046493933281752,0.1775
khong/khong_01.wav,khong,train,332,53120,3.33246875,9.56399805762005e-07,-60.18906664964054,4.889784774818839e-05,0.012657197076547489,0.1825
khong/khong_01.wav,khong,train,333,53280,3.34246875,5.035982451997166e-07,-62.97054264126422,3.548232817895821e-05,0.009510357544654287,0.2225
khong/khong_01.wav,khong,train,334,53440,3.35246875,4.940172967326818e-07,-63.05379625825384,3.514318201062198e-05,0.00894475503742465,0.2675
khong/khong_01.wav,khong,train,335,53600,3.36246875,5.46054107646445e-07,-62.619697166461904,3.6947736995871785e-05,0.009802753289892467,0.2575
khong/khong_01.wav,khong,train,336,53760,3.37246875,4.209885001539698e-07,-63.74699384080327,3.244181330297252e-05,0.008417449853083061,0.2425
khong/khong_01.wav,khong,train,337,53920,3.38246875,3.131348884932469e-07,-65.02883827247888,2.7979228388808677e-05,0.007433346752931858,0.245
khong/khong_01.wav,khong,train,338,54080,3.39246875,4.2672924722579466e-07,-63.68831052585137,3.2662258312377707e-05,0.008146907900675102,0.2575
khong/khong_01.wav,khong,train,339,54240,3.40246875,7.164847666596536e-07,-61.441873152572235,4.232271159376646e-05,0.00993248360091076,0.2475
khong/khong_01.wav,khong,train,340,54400,3.41246875,1.1354938207460624e-06,-59.44432921244054,5.327977619946574e-05,0.012620579429928013,0.235
khong/khong_01.wav,khong,train,341,54560,3.42246875,6.947904035794115e-07,-61.57521565386141,4.1677044148410155e-05,0.011206149379576348,0.23
khong/khong_01.wav,khong,train,342,54720,3.43246875,6.191928806750477e-07,-62.07473223428082,3.934440496039582e-05,0.010157227966418617,0.235
khong/khong_01.wav,khong,train,343,54880,3.44246875,8.013192403758337e-07,-60.95652792879318,4.475821825027873e-05,0.010964559136412623,0.2275
khong/khong_01.wav,khong,train,344,55040,3.45246875,9.241536061630547e-07,-60.33786153995418,4.8066454158879216e-05,0.011745691403080119,0.1925
khong/khong_01.wav,khong,train,345,55200,3.46246875,1.091070322836264e-06,-59.61749394748135,5.2227155839569324e-05,0.014222100983345396,0.2025
khong/khong_01.wav,khong,train,346,55360,3.47246875,9.075354679355149e-07,-60.41658113784666,4.7632327990964155e-05,0.012797146826095528,0.1725
khong/khong_01.wav,khong,train,347,55520,3.48246875,1.1721952343095137e-06,-59.30629709855553,5.413398272595306e-05,0.013994924197686876,0.18
khong/khong_01.wav,khong,train,348,55680,3.49246875,1.0895815918412997e-06,-59.62341837136283,5.219151252457864e-05,0.014828979342448999,0.135
khong/khong_01.wav,khong,train,349,55840,3.50246875,2.355556608367161e-06,-56.27722123311007,7.673911337067885e-05,0.01961748061518807,0.1425
khong/khong_01.wav,khong,train,350,56000,3.51246875,9.531455887632294e-07,-60.20385353207451,4.881458769577055e-05,0.013293879477459945,0.1875
khong/khong_01.wav,khong,train,351,56160,3.52246875,6.234311644860404e-07,-62.04515430038563,3.9478828645428435e-05,0.009552411606594955,0.2525
khong/khong_01.wav,khong,train,352,56320,3.53246875,8.437588555393588e-07,-60.732672468549666,4.592817369380582e-05,0.011009861705724683,0.2475
khong/khong_01.wav,khong,train,353,56480,3.54246875,1.353461708087377e-06,-58.682332683727275,5.816918660440803e-05,0.013428553992282058,0.185
khong/khong_01.wav,khong,train,354,56640,3.55246875,1.4490057168116693e-06,-58.38630285506496,6.0187326672889977e-05,0.015351000798518075,0.215
khong/khong_01.wav,khong,train,355,56800,3.56246875,1.108045627280966e-06,-59.55050586160377,5.263187312078504e-05,0.014507470831237372,0.1625
khong/khong_01.wav,khong,train,356,56960,3.57246875,8.116032674880035e-07,-60.90121435702499,4.504451319217479e-05,0.01214978428973238,0.19
khong/khong_01.wav,khong,train,357,57120,3.58246875,3.8969621687389627e-07,-64.08160794044593,3.121282656512769e-05,0.008404939977191491,0.255
khong/khong_01.wav,khong,train,358,57280,3.59246875,5.90234994773636e-07,-62.28239868274773,3.841337640632609e-05,0.009861229150986662,0.2425
khong/khong_01.wav,khong,train,359,57440,3.60246875,6.07662463790846e-07,-62.15623480358314,3.8976353850470864e-05,0.010188823694580382,0.185
khong/khong_01.wav,khong,train,360,57600,3.61246875,7.344826880509742e-07,-61.33427545332669,4.285098272067323e-05,0.011622057525540866,0.175
khong/khong_01.wav,khong,train,361,57760,3.62246875,7.254532592086624e-07,-61.387923234454945,4.2586771984052233e-05,0.011811409128268696,0.135
khong/khong_01.wav,khong,train,362,57920,3.63246875,8.404990729433831e-07,-60.749463581383,4.583936825871903e-05,0.012320895453588162,0.15
khong/khong_01.wav,khong,train,363,58080,3.64246875,1.0615963303064442e-06,-59.736316882666856,5.1516898448626646e-05,0.0140637100454216,0.17
khong/khong_01.wav,khong,train,364,58240,3.65246875,1.500798156693834e-06,-58.233884330605946,6.125353370814279e-05,0.016544365144503095,0.1475
khong/khong_01.wav,khong,train,365,58400,3.66246875,2.9019558829724618e-06,-55.37159564212145,8.517564034059946e-05,0.021731468091319664,0.1525
khong/khong_01.wav,khong,train,366,58560,3.67246875,1.7059416318066866e-06,-57.67781329159238,6.530585027022247e-05,0.018646037146033963,0.17
khong/khong_01.wav,khong,train,367,58720,3.68246875,2.557803682089881e-06,-55.91963033009123,7.996567516894172e-05,0.020169506548108812,0.2125
khong/khong_01.wav,khong,train,368,58880,3.69246875,1.3130644283700123e-06,-58.813833408648115,5.729451169985683e-05,0.014269333172627196,0.215
khong/khong_01.wav,khong,train,369,59040,3.70246875,9.868266228194216e-07,-60.05319273388318,4.9669573755454695e-05,0.01215686700848406,0.235
khong/khong_01.wav,khong,train,370,59200,3.71246875,5.243956698688744e-07,-62.79513510841542,3.6207584490990086e-05,0.009883149647655323,0.195
khong/khong_01.wav,khong,train,371,59360,3.72246875,4.518558077234165e-07,-63.440400582048504,3.361011037334661e-05,0.008933419609910856,0.2375
khong/khong_01.wav,khong,train,372,59520,3.73246875,4.6735260804446997e-07,-63.29427057037065,3.4181596219474226e-05,0.008660521618695082,0.22
khong/khong_01.wav,khong,train,373,59680,3.74246875,1.4187952274174363e-06,-58.477742880222294,5.955659550833636e-05,0.013811204109810913,0.1925
khong/khong_01.wav,khong,train,374,59840,3.75246875,7.98302463932442e-07,-60.972888482704406,4.467388677774864e-05,0.012114688982517819,0.1575
khong/khong_01.wav,khong,train,375,60000,3.76246875,9.610353146552977e-07,-60.1680898546902,4.901620432712272e-05,0.013206095186292182,0.18
khong/khong_01.wav,khong,train,376,60160,3.77246875,1.0309127800981965e-06,-59.86357008835591,5.0766937570090746e-05,0.013411989834773073,0.2275
khong/khong_01.wav,khong,train,377,60320,3.78246875,7.989386949291541e-07,-60.969432948507645,4.4691685326499885e-05,0.011151164604795667,0.2525
khong/khong_01.wav,khong,train,378,60480,3.79246875,9.607560887447623e-07,-60.16935055554153,4.9009083054694115e-05,0.013037008965179205,0.22
khong/khong_01.wav,khong,train,379,60640,3.80246875,1.949356312819409e-06,-57.098860396348165,6.980967541858737e-05,0.017154376939610572,0.1975
khong/khong_01.wav,khong,train,380,60800,3.81246875,1.54472937400722e-06,-58.108665399541806,6.21435711479317e-05,0.015923707208742123,0.1675
khong/khong_01.wav,khong,train,381,60960,3.82246875,1.027710270938668e-06,-59.877069240229616,5.0688023016750906e-05,0.013743853652422797,0.1725
khong/khong_01.wav,khong,train,382,61120,3.83246875,7.258096832796746e-07,-61.385792952235036,4.2597232400699304e-05,0.011370087061592423,0.2075
khong/khong_01.wav,khong,train,383,61280,3.84246875,1.2264508070138752e-06,-59.109959042319005,5.53726197459962e-05,0.014520852813553049,0.2
khong/khong_01.wav,khong,train,384,61440,3.85246875,1.1991974695753814e-06,-59.20747293209488,5.475393751994877e-05,0.014389201489529492,0.15
khong/khong_01.wav,khong,train,385,61600,3.86246875,7.017604353212565e-07,-61.53192696814381,4.1885571361784494e-05,0.01113477407380732,0.1925
khong/khong_01.wav,khong,train,386,61760,3.87246875,4.980399859343253e-07,-63.01864654827724,3.5285974052529896e-05,0.00961549959998323,0.195
khong/khong_01.wav,khong,train,387,61920,3.88246875,8.728325679290406e-07,-60.585717730754205,4.671275435919618e-05,0.012450034393602195,0.1825
khong/khong_01.wav,khong,train,388,62080,3.89246875,1.3293479095501163e-06,-58.76034768477231,5.764867538699645e-05,0.014870825966161653,0.18
khong/khong_01.wav,khong,train,389,62240,3.90246875,1.1305728455907787e-06,-59.463174828760415,5.3164199551737325e-05,0.014941430557770315,0.1525
khong/khong_01.wav,khong,train,390,62400,3.91246875,1.6697651123120856e-06,-57.77084601930102,6.460969571805933e-05,0.017628497338443978,0.1675
khong/khong_01.wav,khong,train,391,62560,3.92246875,1.3002557982149041e-06,-58.856373223212714,5.701437972597142e-05,0.014640364414387978,0.1825
khong/khong_01.wav,khong,train,392,62720,3.93246875,8.153225970629172e-07,-60.88138181396083,4.514760782873543e-05,0.012359383043780734,0.2375
khong/khong_01.wav,khong,train,393,62880,3.94246875,5.477291527051373e-07,-62.60641966134071,3.700436300982417e-05,0.0105388559861818,0.1625
khong/khong_01.wav,khong,train,394,63040,3.95246875,1.019535909557723e-06,-59.911717091758504,5.048603543450711e-05,0.013105271748897024,0.155
khong/khong_01.wav,khong,train,395,63200,3.96246875,1.6714213092068528e-06,-57.766543075100515,6.464173012085252e-05,0.016466928046921528,0.155
khong/khong_01.wav,khong,train,396,63360,3.97246875,1.0340461245498686e-06,-59.850402963991904,5.0844029259832184e-05,0.013856890989961002,0.1775
khong/khong_01.wav,khong,train,397,63520,3.98246875,8.894357951946296e-07,-60.50397389842444,4.71549518925274e-05,0.011955715551087195,0.1875
khong/khong_01.wav,khong,train,398,63680,3.99246875,7.795973350045106e-07,-61.075729357537334,4.414740465204355e-05,0.011241499311522844,0.1775
khong/khong_01.wav,khong,train,399,63840,4.00246875,6.908411307173632e-07,-61.5999362226876,4.15584266640763e-05,0.01071683261778064,0.1775
khong/khong_01.wav,khong,train,400,64000,4.01246875,5.470654024327177e-07,-62.61167612645559,3.698193486125076e-05,0.009914518395881542,0.2
khong/khong_01.wav,khong,train,401,64160,4.02246875,6.602849529439733e-07,-61.79611359237269,4.062895989758947e-05,0.010612775864605285,0.1925
khong/khong_01.wav,khong,train,402,64320,4.03246875,1.3003227063200663e-06,-58.8561499229678,5.701584662004209e-05,0.014853947077285927,0.155
khong/khong_01.wav,khong,train,403,64480,4.04246875,1.6494518596092238e-06,-57.823971386532556,6.421549383928352e-05,0.01704867607755664,0.13
khong/khong_01.wav,khong,train,404,64640,4.05246875,2.0102287841561565e-06,-56.965385241098225,7.08912685765348e-05,0.01971299276874819,0.105
khong/khong_01.wav,khong,train,405,64800,4.06246875,4.720156969754265e-05,-43.26034357825979,0.00034351699265663206,0.08837069281509939,0.055
khong/khong_01.wav,khong,train,406,64960,4.07246875,0.0002677252368380179,-35.723090664087664,0.0008181155738005754,0.2527294042681212,0.0175
khong/khong_01.wav,khong,train,407,65120,4.08246875,0.0009901270965609389,-30.043086154723735,0.0015733142538610482,0.46311278447001025,0.0125
khong/khong_01.wav,khong,train,408,65280,4.09246875,0.0011905166127331346,-29.242641751803696,0.0017251931868149828,0.5276168300756421,0.0125
khong/khong_01.wav,khong,train,409,65440,4.10246875,0.0011167437013494734,-29.520460994606857,0.001670885769097841,0.4948543913646056,0.0125
khong/khong_01.wav,khong,train,410,65600,4.11246875,0.00048319480450352683,-33.15876845266224,0.0010990846242482047,0.320804956376228,0.0225
khong/khong_01.wav,khong,train,411,65760,4.12246875,4.887458516979471e-05,-43.109080299133865,0.0003495518029198058,0.10393118264038746,0.0375
khong/khong_01.wav,khong,train,412,65920,4.13246875,4.1600237753767826e-05,-43.80893747699353,0.0003224912314845468,0.08500037300648425,0.045
khong/khong_01.wav,khong,train,413,66080,4.14246875,2.0792584716319508e-05,-46.82070633885722,0.0002279944336838046,0.0687229175219336,0.0275
khong/khong_01.wav,khong,train,414,66240,4.15246875,1.5494318831848426e-05,-48.09799483284791,0.0001968141180901946,0.05273575413760883,0.07
khong/khong_01.wav,khong,train,415,66400,4.16246875,1.7798689326941431e-06,-57.49368042301096,6.670586429794129e-05,0.0200071819698511,0.1375
khong/khong_01.wav,khong,train,416,66560,4.17246875,8.384782315063315e-07,-60.75990561061672,4.5784228493727276e-05,0.011675730622911832,0.1825
khong/khong_01.wav,khong,train,417,66720,4.18246875,1.1025958212163437e-06,-59.571899526529094,5.2502281407962254e-05,0.01344631109323298,0.16
khong/khong_01.wav,khong,train,418,66880,4.19246875,1.1556052013041527e-06,-59.368148589867616,5.374953956324074e-05,0.014735001794889038,0.1275
khong/khong_01.wav,khong,train,419,67040,4.20246875,9.165152858511274e-07,-60.3738669164754,4.786740242198044e-05,0.012830460914300937,0.1425
khong/khong_01.wav,khong,train,420,67200,4.21246875,1.201182137299271e-06,-59.200297293119974,5.479922757893744e-05,0.014297739241774226,0.1375
khong/khong_01.wav,khong,train,421,67360,4.22246875,1.4708691224391614e-06,-58.321308054397306,6.063969661944149e-05,0.015353086157653168,0.1325
khong/khong_01.wav,khong,train,422,67520,4.23246875,9.858457603421161e-07,-60.05750720346373,4.964488292719896e-05,0.013037755083466262,0.16
khong/khong_02.wav,khong,train,0,0,0.01246875,0.0,-90.0,0.0,0.0,0.0
khong/khong_02.wav,khong,train,1,160,0.02246875,0.0,-90.0,0.0,0.0,0.0
khong/khong_02.wav,khong,train,2,320,0.03246875,0.0,-90.0,0.0,0.0,0.0
khong/khong_02.wav,khong,train,3,480,0.04246875,0.0,-90.0,0.0,0.0,0.0
khong/khong_02.wav,khong,train,4,640,0.05246875,0.0,-90.0,0.0,0.0,0.0
khong/khong_02.wav,khong,train,5,800,0.06246875,0.0,-90.0,0.0,0.0,0.0
khong/khong_02.wav,khong,train,6,960,0.07246875,0.0,-90.0,0.0,0.0,0.0
khong/khong_02.wav,khong,train,7,1120,0.08246875,0.0,-90.0,0.0,0.0,0.0
khong/khong_02.wav,khong,train,8,1280,0.09246875,0.0,-90.0,0.0,0.0,0.0
khong/khong_02.wav,khong,train,9,1440,0.10246875,0.0,-90.0,0.0,0.0,0.0
khong/khong_02.wav,khong,train,10,1600,0.11246875,0.0,-90.0,0.0,0.0,0.0
khong/khong_02.wav,khong,train,11,1760,0.12246875,0.0,-90.0,0.0,0.0,0.0
khong/khong_02.wav,khong,train,12,1920,0.13246875,0.0,-90.0,0.0,0.0,0.0
khong/khong_02.wav,khong,train,13,2080,0.14246875,0.0,-90.0,0.0,0.0,0.0
khong/khong_02.wav,khong,train,14,2240,0.15246875,0.0,-90.0,0.0,0.0,0.0
khong/khong_02.wav,khong,train,15,2400,0.16246875,0.0,-90.0,0.0,0.0,0.0
khong/khong_02.wav,khong,train,16,2560,0.17246875,0.0,-90.0,0.0,0.0,0.0
khong/khong_02.wav,khong,train,17,2720,0.18246875,0.0,-90.0,0.0,0.0,0.0
khong/khong_02.wav,khong,train,18,2880,0.19246875,0.0,-90.0,0.0,0.0,0.0
khong/khong_02.wav,khong,train,19,3040,0.20246875,0.0,-90.0,0.0,0.0,0.0
khong/khong_02.wav,khong,train,20,3200,0.21246875,0.0,-90.0,0.0,0.0,0.0
khong/khong_02.wav,khong,train,21,3360,0.22246875,0.0,-90.0,0.0,0.0,0.0
khong/khong_02.wav,khong,train,22,3520,0.23246875,0.0,-90.0,0.0,0.0,0.0
khong/khong_02.wav,khong,train,23,3680,0.24246875,0.0,-90.0,0.0,0.0,0.0
khong/khong_02.wav,khong,train,24,3840,0.25246875,0.0,-90.0,0.0,0.0,0.0
khong/khong_02.wav,khong,train,25,4000,0.26246875,0.0,-90.0,0.0,0.0,0.0
khong/khong_02.wav,khong,train,26,4160,0.27246875,0.0,-90.0,0.0,0.0,0.0
khong/khong_02.wav,khong,train,27,4320,0.28246875,0.0,-90.0,0.0,0.0,0.0
khong/khong_02.wav,khong,train,28,4480,0.29246875,0.0,-90.0,0.0,0.0,0.0
khong/khong_02.wav,khong,train,29,4640,0.30246875,6.96418501957447e-11,-89.70761613455949,4.17258463652161e-07,2.6282906799388864e-05,0.0225
khong/khong_02.wav,khong,train,30,4800,0.31246875,3.102278692825192e-08,-74.94540874325159,8.806643362861346e-06,0.0014550905539750278,0.18
khong/khong_02.wav,khong,train,31,4960,0.32246875,7.963699937249266e-08,-70.93465641367482,1.4110014118746715e-05,0.003570441927167105,0.2825
khong/khong_02.wav,khong,train,32,5120,0.33246875,2.4818638134857746e-05,-46.05204554714006,0.0002490915400754196,0.05286776997598891,0.205
khong/khong_02.wav,khong,train,33,5280,0.34246875,0.00012139348967082398,-39.15801026274498,0.0005508935688289164,0.13846677390025536,0.1
khong/khong_02.wav,khong,train,34,5440,0.35246875,2.686040332051739e-05,-45.70871302224381,0.00025913511591695455,0.0799220419770581,0.0975
khong/khong_02.wav,khong,train,35,5600,0.36246875,6.0118073470453364e-05,-42.20987721195078,0.00038767922781100025,0.09668228990652095,0.1125
khong/khong_02.wav,khong,train,36,5760,0.37246875,6.717682916139198e-05,-41.727740344101235,0.00040980736072388933,0.11330853980225446,0.095
khong/khong_02.wav,khong,train,37,5920,0.38246875,0.00010499924727803614,-39.788096781552035,0.00051234570184114,0.12675898210876269,0.1025
khong/khong_02.wav,khong,train,38,6080,0.39246875,2.4544250369547195e-05,-46.1003253359637,0.00024771077070621694,0.0727114328480131,0.0925
khong/khong_02.wav,khong,train,39,6240,0.40246875,1.1369501247294436e-05,-49.442203898297876,0.00016859345514650352,0.04910525455976854,0.085
khong/khong_02.wav,khong,train,40,6400,0.41246875,8.937796554399444e-06,-50.48720947083795,0.00014948073918066705,0.041584812298887275,0.055
khong/khong_02.wav,khong,train,41,6560,0.42246875,6.855927342209565e-06,-51.638704524078406,0.00013091912906647337,0.03554452601556049,0.0775
khong/khong_02.wav,khong,train,42,6720,0.43246875,0.0006449696313746008,-31.904600604381237,0.0012698126154817105,0.24320359921387572,0.08
khong/khong_02.wav,khong,train,43,6880,0.44246875,0.013452313948592708,-18.712029734392697,0.005799205537957917,1.216209280139526,0.075
khong/khong_02.wav,khong,train,44,7040,0.45246875,0.0027308208010870054,-25.63706638684725,0.0026128627982956766,0.8525914176401215,0.075
khong/khong_02.wav,khong,train,45,7200,0.46246875,0.003262500254920954,-24.864493126022786,0.002855915026274834,0.8088250056500511,0.0675
khong/khong_02.wav,khong,train,46,7360,0.47246875,0.0019127183061513077,-27.183487585319916,0.002186731754326138,0.616461815413065,0.0525
khong/khong_02.wav,khong,train,47,7520,0.48246875,0.0002775027363339996,-35.56731165123955,0.0008329206689925511,0.2313849477319702,0.035
khong/khong_02.wav,khong,train,48,7680,0.49246875,7.070448826260373e-05,-41.50546874326786,0.0004204298046719682,0.11893547457644149,0.025
khong/khong_02.wav,khong,train,49,7840,0.50246875,5.551327531096807e-05,-42.55595325136821,0.0003725361570068336,0.11354844038449391,0.015
khong/khong_02.wav,khong,train,50,8000,0.51246875,4.3175946694093e-05,-43.64748072534253,0.0003285420319156021,0.0937617729004851,0.0225
khong/khong_02.wav,khong,train,51,8160,0.52246875,2.3946707006528027e-05,-46.20736063964908,0.000244676863467554,0.06765809630519556,0.035
khong/khong_02.wav,khong,train,52,8320,0.53246875,0.0003624722187901586,-34.407240756069626,0.0009519351590184052,0.20495473936937392,0.055
khong/khong_02.wav,khong,train,53,8480,0.54246875,0.001385606550440105,-28.583597587667263,0.0018611868192366565,0.4421901088703041,0.0525
khong/khong_02.wav,khong,train,54,8640,0.55246875,0.0005804921416519169,-32.36202906950942,0.001204670226298381,0.3684582150111114,0.025
khong/khong_02.wav,khong,train,55,8800,0.56246875,0.0009944521742519857,-30.024156616524166,0.0015767467886854771,0.457312562428721,0.01
khong/khong_02.wav,khong,train,56,8960,0.57246875,0.0003998460561639582,-33.98106097086896,0.000999807551686771,0.2673753473212893,0.045
khong/khong_02.wav,khong,train,57,9120,0.58246875,2.002249642378552e-05,-46.984600854494346,0.00022373252123789202,0.06947637180853253,0.05
khong/khong_02.wav,khong,train,58,9280,0.59246875,1.8615748377071933e-05,-47.30096171110457,0.00021572985640073056,0.06347243931196833,0.0275
khong/khong_02.wav,khong,train,59,9440,0.60246875,1.7481349441680244e-05,-47.574002032238035,0.0002090535185166722,0.05499879263178307,0.06
khong/khong_02.wav,khong,train,60,9600,0.61246875,7.138615902607972e-06,-51.463251517903316,0.00013359094189547408,0.03631360392536785,0.0975
khong/khong_02.wav,khong,train,61,9760,0.62246875,1.6495133097937037e-05,-47.82617847970694,0.00020307100419518932,0.05264884258348458,0.09
khong/khong_02.wav,khong,train,62,9920,0.63246875,1.3350541571266837e-05,-48.74468587689435,0.00018269196459660478,0.04998799660832083,0.055
khong/khong_02.wav,khong,train,63,10080,0.64246875,2.130532087202974e-05,-46.71491536814291,0.00023078843597562325,0.05874779618227176,0.0525
khong/khong_02.wav,khong,train,64,10240,0.65246875,3.478703586584379e-05,-44.585700908472916,0.00029490267829338114,0.08394258508522395,0.0425
khong/khong_02.wav,khong,train,65,10400,0.66246875,0.00012579291500626873,-39.003403663876945,0.0005607872034164758,0.16040047846662225,0.03
khong/khong_02.wav,khong,train,66,10560,0.67246875,0.0001612142055661704,-37.92593998622446,0.0006348507808260348,0.19298772361502772,0.0125
khong/khong_02.wav,khong,train,67,10720,0.68246875,0.00015533427105975258,-38.087299203989176,0.0006231658508369834,0.17897025064556515,0.0125
khong/khong_02.wav,khong,train,68,10880,0.69246875,4.263083295101827e-05,-43.70265994507459,0.00032646145618977086,0.08863600409594098,0.0575
khong/khong_02.wav,khong,train,69,11040,0.70246875,3.0020915759234134e-06,-55.22431424273939,8.66327244164036e-05,0.0272028332854327,0.0825
khong/khong_02.wav,khong,train,70,11200,0.71246875,4.08382250406559e-06,-53.888268099221726,0.00010104234884524396,0.027812524090519614,0.09
khong/khong_02.wav,khong,train,71,11360,0.72246875,9.258847145891148e-06,-50.33396182242895,0.00015214176896805121,0.03888378677870302,0.08
khong/khong_02.wav,khong,train,72,11520,0.73246875,9.033396111764642e-06,-50.44100871779689,0.0001502780432378982,0.0384974930161627,0.0775
khong/khong_02.wav,khong,train,73,11680,0.74246875,4.195751591735762e-06,-53.77086736180735,0.00010241766927312594,0.029031546879121232,0.1225
khong/khong_02.wav,khong,train,74,11840,0.75246875,6.787248751974055e-06,-51.68242251559093,0.00013026174373136242,0.0340461706599435,0.1375
khong/khong_02.wav,khong,train,75,12000,0.76246875,5.763999831685501e-06,-52.39200701048911,0.00012004165768271344,0.03624337142169785,0.1375
khong/khong_02.wav,khong,train,76,12160,0.77246875,2.028864591400912e-05,-46.92725532017111,0.00022521459718460258,0.061379063218617476,0.135
khong/khong_02.wav,khong,train,77,12320,0.78246875,3.592284324562258e-05,-44.446172073309995,0.0002996783410826623,0.0896237056616677,0.1375
khong/khong_02.wav,khong,train,78,12480,0.79246875,6.428782584272109e-05,-41.91864506027025,0.00040089844675029947,0.11746630294392851,0.1375
khong/khong_02.wav,khong,train,79,12640,0.80246875,7.324263330479088e-05,-41.35230120335878,0.0004279095503280772,0.13087055376957715,0.14
khong/khong_02.wav,khong,train,80,12800,0.81246875,0.00012666031338290628,-38.97356012977013,0.0005627173210922743,0.1567461262267983,0.135
khong/khong_02.wav,khong,train,81,12960,0.82246875,9.21784802346896e-05,-40.35365745027322,0.00048004812319883515,0.13499296325369864,0.14
khong/khong_02.wav,khong,train,82,13120,0.83246875,0.00015256084832620363,-38.165540583403384,0.0006175776233118466,0.17618405027332656,0.145
khong/khong_02.wav,khong,train,83,13280,0.84246875,0.00019694675746614724,-37.05648959894811,0.0007016886016356316,0.20415272518993025,0.14
khong/khong_02.wav,khong,train,84,13440,0.85246875,0.00013465557648250205,-38.70772431258675,0.0005802059472344756,0.16305412180383977,0.14
khong/khong_02.wav,khong,train,85,13600,0.86246875,8.529801570929634e-05,-40.69055980256715,0.0004617846243361085,0.1349234584530069,0.145
khong/khong_02.wav,khong,train,86,13760,0.87246875,8.002409679767994e-05,-40.96773791864582,0.00044728094302596866,0.12220553494000669,0.15
khong/khong_02.wav,khong,train,87,13920,0.88246875,2.9024218088227987e-05,-45.37224508397032,0.0002693706465459256,0.07577027160453766,0.1525
khong/khong_02.wav,khong,train,88,14080,0.89246875,1.652183525208828e-05,-47.81915427434239,0.00020323530237195678,0.05496168621794303,0.1525
khong/khong_02.wav,khong,train,89,14240,0.90246875,1.2693582485938337e-05,-48.963815781329025,0.00017814027117652495,0.050228955187848444,0.1225
khong/khong_02.wav,khong,train,90,14400,0.91246875,6.644206023118834e-05,-41.77550373046177,0.00040755999629253463,0.10956769245683413,0.0825
khong/khong_02.wav,khong,train,91,14560,0.92246875,0.0016258838603148847,-27.889102129242556,0.002016112509456556,0.5192361247747694,0.07
khong/khong_02.wav,khong,train,92,14720,0.93246875,0.008075477045756787,-20.928317592149273,0.004493182904622509,1.221224951277466,0.075
khong/khong_02.wav,khong,train,93,14880,0.94246875,0.019609755635834347,-17.075277960502206,0.007001741861107553,1.9028217542974555,0.0825
khong/khong_02.wav,khong,train,94,15040,0.95246875,0.02251044781023316,-16.476158460094947,0.007501741099610337,2.1571930532566386,0.1
khong/khong_02.wav,khong,train,95,15200,0.96246875,0.025735825793633656,-15.894618749698674,0.008021194704287145,2.2827295694952356,0.105
khong/khong_02.wav,khong,train,96,15360,0.97246875,0.018295190719511172,-17.376630350820193,0.006762985790224458,2.0054808603218643,0.1025
khong/khong_02.wav,khong,train,97,15520,0.98246875,0.015636326466331577,-18.05865242861714,0.006252264882890754,1.8298513406786425,0.1
khong/khong_02.wav,khong,train,98,15680,0.99246875,0.014514136166759504,-18.382087769079657,0.0060237314363190825,1.7131218029427906,0.1025
khong/khong_02.wav,khong,train,99,15840,1.00246875,0.00985305742819805,-20.06428941855684,0.004963128405602169,1.4705492831625078,0.1025
khong/khong_02.wav,khong,train,100,16000,1.01246875,0.00872375884669797,-20.592962984681023,0.0046700532241875925,1.3724550225822498,0.1
khong/khong_02.wav,khong,train,101,16160,1.02246875,0.005364916272820861,-22.704369704798392,0.0036622794380074485,1.0625848471290058,0.11
khong/khong_02.wav,khong,train,102,16320,1.03246875,0.0027221901976797426,-25.650813746576265,0.002608730628907354,0.7298063032573145,0.1225
khong/khong_02.wav,khong,train,103,16480,1.04246875,0.0017766225070681694,-27.50404595901237,0.0021075000041922715,0.6024461509901058,0.13
khong/khong_02.wav,khong,train,104,16640,1.05246875,0.002380168252332946,-26.233921594389816,0.002439348402920822,0.6685489280898468,0.14
khong/khong_02.wav,khong,train,105,16800,1.06246875,0.002543346171597624,-25.94594353777048,0.00252157994697651,0.6776497828273332,0.13
khong/khong_02.wav,khong,train,106,16960,1.07246875,0.001736679350463408,-27.602801094773337,0.002083674249051065,0.5621005785467287,0.1175
khong/khong_02.wav,khong,train,107,17120,1.08246875,0.0015583666903939992,-28.073300645908827,0.001973807671984532,0.5659614432730449,0.1125
khong/khong_02.wav,khong,train,108,17280,1.09246875,0.002382790697659381,-26.229139217790845,0.002440691857680615,0.714715054849945,0.1075
khong/khong_02.wav,khong,train,109,17440,1.10246875,0.004264166327532792,-23.70165761767986,0.0032650292217424304,0.9650095843659896,0.1025
khong/khong_02.wav,khong,train,110,17600,1.11246875,0.006330884154384596,-21.985355647393774,0.003978342668242831,1.2083888065047526,0.0975
khong/khong_02.wav,khong,train,111,17760,1.12246875,0.01197269284193828,-19.218081228547707,0.005470990047957106,1.611315860327826,0.1
khong/khong_02.wav,khong,train,112,17920,1.13246875,0.017413377128334226,-17.591169692514573,0.006597987785744649,1.950102804124855,0.1
khong/khong_02.wav,khong,train,113,18080,1.14246875,0.020095528782681824,-16.969005399241755,0.007087934957144045,2.092821529466317,0.1
khong/khong_02.wav,khong,train,114,18240,1.15246875,0.02410405917387659,-16.179097971515787,0.007762741006544755,2.3192803180259602,0.0975
khong/khong_02.wav,khong,train,115,18400,1.16246875,0.0319208926396621,-14.959249588832929,0.008933209479193648,2.5949159636067365,0.0975
khong/khong_02.wav,khong,train,116,18560,1.17246875,0.03070809692745946,-15.127470831072811,0.008761862947949405,2.5966041208395603,0.0975
khong/khong_02.wav,khong,train,117,18720,1.18246875,0.0312268483584542,-15.05471831820499,0.008835560021647496,2.6662117428458862,0.1
khong/khong_02.wav,khong,train,118,18880,1.19246875,0.029758962367684258,-15.263822012019538,0.008625393087808268,2.593881859072929,0.1
khong/khong_02.wav,khong,train,119,19040,1.20246875,0.02478710551567475,-16.057741669642528,0.00787196060643007,2.2893169991598707,0.105
khong/khong_02.wav,khong,train,120,19200,1.21246875,0.019859316477794355,-17.02035681355301,0.00704615435500003,1.8934555867467153,0.105
khong/khong_02.wav,khong,train,121,19360,1.22246875,0.009487584836708644,-20.228442819011775,0.004870211709132531,1.3543685081971506,0.1075
khong/khong_02.wav,khong,train,122,19520,1.23246875,0.008506570946994859,-20.702454204612685,0.004611553682598431,1.2850671472798796,0.0975
khong/khong_02.wav,khong,train,123,19680,1.24246875,0.004878550799668556,-23.117090793814633,0.003492331169744844,1.0030297051827937,0.075
khong/khong_02.wav,khong,train,124,19840,1.25246875,0.002271419703766167,-26.437024199842455,0.002382970679512322,0.6911918838111211,0.055
khong/khong_02.wav,khong,train,125,20000,1.26246875,0.001695585119577846,-27.706801473146104,0.0020588741581127816,0.5973148852843271,0.04
khong/khong_02.wav,khong,train,126,20160,1.27246875,0.0016449367886738637,-27.83850522362369,0.0020278910157315306,0.6117978079325184,0.03
khong/khong_02.wav,khong,train,127,20320,1.28246875,0.0017636857971151704,-27.535785361892252,0.002099812966144348,0.6388843043714467,0.025
khong/khong_02.wav,khong,train,128,20480,1.29246875,0.0015710081863706147,-28.038212754448118,0.001981797281743654,0.6139887922510017,0.025
khong/khong_02.wav,khong,train,129,20640,1.30246875,0.0014586710587319958,-28.3604233599674,0.0019096276199379789,0.5897661401800692,0.025
khong/khong_02.wav,khong,train,130,20800,1.31246875,0.0011481231664091016,-29.400111416677504,0.0016941983107129914,0.5205158262553788,0.0275
khong/khong_02.wav,khong,train,131,20960,1.32246875,0.0007432020696831374,-31.28892505225805,0.001363086634887102,0.42424023175348247,0.0275
khong/khong_02.wav,khong,train,132,21120,1.33246875,0.0005344242354678176,-32.72113042737485,0.0011558808713139706,0.3584635460501438,0.025
khong/khong_02.wav,khong,train,133,21280,1.34246875,0.0003641242606416757,-34.38749191495204,0.0009541020132062342,0.2959178577496715,0.025
khong/khong_02.wav,khong,train,134,21440,1.35246875,0.0002519570418349083,-35.98671775554736,0.000793657737684999,0.2471690251093912,0.025
khong/khong_02.wav,khong,train,135,21600,1.36246875,0.000196819992769215,-37.0592858193311,0.0007014627445011156,0.21497593473867949,0.025
khong/khong_02.wav,khong,train,136,21760,1.37246875,0.00014181167635133227,-38.48284946703203,0.0005954235390697371,0.18262746194033264,0.0225
khong/khong_02.wav,khong,train,137,21920,1.38246875,0.00012467869065266104,-39.042042839377785,0.0005582980625361802,0.168718674452583,0.0225
khong/khong_02.wav,khong,train,138,22080,1.39246875,0.00010279622169423466,-39.8801862288129,0.0005069423579023424,0.15773453610545457,0.0225
khong/khong_02.wav,khong,train,139,22240,1.40246875,0.00011387559629723528,-39.435655221311585,0.0005335625462334179,0.16185251421570587,0.025
khong/khong_02.wav,khong,train,140,22400,1.41246875,9.293773390195326e-05,-40.318032481810214,0.00048202109368251006,0.1515356929187236,0.025
khong/khong_02.wav,khong,train,141,22560,1.42246875,0.00010741141501802162,-39.68945518802109,0.0005181973924529668,0.15821161860383903,0.025
khong/khong_02.wav,khong,train,142,22720,1.43246875,9.593843238626312e-05,-40.18002855311887,0.0004897408304048763,0.15390048790478295,0.03
khong/khong_02.wav,khong,train,143,22880,1.44246875,9.789654807269748e-05,-40.092281853350904,0.0004947134222777302,0.1517147163113358,0.03
khong/khong_02.wav,khong,train,144,23040,1.45246875,0.00010718238002403746,-39.69872551615579,0.0005176446175322348,0.15924649554265508,0.025
khong/khong_02.wav,khong,train,145,23200,1.46246875,0.00012046403299697725,-39.19138996078664,0.0005487805412844401,0.16841461580775602,0.025
khong/khong_02.wav,khong,train,146,23360,1.47246875,0.00011251434633057877,-39.48788238689076,0.0005303638994374022,0.16592456629125168,0.0275
khong/khong_02.wav,khong,train,147,23520,1.48246875,0.00010461840054222987,-39.80387772761532,0.0005114156835252265,0.1577608449735758,0.0325
khong/khong_02.wav,khong,train,148,23680,1.49246875,0.0001174890377782872,-39.29998956552587,0.0005419618016481586,0.1645691940182005,0.035
khong/khong_02.wav,khong,train,149,23840,1.50246875,0.00011342212086832266,-39.452984071536676,0.0005324991100187931,0.16216617339794093,0.03
khong/khong_02.wav,khong,train,150,24000,1.51246875,9.034096264747582e-05,-40.44110478776729,0.0004752393151020752,0.14537797093550664,0.025
khong/khong_02.wav,khong,train,151,24160,1.52246875,7.811356087807939e-05,-41.072680042842606,0.0004419093823344312,0.13106510046067146,0.0225
khong/khong_02.wav,khong,train,152,24320,1.53246875,5.377112396421437e-05,-42.69442808832157,0.00036664398250964915,0.10691280954384372,0.0225
khong/khong_02.wav,khong,train,153,24480,1.54246875,2.8248506454083154e-05,-45.489891353185484,0.0002657466201764528,0.07762400204423484,0.0325
khong/khong_02.wav,khong,train,154,24640,1.55246875,1.1039274641518187e-05,-49.57020122819476,0.00016612701948748575,0.04920479966590583,0.0475
khong/khong_02.wav,khong,train,155,24800,1.56246875,7.4898292381773215e-06,-51.2547010304414,0.00013683776194984814,0.03825414631261817,0.095
khong/khong_02.wav,khong,train,156,24960,1.57246875,2.6069310093577034e-06,-55.83703901686882,8.072996670006905e-05,0.023032815979511775,0.1175
khong/khong_02.wav,khong,train,157,25120,1.58246875,6.440678630910459e-06,-51.91000945505719,0.0001268924606794121,0.029432950147930396,0.125
khong/khong_02.wav,khong,train,158,25280,1.59246875,2.3691660457637295e-06,-56.25221227731295,7.696047761292367e-05,0.021792770211381634,0.1275
khong/khong_02.wav,khong,train,159,25440,1.60246875,3.209245482369242e-06,-54.93461756516608,8.957183545023014e-05,0.022308799070247326,0.15
khong/khong_02.wav,khong,train,160,25600,1.61246875,1.6775582962830525e-06,-57.7506357111874,6.476029447669021e-05,0.018948109280011824,0.105
khong/khong_02.wav,khong,train,161,25760,1.62246875,1.2870565256332993e-06,-58.90065077789898,5.672425684029054e-05,0.014942048074831212,0.1225
khong/khong_02.wav,khong,train,162,25920,1.63246875,1.1696381951481502e-06,-59.31577309991647,5.407490626779094e-05,0.013726316648588227,0.1275
khong/khong_02.wav,khong,train,163,26080,1.64246875,9.949415123693587e-07,-60.0176616519184,4.987337747659964e-05,0.014122297050151566,0.1275
khong/khong_02.wav,khong,train,164,26240,1.65246875,3.270830094130521e-06,-54.85209257292113,9.042718194949073e-05,0.021986831828003553,0.125
khong/khong_02.wav,khong,train,165,26400,1.66246875,6.412527795747922e-06,-51.92903018721626,0.0001266148470337101,0.03077892676203322,0.12
khong/khong_02.wav,khong,train,166,26560,1.67246875,2.6342632626143617e-06,-55.79175992296002,8.115206809771335e-05,0.022735227494718475,0.12
khong/khong_02.wav,khong,train,167,26720,1.68246875,2.5731718821265726e-06,-55.89362457832999,8.020554659944929e-05,0.02130722133318589,0.125
khong/khong_02.wav,khong,train,168,26880,1.69246875,2.661842529871812e-06,-55.74654515284607,8.157577045103239e-05,0.023614077171257443,0.09
khong/khong_02.wav,khong,train,169,27040,1.70246875,3.201491581826775e-06,-54.94512003182335,8.946356216117787e-05,0.025519628990674937,0.0875
khong/khong_02.wav,khong,train,170,27200,1.71246875,1.9648305730917536e-06,-57.06453914958652,7.008620715040431e-05,0.020264439389766915,0.0825
khong/khong_02.wav,khong,train,171,27360,1.72246875,3.4422273732673066e-06,-54.63034297744098,9.276620307616489e-05,0.021522150566425667,0.105
khong/khong_02.wav,khong,train,172,27520,1.73246875,1.805975776403952e-06,-57.43047669378531,6.719329907818101e-05,0.017968553097808884,0.1525
khong/khong_02.wav,khong,train,173,27680,1.74246875,8.790526124812653e-07,-60.55491363500656,4.687890283702428e-05,0.011736530573502123,0.1875
khong/khong_02.wav,khong,train,174,27840,1.75246875,8.224989765424992e-07,-60.84336936241915,4.53458646555146e-05,0.01169641005992639,0.2
khong/khong_02.wav,khong,train,175,28000,1.76246875,1.0773390740278252e-06,-59.67244657679113,5.189747281968134e-05,0.012989081553684372,0.19
khong/khong_02.wav,khong,train,176,28160,1.77246875,1.349620058200756e-06,-58.69466804814844,5.8086574571942954e-05,0.014992687950874235,0.1625
khong/khong_02.wav,khong,train,177,28320,1.78246875,2.4250984860253603e-06,-56.15091573185359,7.786363859378394e-05,0.020266366837414257,0.1275
khong/khong_02.wav,khong,train,178,28480,1.79246875,1.3995326861537234e-06,-58.53706750995681,5.91509231997634e-05,0.016237352324826072,0.14
khong/khong_02.wav,khong,train,179,28640,1.80246875,1.3074188557065007e-06,-58.83253205856839,5.717120900651176e-05,0.014218779697782513,0.165
khong/khong_02.wav,khong,train,180,28800,1.81246875,1.2074926822618249e-06,-59.177559750146514,5.4942985955029436e-05,0.01466635207430942,0.135
khong/khong_02.wav,khong,train,181,28960,1.82246875,1.0650419441946745e-06,-59.7222570734141,5.1600434692807446e-05,0.013768426315042912,0.14
khong/khong_02.wav,khong,train,182,29120,1.83246875,6.765168490140527e-07,-61.6907989994752,4.112532215722002e-05,0.01145012817444262,0.1625
khong/khong_02.wav,khong,train,183,29280,1.84246875,1.2546907151529372e-06,-59.011173170025586,5.6006488801587475e-05,0.0147822976479214,0.155
khong/khong_02.wav,khong,train,184,29440,1.85246875,1.7449040555903172e-06,-57.579796261932145,6.604740826842333e-05,0.01740232856787178,0.115
khong/khong_02.wav,khong,train,185,29600,1.86246875,1.2490926572452783e-06,-59.030577957607626,5.588140695359411e-05,0.013905062566598046,0.1475
khong/khong_02.wav,khong,train,186,29760,1.87246875,9.95632001978161e-07,-60.014651716909654,4.989068054201509e-05,0.013262957072089104,0.155
khong/khong_02.wav,khong,train,187,29920,1.88246875,1.6032404920651522e-06,-57.947305259846445,6.330956665593977e-05,0.015087458745299494,0.165
khong/khong_02.wav,khong,train,188,30080,1.89246875,9.266018621000877e-07,-60.32638388215399,4.813008056559036e-05,0.01219243637185,0.1775
khong/khong_02.wav,khong,train,189,30240,1.90246875,8.697891630564408e-07,-60.60086984378387,4.663124389978356e-05,0.011982928740753884,0.185
khong/khong_02.wav,khong,train,190,30400,1.91246875,1.2390648599878943e-06,-59.06555599032788,5.565664515554038e-05,0.015601290415890656,0.1775
khong/khong_02.wav,khong,train,191,30560,1.92246875,2.0813649792713582e-06,-56.81443148700729,7.213468269964452e-05,0.01858431939807127,0.1625
khong/khong_02.wav,khong,train,192,30720,1.93246875,1.782714523419056e-06,-57.48674651543202,6.675916647583041e-05,0.016867336380866738,0.175
khong/khong_02.wav,khong,train,193,30880,1.94246875,1.36119755839205e-06,-58.65759902483751,5.833518574565547e-05,0.01570994678851803,0.16
khong/khong_02.wav,khong,train,194,31040,1.95246875,1.6114758580980547e-06,-57.92506778877677,6.347195951950071e-05,0.01607891269004807,0.1425
khong/khong_02.wav,khong,train,195,31200,1.96246875,1.1793266728029053e-06,-59.27997778658902,5.429840404659481e-05,0.01485204262535199,0.12
khong/khong_02.wav,khong,train,196,31360,1.97246875,3.8138162260004587e-06,-54.18526378798566,9.764497204158106e-05,0.02367368280121431,0.1425
khong/khong_02.wav,khong,train,197,31520,1.98246875,2.2360722755754682e-06,-56.50319984443138,7.47675109184375e-05,0.021403452906522152,0.14
khong/khong_02.wav,khong,train,198,31680,1.99246875,3.0449754176592726e-06,-55.162736059303796,8.724928964838728e-05,0.022591734187681227,0.16
khong/khong_02.wav,khong,train,199,31840,2.00246875,2.5579938189636577e-06,-55.91930763113681,7.996864727759963e-05,0.021152072248017205,0.12
khong/khong_02.wav,khong,train,200,32000,2.01246875,1.8714242061447797e-06,-57.27595753078053,6.84000037672656e-05,0.019216381960406804,0.1275
khong/khong_02.wav,khong,train,201,32160,2.02246875,1.8837574313891997e-06,-57.247445356374456,6.862502151892559e-05,0.01716845742868307,0.1525
khong/khong_02.wav,khong,train,202,32320,2.03246875,8.330369093942407e-07,-60.78814729708114,4.5635427832831824e-05,0.012425854998034492,0.205
khong/khong_02.wav,khong,train,203,32480,2.04246875,9.321140419899427e-07,-60.30065275031362,4.8273026681314036e-05,0.012286644150481116,0.24
khong/khong_02.wav,khong,train,204,32640,2.05246875,6.695951069727847e-07,-61.735396197447656,4.091439560145013e-05,0.010973065526090404,0.2175
khong/khong_02.wav,khong,train,205,32800,2.06246875,1.2673829404692741e-06,-58.96749607791182,5.628905178783158e-05,0.013945844814562382,0.15
khong/khong_02.wav,khong,train,206,32960,2.07246875,2.135296988178848e-06,-56.703383717926286,7.306327716744657e-05,0.017657978220829193,0.1475
khong/khong_02.wav,khong,train,207,33120,2.08246875,1.6764326007822553e-06,-57.753549207544395,6.473856271153723e-05,0.016676551867567342,0.2
khong/khong_02.wav,khong,train,208,33280,2.09246875,6.846647957314761e-07,-61.63888148058391,4.137223693890252e-05,0.011383335970765244,0.2225
khong/khong_02.wav,khong,train,209,33440,2.10246875,7.654880315939966e-07,-61.154946220924046,4.3746086441932054e-05,0.011479727157626692,0.195
khong/khong_02.wav,khong,train,210,33600,2.11246875,1.1066235700200466e-06,-59.55607811123709,5.2598088606432426e-05,0.013184761261863742,0.185
khong/khong_02.wav,khong,train,211,33760,2.12246875,1.1780690280548726e-06,-59.28460768589582,5.42694441664661e-05,0.014381898159875207,0.16
khong/khong_02.wav,khong,train,212,33920,2.13246875,2.591260897199605e-06,-55.86321291184119,8.048696939877295e-05,0.02127657937474914,0.13
khong/khong_02.wav,khong,train,213,34080,2.14246875,3.893924573690986e-06,-54.09500948144682,9.866514802212311e-05,0.025763844502436767,0.1125
khong/khong_02.wav,khong,train,214,34240,2.15246875,1.8788599249034263e-06,-57.258745103681875,6.853575572107282e-05,0.01944489498112415,0.125
khong/khong_02.wav,khong,train,215,34400,2.16246875,1.8080440381819693e-06,-57.4255086083138,6.723176403646511e-05,0.01822185476986153,0.1325
khong/khong_02.wav,khong,train,216,34560,2.17246875,1.6685055290411423e-06,-57.77412138317857,6.458532203684407e-05,0.018323978719569704,0.115
khong/khong_02.wav,khong,train,217,34720,2.18246875,2.1550204556789366e-06,-56.66347123009259,7.339993964028404e-05,0.01804232052908836,0.145
khong/khong_02.wav,khong,train,218,34880,2.19246875,1.7281774910402245e-06,-57.621604263772525,6.573008236416991e-05,0.016977226217960377,0.125
khong/khong_02.wav,khong,train,219,35040,2.20246875,2.276593018950679e-06,-56.425238770148795,7.544191505639751e-05,0.017577098741002734,0.1425
khong/khong_02.wav,khong,train,220,35200,2.21246875,1.5840961567397148e-06,-57.999443870268124,6.29304408998482e-05,0.01656795007748966,0.16
khong/khong_02.wav,khong,train,221,35360,2.22246875,1.2520944242930551e-06,-59.020162024261545,5.594851258731226e-05,0.01501928473816519,0.155
khong/khong_02.wav,khong,train,222,35520,2.23246875,6.046431091374954e-07,-62.177832197130556,3.887940036630887e-05,0.010368695680006371,0.1875
khong/khong_02.wav,khong,train,223,35680,2.24246875,9.029883509034123e-07,-60.43837165952694,4.7512849601539696e-05,0.01230534509958342,0.17
khong/khong_02.wav,khong,train,224,35840,2.25246875,1.3916410220509637e-06,-58.561608162637164,5.8983917766857514e-05,0.015856689707160254,0.1575
khong/khong_02.wav,khong,train,225,36000,2.26246875,1.6826775232636143e-06,-57.737410858044555,6.485903027458117e-05,0.017460848615772018,0.165
khong/khong_02.wav,khong,train,226,36160,2.27246875,1.2081358370439299e-06,-59.175249067779596,5.495761632940265e-05,0.014263287115567727,0.175
khong/khong_02.wav,khong,train,227,36320,2.28246875,1.0553210137611914e-06,-59.76204080553092,5.1364409218864556e-05,0.012944354801111295,0.1825
khong/khong_02.wav,khong,train,228,36480,2.29246875,1.09638387585479e-06,-59.59641425294245,5.235417547471238e-05,0.013738518420816635,0.2
khong/khong_02.wav,khong,train,229,36640,2.30246875,1.0973768705769171e-06,-59.59248620970296,5.237787869360779e-05,0.013470057883292036,0.2025
khong/khong_02.wav,khong,train,230,36800,2.31246875,8.455402490206996e-07,-60.72352388397289,4.597663126580446e-05,0.012052882382196137,0.215
khong/khong_02.wav,khong,train,231,36960,2.32246875,1.2257993834177805e-06,-59.112264509633725,5.535791233910877e-05,0.014366058159249696,0.175
khong/khong_02.wav,khong,train,232,37120,2.33246875,1.9976385259868222e-06,-56.99265745333953,7.066892043159465e-05,0.018126795132030634,0.18
khong/khong_02.wav,khong,train,233,37280,2.34246875,1.626111701937837e-06,-57.885826315314794,6.37595424610669e-05,0.015839687007230978,0.2075
khong/khong_02.wav,khong,train,234,37440,2.35246875,1.4391613823423987e-06,-58.41588838784135,5.998252625436842e-05,0.015737863707139428,0.1925
khong/khong_02.wav,khong,train,235,37600,2.36246875,1.9928458682523804e-06,-57.003084173155926,7.058409644268992e-05,0.02065924098858031,0.14
khong/khong_02.wav,khong,train,236,37760,2.37246875,4.837452708391944e-06,-53.15293499438706,0.00010997104969481676,0.02833240784713028,0.0975
khong/khong_02.wav,khong,train,237,37920,2.38246875,5.536091364079401e-06,-52.56718310407487,0.00011764450012728391,0.031533229202774266,0.0775
khong/khong_02.wav,khong,train,238,38080,2.39246875,3.983845840186863e-06,-53.99588475284482,9.979786871705807e-05,0.02920370904913818,0.0425
khong/khong_02.wav,khong,train,239,38240,2.40246875,3.216170045642875e-06,-54.92525983570319,8.966841759564617e-05,0.025052207221313953,0.065
khong/khong_02.wav,khong,train,240,38400,2.41246875,3.1805801611169486e-06,-54.973571300759794,8.917090558468256e-05,0.02388085802558968,0.1225
khong/khong_02.wav,khong,train,241,38560,2.42246875,9.47198140074466e-07,-60.2310090090083,4.866205246581945e-05,0.013377600070183474,0.17
khong/khong_02.wav,khong,train,242,38720,2.43246875,5.739955665790918e-07,-62.4033550386282,3.788124755664377e-05,0.009566849704050605,0.2075
khong/khong_02.wav,khong,train,243,38880,2.44246875,1.0383693138764636e-06,-59.83230109343879,5.095020397104568e-05,0.013009197319603271,0.1675
khong/khong_02.wav,khong,train,244,39040,2.45246875,1.3545500008338163e-06,-58.67884458396502,5.8192568271941224e-05,0.01580572132086337,0.165
khong/khong_02.wav,khong,train,245,39200,2.46246875,8.475519198576906e-07,-60.713215796069406,4.6031291527006135e-05,0.011681439076351465,0.19
khong/khong_02.wav,khong,train,246,39360,2.47246875,9.761195260471892e-07,-60.10052308003135,4.9399380715935834e-05,0.011935767897139684,0.2
khong/khong_02.wav,khong,train,247,39520,2.48246875,1.0208317914188875e-06,-59.90620589593654,5.0518110401589834e-05,0.013485137678083136,0.145
khong/khong_02.wav,khong,train,248,39680,2.49246875,2.0562003088640085e-06,-56.867234191468235,7.169728566800852e-05,0.01813446836418888,0.1375
khong/khong_02.wav,khong,train,249,39840,2.50246875,3.1207953239571154e-06,-55.055955742364134,8.832886453415321e-05,0.02327292205071984,0.105
khong/khong_02.wav,khong,train,250,40000,2.51246875,2.209276278174471e-06,-56.55553437361327,7.431817204046516e-05,0.020093643284308883,0.0925
khong/khong_02.wav,khong,train,251,40160,2.52246875,1.4524878013185485e-06,-58.375886087798776,6.0259600922146604e-05,0.01594756538999501,0.125
khong/khong_02.wav,khong,train,252,40320,2.53246875,1.6301442614879007e-06,-57.875076274345645,6.383855146946673e-05,0.017328549007232415,0.135
khong/khong_02.wav,khong,train,253,40480,2.54246875,1.1038597309769296e-06,-59.566928549467505,5.253236457120814e-05,0.014086278983856892,0.135
khong/khong_02.wav,khong,train,254,40640,2.55246875,6.270048195546492e-07,-62.02037023304272,3.959181795379726e-05,0.010465361833152085,0.1775
khong/khong_02.wav,khong,train,255,40800,2.56246875,1.2817776449546616e-06,-58.9184861715444,5.6607809641308805e-05,0.014163716297917826,0.1625
khong/khong_02.wav,khong,train,256,40960,2.57246875,9.335342053138233e-07,-60.29404798183297,4.8309786930647484e-05,0.013276169437059235,0.1375
khong/khong_02.wav,khong,train,257,41120,2.58246875,9.924538336239306e-07,-60.02852310001808,4.981098858745755e-05,0.012866432140525613,0.1775
khong/khong_02.wav,khong,train,258,41280,2.59246875,7.494159966656258e-07,-61.24697916647166,4.3284408181977775e-05,0.011063122702445808,0.215
khong/khong_02.wav,khong,train,259,41440,2.60246875,6.359861798724904e-07,-61.95869990066889,3.987437083743424e-05,0.010741842435630774,0.2125
khong/khong_02.wav,khong,train,260,41600,2.61246875,1.4226430690582776e-06,-58.46598881885237,5.963730101744791e-05,0.014857677686378004,0.195
khong/khong_02.wav,khong,train,261,41760,2.62246875,8.450589843313515e-07,-60.72599358383371,4.596354491146629e-05,0.01147404378130016,0.215
khong/khong_02.wav,khong,train,262,41920,2.63246875,3.6080999056537843e-07,-64.41519445249807,3.0033730644284704e-05,0.00791898058766156,0.2325
khong/khong_02.wav,khong,train,263,42080,2.64246875,4.400446160910992e-07,-63.555174750626136,3.316792939313137e-05,0.008671611178547499,0.205
khong/khong_02.wav,khong,train,264,42240,2.65246875,7.920882080405668e-07,-61.006785073420964,4.449966876395168e-05,0.01150529534313104,0.18
khong/khong_02.wav,khong,train,265,42400,2.66246875,8.895029683634804e-07,-60.50364628540174,4.715673250882318e-05,0.011733363653310154,0.14
khong/khong_02.wav,khong,train,266,42560,2.67246875,6.60034836801243e-07,-61.79775652417724,4.0621264037485435e-05,0.010307944213993291,0.1575
khong/khong_02.wav,khong,train,267,42720,2.68246875,7.000445385906533e-07,-61.54254389665729,4.183433215047939e-05,0.010758871751859488,0.1775
khong/khong_02.wav,khong,train,268,42880,2.69246875,3.932627595445375e-07,-64.0421424267854,3.135533286159379e-05,0.008425243438955437,0.195
khong/khong_02.wav,khong,train,269,43040,2.70246875,6.328359015457774e-07,-61.98023165269353,3.9775491874575776e-05,0.009767968867388701,0.2025
khong/khong_02.wav,khong,train,270,43200,2.71246875,6.44495806980441e-07,-61.901065744838064,4.014024809902279e-05,0.010746911514698632,0.2
khong/khong_02.wav,khong,train,271,43360,2.72246875,8.046033978353676e-07,-60.93878710704142,4.4849843863590195e-05,0.012287415458588292,0.185
khong/khong_02.wav,khong,train,272,43520,2.73246875,9.046512927240873e-07,-60.430389886334964,4.7556579269436716e-05,0.012025310187281476,0.1625
khong/khong_02.wav,khong,train,273,43680,2.74246875,8.654285255828169e-07,-60.622672577917,4.6514205507103335e-05,0.011488761316233232,0.2175
khong/khong_02.wav,khong,train,274,43840,2.75246875,5.724026729252024e-07,-62.415402869145424,3.7828648962301125e-05,0.010482729899478169,0.1775
khong/khong_02.wav,khong,train,275,44000,2.76246875,1.179805559799022e-06,-59.278216106494625,5.430942735379885e-05,0.014181012128022363,0.1775
khong/khong_02.wav,khong,train,276,44160,2.77246875,1.3225670457197968e-06,-58.78254054476989,5.75014574971756e-05,0.014270955168005417,0.18
khong/khong_02.wav,khong,train,277,44320,2.78246875,1.272609207795909e-06,-58.94963809781895,5.640499108669172e-05,0.015151478948028645,0.1725
khong/khong_02.wav,khong,train,278,44480,2.79246875,1.2156549344419105e-06,-59.14832578152261,5.512837142619739e-05,0.014878036680084347,0.1725
khong/khong_02.wav,khong,train,279,44640,2.80246875,1.3785617521939684e-06,-58.60258854781137,5.870608469728603e-05,0.01498472607068759,0.1625
khong/khong_02.wav,khong,train,280,44800,2.81246875,1.7638341067768694e-06,-57.532961117478,6.640470816848888e-05,0.01597148804330256,0.165
khong/khong_02.wav,khong,train,281,44960,2.82246875,1.4523165877386256e-06,-58.37639769507,6.0256049234467435e-05,0.015781095693503753,0.175
khong/khong_02.wav,khong,train,282,45120,2.83246875,1.6253785951853953e-06,-57.887783500943414,6.374516834995016e-05,0.017011190005654337,0.1675
khong/khong_02.wav,khong,train,283,45280,2.84246875,1.3379271196765787e-06,-58.73243061810777,5.783439979105383e-05,0.014857489073177858,0.165
khong/khong_02.wav,khong,train,284,45440,2.85246875,9.058778010307044e-07,-60.424512288312286,4.758880648405422e-05,0.012452687690831351,0.185
khong/khong_02.wav,khong,train,285,45600,2.86246875,1.249571111101604e-06,-59.0289160798709,5.589210836740738e-05,0.013820770623944668,0.21
khong/khong_02.wav,khong,train,286,45760,2.87246875,1.3761712422720176e-06,-58.61012054695925,5.86551626515522e-05,0.014008657906741504,0.2225
khong/khong_02.wav,khong,train,287,45920,2.88246875,9.693563947584375e-07,-60.130687277446235,4.922794924528234e-05,0.012535866825331147,0.215
khong/khong_02.wav,khong,train,288,46080,2.89246875,1.2660210580524883e-06,-58.972161670265855,5.6258800601605616e-05,0.014887750624298646,0.2075
khong/khong_02.wav,khong,train,289,46240,2.90246875,1.161016712528636e-06,-59.34787625726436,5.387524274953747e-05,0.014923928794821715,0.1725
khong/khong_02.wav,khong,train,290,46400,2.91246875,1.153058383383748e-06,-59.377722198284495,5.369027806278684e-05,0.013907432626777148,0.2
khong/khong_02.wav,khong,train,291,46560,2.92246875,1.1561547677995673e-06,-59.36608550895972,5.376231876973796e-05,0.013738727830765917,0.1975
khong/khong_02.wav,khong,train,292,46720,2.93246875,1.2332732367123852e-06,-59.0858868790347,5.5526417962812645e-05,0.014165471179762681,0.21
khong/khong_02.wav,khong,train,293,46880,2.94246875,8.836752605088671e-07,-60.532161173817684,4.7002001566658493e-05,0.013771844307516191,0.1725
khong/khong_02.wav,khong,train,294,47040,2.95246875,3.4606507648144466e-06,-54.60716748870942,9.3014122110764e-05,0.02549619322313429,0.12
khong/khong_02.wav,khong,train,295,47200,2.96246875,4.85912312081252e-06,-53.133527286775845,0.00011021709396473534,0.029308077840517928,0.075
khong/khong_02.wav,khong,train,296,47360,2.97246875,2.200812415459312e-06,-56.57219683729899,7.417567686680237e-05,0.020674056249724192,0.1175
khong/khong_02.wav,khong,train,297,47520,2.98246875,1.9270248581799993e-06,-57.14887371003308,6.940866044990349e-05,0.018578836803052022,0.15
khong/khong_02.wav,khong,train,298,47680,2.99246875,1.7472057742102454e-06,-57.57407449651083,6.609095577706237e-05,0.018098139598882367,0.185
khong/khong_02.wav,khong,train,299,47840,3.00246875,2.0508756296199855e-06,-56.8784896666289,7.160439284045332e-05,0.01794235139158154,0.1925
khong/khong_02.wav,khong,train,300,48000,3.01246875,1.7367372872868338e-06,-57.60015879961972,6.589266437333586e-05,0.01728654801920899,0.195
khong/khong_02.wav,khong,train,301,48160,3.02246875,1.4127889043333e-06,-58.496154310816586,5.943039845763488e-05,0.01645968921303205,0.1525
khong/khong_02.wav,khong,train,302,48320,3.03246875,1.7212141063387396e-06,-57.63912857864224,6.559752484543033e-05,0.01783621853917773,0.1325
khong/khong_02.wav,khong,train,303,48480,3.04246875,1.2748304934772957e-06,-58.942070220392495,5.6454195890945424e-05,0.015837290470249135,0.16
khong/khong_02.wav,khong,train,304,48640,3.05246875,1.0452665857004164e-06,-59.803576443907254,5.111913990132308e-05,0.013583299586409449,0.18
khong/khong_02.wav,khong,train,305,48800,3.06246875,1.6593068200256974e-06,-57.798116481459665,6.440704192915743e-05,0.015971267213541827,0.2
khong/khong_02.wav,khong,train,306,48960,3.07246875,9.727147990123332e-07,-60.11568229315302,4.9313152378760306e-05,0.013632832600563291,0.185
khong/khong_02.wav,khong,train,307,49120,3.08246875,1.2438060214035578e-06,-59.04898319570314,5.576302586399786e-05,0.015182937291715305,0.18
khong/khong_02.wav,khong,train,308,49280,3.09246875,1.6513751780305448e-06,-57.81891337615406,6.42529216851371e-05,0.01739053924197707,0.1375
khong/khong_02.wav,khong,train,309,49440,3.10246875,1.4511927755735784e-06,-58.379757281189235,6.0232731458352e-05,0.017124518200683093,0.13
khong/khong_02.wav,khong,train,310,49600,3.11246875,4.441671569627253e-06,-53.52355791366534,0.00010537636795822929,0.025151931782544115,0.145
khong/khong_02.wav,khong,train,311,49760,3.12246875,3.1963978707920513e-06,-54.95203318580289,8.939236363907225e-05,0.023561747391407338,0.1225
khong/khong_02.wav,khong,train,312,49920,3.13246875,2.2292746958893145e-06,-56.51641642977941,7.465377913892428e-05,0.022373302754178738,0.095
khong/khong_02.wav,khong,train,313,50080,3.14246875,7.206990424766368e-06,-51.42185798953784,0.00013422919228661074,0.037783620282817176,0.0675
khong/khong_02.wav,khong,train,314,50240,3.15246875,1.3387452960345116e-05,-48.732696029432816,0.00018294434235816858,0.050137668330480174,0.035
khong/khong_02.wav,khong,train,315,50400,3.16246875,1.6085510930703696e-05,-47.93538141597584,0.00020053373114456142,0.05544282863296284,0.0425
khong/khong_02.wav,khong,train,316,50560,3.17246875,5.6200025506831665e-06,-52.50186217634055,0.0001185327228098128,0.0334368537476411,0.0625
khong/khong_02.wav,khong,train,317,50720,3.18246875,2.6772965651623244e-06,-55.721413356576555,8.181223266056129e-05,0.021779917664196183,0.105
khong/khong_02.wav,khong,train,318,50880,3.19246875,1.7786131414934834e-06,-57.496743958791335,6.668232789678019e-05,0.015164018142714713,0.1425
khong/khong_02.wav,khong,train,319,51040,3.20246875,8.645992567496763e-07,-60.62683125146069,4.649191480111559e-05,0.012071288503093913,0.18
khong/khong_02.wav,khong,train,320,51200,3.21246875,1.1292588440959565e-06,-59.46822085995023,5.3133295683967234e-05,0.01443229656513583,0.1775
khong/khong_02.wav,khong,train,321,51360,3.22246875,1.7800804481411834e-06,-57.493164638075385,6.670982776437785e-05,0.017556060376539243,0.1675
khong/khong_02.wav,khong,train,322,51520,3.23246875,1.4931058795423622e-06,-58.25618625230345,6.109635585577838e-05,0.016302879273069386,0.175
khong/khong_02.wav,khong,train,323,51680,3.24246875,1.328514998372194e-06,-58.76306758991654,5.7630612489635096e-05,0.01534022637886795,0.1875
khong/khong_02.wav,khong,train,324,51840,3.25246875,1.5095386519894559e-06,-58.20868157427466,6.143164192802956e-05,0.014331175591764469,0.205
khong/khong_02.wav,khong,train,325,52000,3.26246875,1.4113581591036617e-06,-58.50055156826553,5.9400297960188336e-05,0.013633305780736255,0.24
khong/khong_02.wav,khong,train,326,52160,3.27246875,8.373600632219844e-07,-60.76569418260426,4.575369010314863e-05,0.012774984115101126,0.2
khong/khong_02.wav,khong,train,327,52320,3.28246875,1.1105804662213861e-06,-59.54059093674804,5.269204081788316e-05,0.013351785241695432,0.17
khong/khong_02.wav,khong,train,328,52480,3.29246875,1.1300130393373118e-06,-59.46532388107614,5.315103572220657e-05,0.014260977667982518,0.16
khong/khong_02.wav,khong,train,329,52640,3.30246875,1.4117951336137696e-06,-58.4992080969539,5.940949279395023e-05,0.015570092983181773,0.1425
khong/khong_02.wav,khong,train,330,52800,3.31246875,2.8644735404109825e-06,-55.42803597433612,8.462377828381014e-05,0.02063405532038338,0.115
khong/khong_02.wav,khong,train,331,52960,3.32246875,3.918985820250179e-06,-54.06715503948482,9.898214258453616e-05,0.02519849691247787,0.0975
khong/khong_02.wav,khong,train,332,53120,3.33246875,2.398484742795706e-06,-56.198820071988244,7.743521070539723e-05,0.022348105561971667,0.1175
khong/khong_02.wav,khong,train,333,53280,3.34246875,2.002913882299266e-06,-56.98120946101124,7.076217001864884e-05,0.020223974405412962,0.0925
khong/khong_02.wav,khong,train,334,53440,3.35246875,4.065186546766293e-06,-53.90812700864538,0.00010081153885798854,0.026886336908231945,0.065
khong/khong_02.wav,khong,train,335,53600,3.36246875,3.7295777795704252e-06,-54.282239008865254,9.656057398817627e-05,0.026464469769010547,0.085
khong/khong_02.wav,khong,train,336,53760,3.37246875,1.658399225185461e-06,-57.800491170274704,6.438942508645074e-05,0.01683990208574167,0.16
khong/khong_02.wav,khong,train,337,53920,3.38246875,8.800498120780737e-07,-60.549995371054436,4.690548507579028e-05,0.012092820773122162,0.205
khong/khong_02.wav,khong,train,338,54080,3.39246875,8.511852789540509e-07,-60.69465972276194,4.6129851478030226e-05,0.01258636567184325,0.2225
khong/khong_02.wav,khong,train,339,54240,3.40246875,8.509202398995072e-07,-60.69601063675796,4.612266904406951e-05,0.011517733942917548,0.235
khong/khong_02.wav,khong,train,340,54400,3.41246875,8.379335672537305e-07,-60.76272428345818,4.576935566658467e-05,0.012153473943959093,0.2175
khong/khong_02.wav,khong,train,341,54560,3.42246875,1.455242446072906e-06,-58.36766314428094,6.031671505629484e-05,0.015245099393655757,0.155
khong/khong_02.wav,khong,train,342,54720,3.43246875,2.804122274513149e-06,-55.520482032174655,8.37275682573122e-05,0.02471009959770969,0.1125
khong/khong_02.wav,khong,train,343,54880,3.44246875,1.9904349474495493e-05,-47.01030193186007,0.00022307145421644325,0.05995952427296782,0.0625
khong/khong_02.wav,khong,train,344,55040,3.45246875,3.1533850585730964e-05,-45.012092223826095,0.0002807750460142913,0.09000643492121599,0.025
khong/khong_02.wav,khong,train,345,55200,3.46246875,0.0011264585998786178,-29.482843794966648,0.0016781378071232841,0.43893099975243516,0.0125
khong/khong_02.wav,khong,train,346,55360,3.47246875,0.0038042933452465746,-24.197258882722377,0.003083947691371635,0.9241771706955606,0.01
khong/khong_02.wav,khong,train,347,55520,3.48246875,0.003700163208815114,-24.317790020411607,0.003041448342819221,0.9078281656663028,0.0075
khong/khong_02.wav,khong,train,348,55680,3.49246875,0.0013146401730608688,-28.8119277023523,0.0018128983514395318,0.5229563102757621,0.02
khong/khong_02.wav,khong,train,349,55840,3.50246875,0.00012108503363691325,-39.169059465696904,0.0005501932243242215,0.15124678754158546,0.0475
khong/khong_02.wav,khong,train,350,56000,3.51246875,4.511830708080965e-06,-53.45550958065339,0.0001062053518905823,0.030603105252181982,0.0825
khong/khong_02.wav,khong,train,351,56160,3.52246875,3.1525366099597053e-06,-55.0120212284057,8.877692000119887e-05,0.02160766349584242,0.1475
khong/khong_02.wav,khong,train,352,56320,3.53246875,8.44322153530099e-07,-60.72977749231135,4.59435020849004e-05,0.012347763212289187,0.1875
khong/khong_02.wav,khong,train,353,56480,3.54246875,6.206821648534525e-07,-62.0643159172278,3.93916921714926e-05,0.01077595047395061,0.1725
khong/khong_02.wav,khong,train,354,56640,3.55246875,1.0335859704531074e-06,-59.8523341515573,5.083271511667234e-05,0.013397116403474584,0.145
khong/khong_02.wav,khong,train,355,56800,3.56246875,9.63253442844689e-07,-60.15808801820717,4.907273792149489e-05,0.012514289714049203,0.145
khong/khong_02.wav,khong,train,356,56960,3.57246875,5.557184931813111e-07,-62.54364351976339,3.727326431845321e-05,0.01026550977110274,0.19
khong/khong_02.wav,khong,train,357,57120,3.58246875,7.125911719657832e-07,-61.46550531376135,4.220755773453918e-05,0.010814185538094784,0.1825
khong/khong_02.wav,khong,train,358,57280,3.59246875,1.279475551731604e-06,-58.92628709151364,5.65569525286592e-05,0.014402462983648332,0.17
khong/khong_02.wav,khong,train,359,57440,3.60246875,1.2550981389909657e-06,-59.009764278303564,5.6015581291971025e-05,0.01596515616575142,0.1525
khong/khong_02.wav,khong,train,360,57600,3.61246875,1.521981496649001e-06,-58.173053730605766,6.168430709364014e-05,0.01609234558250781,0.14
khong/khong_02.wav,khong,train,361,57760,3.62246875,1.6559295750235902e-06,-57.80695950137464,6.434146359509531e-05,0.016631819264814246,0.145
khong/khong_02.wav,khong,train,362,57920,3.63246875,1.3416508633199476e-06,-58.72036904565987,5.7914826757056514e-05,0.016273840515976586,0.155
khong/khong_02.wav,khong,train,363,58080,3.64246875,1.944612553728872e-06,-57.10943640188204,6.972468274809273e-05,0.01728490935965936,0.1675
khong/khong_02.wav,khong,train,364,58240,3.65246875,1.192064258463183e-06,-59.23336164590828,5.4590847640954955e-05,0.015392605439766246,0.1475
khong/khong_02.wav,khong,train,365,58400,3.66246875,2.166562876454021e-06,-56.640282956967525,7.35962444091752e-05,0.019630508675208845,0.1675
khong/khong_02.wav,khong,train,366,58560,3.67246875,1.2959541722222491e-06,-58.87075369407533,5.6919991484149246e-05,0.015532578039874513,0.13
khong/khong_02.wav,khong,train,367,58720,3.68246875,1.3517566071282674e-06,-58.687803362108745,5.8132534073620674e-05,0.015435929100633607,0.1725
khong/khong_03.wav,khong,train,0,0,0.01246875,0.0,-90.0,0.0,0.0,0.0
khong/khong_03.wav,khong,train,1,160,0.02246875,0.0,-90.0,0.0,0.0,0.0
khong/khong_03.wav,khong,train,2,320,0.03246875,0.0,-90.0,0.0,0.0,0.0
khong/khong_03.wav,khong,train,3,480,0.04246875,0.0,-90.0,0.0,0.0,0.0
khong/khong_03.wav,khong,train,4,640,0.05246875,0.0,-90.0,0.0,0.0,0.0
khong/khong_03.wav,khong,train,5,800,0.06246875,0.0,-90.0,0.0,0.0,0.0
khong/khong_03.wav,khong,train,6,960,0.07246875,0.0,-90.0,0.0,0.0,0.0
khong/khong_03.wav,khong,train,7,1120,0.08246875,0.0,-90.0,0.0,0.0,0.0
khong/khong_03.wav,khong,train,8,1280,0.09246875,0.0,-90.0,0.0,0.0,0.0
khong/khong_03.wav,khong,train,9,1440,0.10246875,0.0,-90.0,0.0,0.0,0.0
khong/khong_03.wav,khong,train,10,1600,0.11246875,0.0,-90.0,0.0,0.0,0.0
khong/khong_03.wav,khong,train,11,1760,0.12246875,0.0,-90.0,0.0,0.0,0.0
khong/khong_03.wav,khong,train,12,1920,0.13246875,0.0,-90.0,0.0,0.0,0.0
khong/khong_03.wav,khong,train,13,2080,0.14246875,0.0,-90.0,0.0,0.0,0.0
khong/khong_03.wav,khong,train,14,2240,0.15246875,0.0,-90.0,0.0,0.0,0.0
khong/khong_03.wav,khong,train,15,2400,0.16246875,0.0,-90.0,0.0,0.0,0.0
khong/khong_03.wav,khong,train,16,2560,0.17246875,0.0,-90.0,0.0,0.0,0.0
khong/khong_03.wav,khong,train,17,2720,0.18246875,0.0,-90.0,0.0,0.0,0.0
khong/khong_03.wav,khong,train,18,2880,0.19246875,0.0,-90.0,0.0,0.0,0.0
khong/khong_03.wav,khong,train,19,3040,0.20246875,0.0,-90.0,0.0,0.0,0.0
khong/khong_03.wav,khong,train,20,3200,0.21246875,0.0,-90.0,0.0,0.0,0.0
khong/khong_03.wav,khong,train,21,3360,0.22246875,0.0,-90.0,0.0,0.0,0.0
khong/khong_03.wav,khong,train,22,3520,0.23246875,0.0,-90.0,0.0,0.0,0.0
khong/khong_03.wav,khong,train,23,3680,0.24246875,0.0,-90.0,0.0,0.0,0.0
khong/khong_03.wav,khong,train,24,3840,0.25246875,0.0,-90.0,0.0,0.0,0.0
khong/khong_03.wav,khong,train,25,4000,0.26246875,0.0,-90.0,0.0,0.0,0.0
khong/khong_03.wav,khong,train,26,4160,0.27246875,0.0,-90.0,0.0,0.0,0.0
khong/khong_03.wav,khong,train,27,4320,0.28246875,0.0,-90.0,0.0,0.0,0.0
khong/khong_03.wav,khong,train,28,4480,0.29246875,0.0,-90.0,0.0,0.0,0.0
khong/khong_03.wav,khong,train,29,4640,0.30246875,3.082623321395753e-11,-89.86814537739394,2.776068857843656e-07,1.2414000931721414e-05,0.0125
khong/khong_03.wav,khong,train,30,4800,0.31246875,2.4936646217887585e-08,-75.86086181807465,7.895670683654364e-06,0.0012627508127176284,0.1775
khong/khong_03.wav,khong,train,31,4960,0.32246875,7.399664610557463e-08,-71.24958158080445,1.3601162276215095e-05,0.003152803405402107,0.3375
khong/khong_03.wav,khong,train,32,5120,0.33246875,1.4844340881545293e-05,-48.284098256008164,0.00019264177170038495,0.030174171958070952,0.31
khong/khong_03.wav,khong,train,33,5280,0.34246875,0.0002072047734540346,-36.83598147844293,0.0007197304590157947,0.16634867104128317,0.18
khong/khong_03.wav,khong,train,34,5440,0.35246875,0.00036364461578171863,-34.393216440427324,0.0009534734078380458,0.254904382775652,0.11
khong/khong_03.wav,khong,train,35,5600,0.36246875,0.000608931642936319,-32.1543074417979,0.0012338270167818492,0.3305101155550979,0.1275
khong/khong_03.wav,khong,train,36,5760,0.37246875,0.0007908475107836111,-31.019066988431078,0.001406100557200312,0.378780048506386,0.13
khong/khong_03.wav,khong,train,37,5920,0.38246875,0.0008170168662480547,-30.877684463707617,0.0014291753446026617,0.38576266003110327,0.1225
khong/khong_03.wav,khong,train,38,6080,0.39246875,0.0008657424391853073,-30.626107909554165,0.001471175073865537,0.41553581450329624,0.115
khong/khong_03.wav,khong,train,39,6240,0.40246875,0.0011004091897407974,-29.584453967195486,0.0016586208048713226,0.47547306799307076,0.105
khong/khong_03.wav,khong,train,40,6400,0.41246875,0.0010941379596778357,-29.60927517500916,0.0016538878133641921,0.4752111378073645,0.115
khong/khong_03.wav,khong,train,41,6560,0.42246875,0.0010386770914018399,-29.83519028756213,0.001611425681967555,0.4615706916327801,0.1325
khong/khong_03.wav,khong,train,42,6720,0.43246875,0.0011423174305385982,-29.42212816099895,0.0016899093396826042,0.4798388246493498,0.16
khong/khong_03.wav,khong,train,43,6880,0.44246875,0.0011273391642977844,-29.47945019901601,0.0016787935878911562,0.48664233287453473,0.165
khong/khong_03.wav,khong,train,44,7040,0.45246875,0.0012093451235060556,-29.174493831628652,0.0017387819900048249,0.5081947450787234,0.1625
khong/khong_03.wav,khong,train,45,7200,0.46246875,0.001192190694820301,-29.23653907927006,0.0017264057278203037,0.5020782527509762,0.1625
khong/khong_03.wav,khong,train,46,7360,0.47246875,0.0008973985333910579,-30.47014160617232,0.001497830542310326,0.4321268501932238,0.1575
khong/khong_03.wav,khong,train,47,7520,0.48246875,0.0008296037872897393,-30.811287504865202,0.0014401421694486792,0.39729281415640527,0.1525
khong/khong_03.wav,khong,train,48,7680,0.49246875,0.0007725568348835746,-31.120689987243424,0.0013897453317816672,0.38399237394444974,0.1575
khong/khong_03.wav,khong,train,49,7840,0.50246875,0.0007292165928432682,-31.371428622570697,0.0013502005340349152,0.3743488782821589,0.1575
khong/khong_03.wav,khong,train,50,8000,0.51246875,0.0006505793467807422,-31.866990603495758,0.00127532284812586,0.35168086624310835,0.155
khong/khong_03.wav,khong,train,51,8160,0.52246875,0.0005153406315240495,-32.87904771936666,0.0011350557602206703,0.31695971865798417,0.1625
khong/khong_03.wav,khong,train,52,8320,0.53246875,0.0005290750384231899,-32.76481906992291,0.0011500815606112354,0.3201381140899262,0.1625
khong/khong_03.wav,khong,train,53,8480,0.54246875,0.0006068856061341344,-32.16892447196013,0.0012317524164114052,0.3619245351070067,0.1625
khong/khong_03.wav,khong,train,54,8640,0.55246875,0.0011383099945516926,-29.43739069429601,0.0016869424964649007,0.498403814449062,0.165
khong/khong_03.wav,khong,train,55,8800,0.56246875,0.0018407066719984503,-27.350151775571483,0.0021451728788132963,0.6215277625971594,0.165
khong/khong_03.wav,khong,train,56,8960,0.57246875,0.0014750145369474355,-28.312034050587002,0.001920295899690615,0.5620970201645629,0.165
khong/khong_03.wav,khong,train,57,9120,0.58246875,0.0010700785698475133,-29.705839274915476,0.0016356027710354318,0.48157115898368263,0.165
khong/khong_03.wav,khong,train,58,9280,0.59246875,0.0010257254028875654,-29.8896846530777,0.0016013474036632132,0.4734712880770664,0.1625
khong/khong_03.wav,khong,train,59,9440,0.60246875,0.0010169730806226366,-29.92690115696734,0.0015945007687538416,0.47427524708617697,0.1625
khong/khong_03.wav,khong,train,60,9600,0.61246875,0.0009989881941017602,-30.00439209439042,0.0015803387248480626,0.4593252535994881,0.165
khong/khong_03.wav,khong,train,61,9760,0.62246875,0.000758186515011867,-31.202233713288607,0.0013767593426338778,0.39532271255373963,0.16
khong/khong_03.wav,khong,train,62,9920,0.63246875,0.0006618520965728807,-31.792383948920623,0.001286324314250571,0.36190182638697,0.145
khong/khong_03.wav,khong,train,63,10080,0.64246875,0.0006860190534318802,-31.636631890053224,0.0013095982718298387,0.3603800948819647,0.14
khong/khong_03.wav,khong,train,64,10240,0.65246875,0.0006800311468530146,-31.67470556601295,0.00130387034138082,0.3601451189668551,0.1525
khong/khong_03.wav,khong,train,65,10400,0.66246875,0.0007295093775986636,-31.369685257009223,0.0013504715635646162,0.3736832006834109,0.16
khong/khong_03.wav,khong,train,66,10560,0.67246875,0.0008340909059399393,-30.787860931950224,0.0014440316010565172,0.40592860842588174,0.1625
khong/khong_03.wav,khong,train,67,10720,0.68246875,0.0008557182330738597,-30.676687067345846,0.0014626330991347931,0.4157323077086049,0.165
khong/khong_03.wav,khong,train,68,10880,0.69246875,0.0007058138002607795,-31.51309239140975,0.0013283578210150865,0.3808760315703691,0.1675
khong/khong_03.wav,khong,train,69,11040,0.70246875,0.0006682256757423551,-31.75076191229372,0.001292503071313909,0.3608275955811849,0.16
khong/khong_03.wav,khong,train,70,11200,0.71246875,0.0006354580196820561,-31.969124515612908,0.001260414633842824,0.3462849674390283,0.155
khong/khong_03.wav,khong,train,71,11360,0.72246875,0.0006242075019726492,-32.046703203636355,0.0012492072505919996,0.35024705138352497,0.1525
khong/khong_03.wav,khong,train,72,11520,0.73246875,0.0006741746832306667,-31.712269160529466,0.0012982437013429593,0.364521592474602,0.1525
khong/khong_03.wav,khong,train,73,11680,0.74246875,0.0005636644774535246,-32.489785633890705,0.0011870809549621338,0.3412036537005065,0.1525
khong/khong_03.wav,khong,train,74,11840,0.75246875,0.0004548028733690173,-33.42175845269203,0.0010663053893808017,0.3037266573071981,0.1475
khong/khong_03.wav,khong,train,75,12000,0.76246875,0.00040729846811177374,-33.90086157054372,0.0010090818451837463,0.28545244129329206,0.1375
khong/khong_03.wav,khong,train,76,12160,0.77246875,0.0003808983098229949,-34.19189814265639,0.0009758308124657097,0.2850681647002522,0.135
khong/khong_03.wav,khong,train,77,12320,0.78246875,0.00046561852462277415,-33.319688168930746,0.0010789097791552987,0.3051983126565953,0.1325
khong/khong_03.wav,khong,train,78,12480,0.79246875,0.00047033725508839944,-33.27589696358902,0.001084363010122071,0.3087200520086911,0.13
khong/khong_03.wav,khong,train,79,12640,0.80246875,0.0004243051350582334,-33.72320688707873,0.00102993341418054,0.30068123888320814,0.13
khong/khong_03.wav,khong,train,80,12800,0.81246875,0.0003575821546310356,-34.46622948553707,0.0009454921398814423,0.27147777886978686,0.1425
khong/khong_03.wav,khong,train,81,12960,0.82246875,0.0002647147275940928,-35.772202551307785,0.0008135028082220934,0.2302128719555972,0.1375
khong/khong_03.wav,khong,train,82,13120,0.83246875,0.0002835607219355121,-35.47352395048104,0.0008419630661963625,0.23703559151037568,0.125
khong/khong_03.wav,khong,train,83,13280,0.84246875,0.0004745183169297027,-33.23746103436439,0.0010891720673632135,0.2971300620804419,0.1075
khong/khong_03.wav,khong,train,84,13440,0.85246875,0.0006291931626116042,-32.01215315224417,0.0012541861530606254,0.3460752182601735,0.095
khong/khong_03.wav,khong,train,85,13600,0.86246875,0.0008431424449847058,-30.740985320589445,0.0014518457605619697,0.3934590189787567,0.08
khong/khong_03.wav,khong,train,86,13760,0.87246875,0.0007224338190497263,-31.41201330583883,0.0013439064504735126,0.35720291519908176,0.0725
khong/khong_03.wav,khong,train,87,13920,0.88246875,0.00015029746939444985,-38.230454421471514,0.0006129793418102478,0.177192472981443,0.0725
khong/khong_03.wav,khong,train,88,14080,0.89246875,8.207892679803552e-05,-40.85763039552233,0.0004529871046675488,0.12920182756971477,0.07
khong/khong_03.wav,khong,train,89,14240,0.90246875,8.141989505044077e-05,-40.8926412778159,0.00045116486745545907,0.13264429280974838,0.055
khong/khong_03.wav,khong,train,90,14400,0.91246875,0.0001694309301917151,-37.710047415889754,0.0006508281843000407,0.1955224390369903,0.0425
khong/khong_03.wav,khong,train,91,14560,0.92246875,0.0002623583209613237,-35.81103501809992,0.0008098739422918292,0.24681045081363207,0.03
khong/khong_03.wav,khong,train,92,14720,0.93246875,0.0002292327886147913,-36.39721367824076,0.0007570217774522594,0.23216890589127703,0.0325
khong/khong_03.wav,khong,train,93,14880,0.94246875,0.0001956671381822385,-37.084798873629005,0.0006994053513203886,0.2166245077073761,0.0325
khong/khong_03.wav,khong,train,94,15040,0.95246875,0.0001933862658218071,-37.13572126764906,0.0006953169525867449,0.2117394816441808,0.0325
khong/khong_03.wav,khong,train,95,15200,0.96246875,0.00018924499331536993,-37.22973306540945,0.0006878317259973,0.19688767859028583,0.0325
khong/khong_03.wav,khong,train,96,15360,0.97246875,9.872086472812212e-05,-40.0558664997326,0.0004967918697204145,0.14461265833266104,0.045
khong/khong_03.wav,khong,train,97,15520,0.98246875,6.158101459873293e-05,-42.10546107657544,0.00039236785864394183,0.11147064191706069,0.0425
khong/khong_03.wav,khong,train,98,15680,0.99246875,5.82351642813377e-05,-42.348072375121184,0.00038155983895497213,0.11016409386914067,0.0375
khong/khong_03.wav,khong,train,99,15840,1.00246875,6.004714792456523e-05,-42.215003830744905,0.0003874504740110832,0.11166570924988775,0.04
khong/khong_03.wav,khong,train,100,16000,1.01246875,5.625945849430979e-05,-42.497967328758065,0.00037503152698909793,0.10811960033979162,0.0525
khong/khong_03.wav,khong,train,101,16160,1.02246875,7.375320620895934e-05,-41.32213206790472,0.00042939843446663655,0.12100592065537738,0.04
khong/khong_03.wav,khong,train,102,16320,1.03246875,0.0001663120920623667,-37.79073562045394,0.0006448102280174507,0.1879040325577311,0.04
khong/khong_03.wav,khong,train,103,16480,1.04246875,0.0005645744915436857,-32.48277978683541,0.001188038816225806,0.36196093607578494,0.03
khong/khong_03.wav,khong,train,104,16640,1.05246875,0.0021705584948003443,-26.634283056974873,0.002329462649840272,0.7074821482609753,0.03
khong/khong_03.wav,khong,train,105,16800,1.06246875,0.006496697766655086,-21.87307269761087,0.004030104764970473,1.2301990906226208,0.03
khong/khong_03.wav,khong,train,106,16960,1.07246875,0.014502408233100367,-18.38559843990826,0.00602129725082153,1.8302151361774377,0.0275
khong/khong_03.wav,khong,train,107,17120,1.08246875,0.018994218943336236,-17.213785373954394,0.006890975791449321,2.0762479225603316,0.0275
khong/khong_03.wav,khong,train,108,17280,1.09246875,0.014296873789846396,-18.447588863012502,0.005978476768761086,1.8331506619072742,0.0275
khong/khong_03.wav,khong,train,109,17440,1.10246875,0.010178519904483884,-19.923153270769816,0.005044432550962468,1.5590482999668105,0.0275
khong/khong_03.wav,khong,train,110,17600,1.11246875,0.008400856318517148,-20.75676391354515,0.004582809269028427,1.3834796589458933,0.0275
khong/khong_03.wav,khong,train,111,17760,1.12246875,0.004388417927188958,-23.576919205043147,0.0033122567560460035,0.9794369427165561,0.0275
khong/khong_03.wav,khong,train,112,17920,1.13246875,0.0008634894124147723,-30.637424801677152,0.0014692595179330746,0.44076424116467056,0.0225
khong/khong_03.wav,khong,train,113,18080,1.14246875,8.044003821009935e-05,-40.94522332829057,0.00044844185300353976,0.1301783884326117,0.0325
khong/khong_03.wav,khong,train,114,18240,1.15246875,1.303705082735467e-05,-48.84787330245008,0.00018053428225239294,0.055407899070941874,0.0375
khong/khong_03.wav,khong,train,115,18400,1.16246875,1.2168707313717951e-05,-49.14719866598674,0.00017441837140707076,0.049748309258104556,0.0425
khong/khong_03.wav,khong,train,116,18560,1.17246875,8.124284953625224e-06,-50.90161399380843,0.00014251565662783532,0.04135070188510728,0.0475
khong/khong_03.wav,khong,train,117,18720,1.18246875,6.6209119639630094e-06,-51.790165973410055,0.00012865566411902557,0.03673961600306562,0.05
khong/khong_03.wav,khong,train,118,18880,1.19246875,2.516468762285913e-06,-55.99035909632745,7.931690806955843e-05,0.02283524024140301,0.0625
khong/khong_03.wav,khong,train,119,19040,1.20246875,1.5713651717243016e-06,-58.03446584475115,6.267705265334956e-05,0.018278432828300238,0.0775
khong/khong_03.wav,khong,train,120,19200,1.21246875,2.7821992123979313e-06,-55.5545570715903,8.339962848235494e-05,0.023965618548380523,0.08
khong/khong_03.wav,khong,train,121,19360,1.22246875,3.7672049659106877e-06,-54.238654824335626,9.704644462718208e-05,0.02602220233397344,0.0925
khong/khong_03.wav,khong,train,122,19520,1.23246875,1.3622860046045042e-06,-58.6541302370197,5.835850419185931e-05,0.01697592358687634,0.0875
khong/khong_03.wav,khong,train,123,19680,1.24246875,1.6561793832226142e-06,-57.806304783476456,6.434631658499604e-05,0.017606900609355672,0.125
khong/khong_03.wav,khong,train,124,19840,1.25246875,2.737099817333421e-06,-55.62550723723238,8.272091357893452e-05,0.01981549476465181,0.1125
khong/khong_03.wav,khong,train,125,20000,1.26246875,1.2810864746149325e-06,-58.92082681383867,5.6592545326547485e-05,0.01568689239778896,0.12
khong/khong_03.wav,khong,train,126,20160,1.27246875,8.52431479123323e-07,-60.68831342074999,4.6163607937511853e-05,0.012835002656890308,0.105
khong/khong_03.wav,khong,train,127,20320,1.28246875,9.275310506755698e-07,-60.3220356859455,4.81542067392759e-05,0.013240594197765567,0.1075
khong/khong_03.wav,khong,train,128,20480,1.29246875,1.2983096939613517e-06,-58.86287321330209,5.6971696787996226e-05,0.014565258794932737,0.1475
khong/khong_03.wav,khong,train,129,20640,1.30246875,1.1528212127439508e-06,-59.378614808979336,5.3684756047316424e-05,0.013431567402475324,0.1775
khong/khong_03.wav,khong,train,130,20800,1.31246875,1.1491790859088627e-06,-59.392345335883654,5.359988539887149e-05,0.014259326837280612,0.19
khong/khong_03.wav,khong,train,131,20960,1.32246875,8.264365708241306e-07,-60.822652881829185,4.545427842415196e-05,0.012355030097236524,0.21
khong/khong_03.wav,khong,train,132,21120,1.33246875,7.486650730023598e-07,-61.251327225214915,4.326271700328008e-05,0.011193258614822166,0.24
khong/khong_03.wav,khong,train,133,21280,1.34246875,6.817489309508857e-07,-61.657389712065296,4.1284044464868195e-05,0.010751870983316775,0.225
khong/khong_03.wav,khong,train,134,21440,1.35246875,9.238017520803412e-07,-60.3395135613148,4.8057303089133636e-05,0.012809637377743467,0.2075
khong/khong_03.wav,khong,train,135,21600,1.36246875,1.4428115785936632e-06,-58.404894797001454,6.005854599042636e-05,0.014784478169428275,0.205
khong/khong_03.wav,khong,train,136,21760,1.37246875,9.086403016252895e-07,-60.411303064714446,4.766131297040844e-05,0.012963366458106959,0.165
khong/khong_03.wav,khong,train,137,21920,1.38246875,1.5038739711048422e-06,-58.22499869469179,6.131626968237799e-05,0.016799726504293393,0.155
khong/khong_03.wav,khong,train,138,22080,1.39246875,1.3789954810241352e-06,-58.60122335750572,5.8715319147223734e-05,0.015731692527250783,0.15
khong/khong_03.wav,khong,train,139,22240,1.40246875,1.004820707351282e-06,-59.97479427577864,5.012037278770186e-05,0.013916009290133568,0.1575
khong/khong_03.wav,khong,train,140,22400,1.41246875,1.4514267815139864e-06,-58.37905751664607,6.02375875495107e-05,0.01628367891504146,0.1325
khong/khong_03.wav,khong,train,141,22560,1.42246875,1.5590810805285566e-06,-58.068528299076625,6.243158416475903e-05,0.015968549880680583,0.1775
khong/khong_03.wav,khong,train,142,22720,1.43246875,1.1123295162914404e-06,-59.533762768809176,5.273351676807267e-05,0.013297477909367987,0.2075
khong/khong_03.wav,khong,train,143,22880,1.44246875,7.840107702095762e-07,-61.05124384770033,4.427219133410883e-05,0.010878307291486146,0.2125
khong/khong_03.wav,khong,train,144,23040,1.45246875,8.612608372764625e-07,-60.64361338520689,4.640206992356221e-05,0.01091338822366466,0.2175
khong/khong_03.wav,khong,train,145,23200,1.46246875,1.1835323733226859e-06,-59.26453065491425,5.4395137037300625e-05,0.01434414675513032,0.16
khong/khong_03.wav,khong,train,146,23360,1.47246875,1.3783055601563085e-06,-58.60339513091948,5.870062947184443e-05,0.01614127074836387,0.1325
khong/khong_03.wav,khong,train,147,23520,1.48246875,1.0694381998253828e-06,-59.704384009987535,5.170682256301829e-05,0.013655309396338338,0.205
khong/khong_03.wav,khong,train,148,23680,1.49246875,6.512955240957959e-07,-61.85555601497697,4.035144124116869e-05,0.010414077720631576,0.235
khong/khong_03.wav,khong,train,149,23840,1.50246875,7.030068674080095e-07,-61.524231044049664,4.192275239675973e-05,0.010930716701132385,0.235
khong/khong_03.wav,khong,train,150,24000,1.51246875,6.058737053428213e-07,-62.16901679237013,3.8918944787301896e-05,0.009946532231146606,0.18
khong/khong_03.wav,khong,train,151,24160,1.52246875,1.0126122752787768e-06,-59.94128138600586,5.031431891814637e-05,0.012912376890879805,0.18
khong/khong_03.wav,khong,train,152,24320,1.53246875,1.405374824253704e-06,-58.5189891657744,5.9274252931894974e-05,0.016303222198685848,0.125
khong/khong_03.wav,khong,train,153,24480,1.54246875,1.9490296075322016e-06,-57.09958794642486,6.980382524497138e-05,0.019322614619641267,0.14
khong/khong_03.wav,khong,train,154,24640,1.55246875,2.1691109855877867e-06,-56.63518054540515,7.363951021000524e-05,0.020027719224133246,0.1425
khong/khong_03.wav,khong,train,155,24800,1.56246875,1.8494219325843352e-06,-57.32729232624002,6.799672662313119e-05,0.019157482819225503,0.165
khong/khong_03.wav,khong,train,156,24960,1.57246875,2.8124512774081483e-06,-55.507606014397936,8.385182283958036e-05,0.023084722289925468,0.125
khong/khong_03.wav,khong,train,157,25120,1.58246875,2.8699114356171405e-06,-55.419802047922545,8.470406477284813e-05,0.02117823329108003,0.155
khong/khong_03.wav,khong,train,158,25280,1.59246875,6.085520345283541e-07,-62.1498921482993,3.900487259716259e-05,0.0111164862934045,0.17
khong/khong_03.wav,khong,train,159,25440,1.60246875,1.7621451223246146e-06,-57.5371193998036,6.637290716709293e-05,0.01585142816999158,0.165
khong/khong_03.wav,khong,train,160,25600,1.61246875,1.1248536734931307e-06,-59.485180508026204,5.302955952799181e-05,0.014000204126975179,0.17
khong/khong_03.wav,khong,train,161,25760,1.62246875,7.008099375655314e-07,-61.5378048650631,4.185719584389079e-05,0.010818564103712855,0.19
khong/khong_03.wav,khong,train,162,25920,1.63246875,8.943284883905019e-07,-60.480175965034555,4.728447124560298e-05,0.011755585386282977,0.2225
khong/khong_03.wav,khong,train,163,26080,1.64246875,1.1582922780092654e-06,-59.358070569406145,5.3811993969961416e-05,0.014053232134063249,0.18
khong/khong_03.wav,khong,train,164,26240,1.65246875,1.783353252405612e-06,-57.48519163197865,6.677112497939532e-05,0.01800238714325636,0.1225
khong/khong_03.wav,khong,train,165,26400,1.66246875,2.0241578280821554e-06,-56.93541124946023,7.113645036270357e-05,0.02015414271427626,0.095
khong/khong_03.wav,khong,train,166,26560,1.67246875,9.54316771934555e-06,-50.20261937428004,0.00015446008966190546,0.04231418072692938,0.075
khong/khong_03.wav,khong,train,167,26720,1.68246875,3.519751829800811e-05,-44.53475618014564,0.00029663748202986805,0.08653732364074213,0.045
khong/khong_03.wav,khong,train,168,26880,1.69246875,0.00012263244037862274,-39.113910877978185,0.0005536976620381893,0.1673279948262394,0.0125
khong/khong_03.wav,khong,train,169,27040,1.70246875,0.0007840908793060005,-31.056330440277776,0.0014000811398861856,0.41555416625672803,0.01
khong/khong_03.wav,khong,train,170,27200,1.71246875,0.0018108174668115906,-27.421250851987217,0.0021276850488333504,0.6315482802799715,0.01
khong/khong_03.wav,khong,train,171,27360,1.72246875,0.0013434880324094383,-28.717658745851132,0.0018326811182045816,0.5500639326181561,0.01
khong/khong_03.wav,khong,train,172,27520,1.73246875,0.0005183855708337437,-32.853462576936835,0.0011384041141371368,0.33984822736341413,0.0075
khong/khong_03.wav,khong,train,173,27680,1.74246875,8.045047875329424e-05,-40.94465968861489,0.00044847095433621516,0.13062820420057558,0.0175
khong/khong_03.wav,khong,train,174,27840,1.75246875,1.6211380762459347e-05,-47.90153205010955,0.00020131679489339275,0.057872876062242964,0.02
khong/khong_03.wav,khong,train,175,28000,1.76246875,1.4181085944837227e-05,-48.48259887086185,0.00018828891327450235,0.05529345116836206,0.0225
khong/khong_03.wav,khong,train,176,28160,1.77246875,1.4448701556403555e-05,-48.40141122716817,0.00019005723845991472,0.05565664341871668,0.0525
khong/khong_03.wav,khong,train,177,28320,1.78246875,1.0334516050645402e-05,-49.856678342420636,0.0001607367105754423,0.04252150404132582,0.0725
khong/khong_03.wav,khong,train,178,28480,1.79246875,2.87452359353912e-06,-55.41283064685344,8.477210026799973e-05,0.024857564981014935,0.0675
khong/khong_03.wav,khong,train,179,28640,1.80246875,1.7985677093894347e-06,-57.44831808215852,6.705534485388608e-05,0.017425471763243248,0.1125
khong/khong_03.wav,khong,train,180,28800,1.81246875,1.0061389704205456e-06,-59.9691059903664,5.0153239437262314e-05,0.01384441157579265,0.1475
khong/khong_03.wav,khong,train,181,28960,1.82246875,1.9560458309418617e-06,-57.08399003727749,6.99293541894579e-05,0.01777638724589488,0.165
khong/khong_03.wav,khong,train,182,29120,1.83246875,2.2249648272164075e-06,-56.52481702295341,7.458157995135943e-05,0.018825307227543588,0.1625
khong/khong_03.wav,khong,train,183,29280,1.84246875,1.3751848611496091e-06,-58.613232239604514,5.863413811828415e-05,0.015019153057545486,0.2025
khong/khong_03.wav,khong,train,184,29440,1.85246875,1.009972108316979e-06,-59.952608259828075,5.0248684269266666e-05,0.013229371226944918,0.19
khong/khong_03.wav,khong,train,185,29600,1.86246875,2.066521181615246e-06,-56.845500324349096,7.18769987829077e-05,0.016882598075736756,0.1725
khong/khong_03.wav,khong,train,186,29760,1.87246875,1.2450341864371002e-06,-59.04470042125232,5.579054997123393e-05,0.014503046086268323,0.1575
khong/khong_03.wav,khong,train,187,29920,1.88246875,8.879103134437351e-07,-60.51142054936838,4.711449653354409e-05,0.013030803185399727,0.1725
khong/khong_04.wav,khong,test,0,0,0.01246875,0.0,-90.0,0.0,0.0,0.0
khong/khong_04.wav,khong,test,1,160,0.02246875,0.0,-90.0,0.0,0.0,0.0
khong/khong_04.wav,khong,test,2,320,0.03246875,0.0,-90.0,0.0,0.0,0.0
khong/khong_04.wav,khong,test,3,480,0.04246875,0.0,-90.0,0.0,0.0,0.0
khong/khong_04.wav,khong,test,4,640,0.05246875,0.0,-90.0,0.0,0.0,0.0
khong/khong_04.wav,khong,test,5,800,0.06246875,0.0,-90.0,0.0,0.0,0.0
khong/khong_04.wav,khong,test,6,960,0.07246875,0.0,-90.0,0.0,0.0,0.0
khong/khong_04.wav,khong,test,7,1120,0.08246875,0.0,-90.0,0.0,0.0,0.0
khong/khong_04.wav,khong,test,8,1280,0.09246875,0.0,-90.0,0.0,0.0,0.0
khong/khong_04.wav,khong,test,9,1440,0.10246875,0.0,-90.0,0.0,0.0,0.0
khong/khong_04.wav,khong,test,10,1600,0.11246875,0.0,-90.0,0.0,0.0,0.0
khong/khong_04.wav,khong,test,11,1760,0.12246875,0.0,-90.0,0.0,0.0,0.0
khong/khong_04.wav,khong,test,12,1920,0.13246875,0.0,-90.0,0.0,0.0,0.0
khong/khong_04.wav,khong,test,13,2080,0.14246875,0.0,-90.0,0.0,0.0,0.0
khong/khong_04.wav,khong,test,14,2240,0.15246875,0.0,-90.0,0.0,0.0,0.0
khong/khong_04.wav,khong,test,15,2400,0.16246875,0.0,-90.0,0.0,0.0,0.0
khong/khong_04.wav,khong,test,16,2560,0.17246875,0.0,-90.0,0.0,0.0,0.0
khong/khong_04.wav,khong,test,17,2720,0.18246875,0.0,-90.0,0.0,0.0,0.0
khong/khong_04.wav,khong,test,18,2880,0.19246875,0.0,-90.0,0.0,0.0,0.0
khong/khong_04.wav,khong,test,19,3040,0.20246875,0.0,-90.0,0.0,0.0,0.0
khong/khong_04.wav,khong,test,20,3200,0.21246875,0.0,-90.0,0.0,0.0,0.0
khong/khong_04.wav,khong,test,21,3360,0.22246875,0.0,-90.0,0.0,0.0,0.0
khong/khong_04.wav,khong,test,22,3520,0.23246875,0.0,-90.0,0.0,0.0,0.0
khong/khong_04.wav,khong,test,23,3680,0.24246875,0.0,-90.0,0.0,0.0,0.0
khong/khong_04.wav,khong,test,24,3840,0.25246875,0.0,-90.0,0.0,0.0,0.0
khong/khong_04.wav,khong,test,25,4000,0.26246875,0.0,-90.0,0.0,0.0,0.0
khong/khong_04.wav,khong,test,26,4160,0.27246875,0.0,-90.0,0.0,0.0,0.0
khong/khong_04.wav,khong,test,27,4320,0.28246875,0.0,-90.0,0.0,0.0,0.0
khong/khong_04.wav,khong,test,28,4480,0.29246875,0.0,-90.0,0.0,0.0,0.0
khong/khong_04.wav,khong,test,29,4640,0.30246875,0.0,-90.0,0.0,0.0,0.0
khong/khong_04.wav,khong,test,30,4800,0.31246875,0.0,-90.0,0.0,0.0,0.0
khong/khong_04.wav,khong,test,31,4960,0.32246875,5.112630184084266e-09,-82.13771878358735,3.5751329290266487e-06,0.0004025848940160451,0.0975
khong/khong_04.wav,khong,test,32,5120,0.33246875,5.819380153547845e-08,-72.27723767937165,1.2061695728159293e-05,0.00240995804847315,0.2775
khong/khong_04.wav,khong,test,33,5280,0.34246875,1.1695690561326715e-07,-69.2827662890347,1.709948139661457e-05,0.004165509043281974,0.365
khong/khong_04.wav,khong,test,34,5440,0.35246875,9.423140434367211e-07,-60.25343700023616,4.853643073601315e-05,0.012302286362963509,0.235
khong/khong_04.wav,khong,test,35,5600,0.36246875,2.447473507116113e-06,-56.1110459075768,7.822201587654388e-05,0.021477800328066426,0.1
khong/khong_04.wav,khong,test,36,5760,0.37246875,2.3595158343733176e-06,-56.26993081969481,7.68035779500753e-05,0.02134254414515837,0.115
khong/khong_04.wav,khong,test,37,5920,0.38246875,2.3291300297611043e-06,-56.32619843080397,7.630743787077877e-05,0.02027250279891922,0.14
khong/khong_04.wav,khong,test,38,6080,0.39246875,1.8435045537578363e-06,-57.34120268239043,6.788785888798226e-05,0.01707681437932477,0.1325
khong/khong_04.wav,khong,test,39,6240,0.40246875,1.0897682964423794e-06,-59.62267493466221,5.219598395572161e-05,0.014530206749485904,0.1525
khong/khong_04.wav,khong,test,40,6400,0.41246875,1.462239834972426e-06,-58.34684484217519,6.04615546230087e-05,0.015020143501380772,0.1825
khong/khong_04.wav,khong,test,41,6560,0.42246875,1.0907379284419044e-06,-59.618816014584226,5.221919973634947e-05,0.014169530367060843,0.185
khong/khong_04.wav,khong,test,42,6720,0.43246875,1.7423305280956038e-06,-57.58620264686182,6.599868423111941e-05,0.017304936266442097,0.1475
khong/khong_04.wav,khong,test,43,6880,0.44246875,3.942568110422511e-06,-54.04110653956705,9.927950582097131e-05,0.025005907288107178,0.1375
khong/khong_04.wav,khong,test,44,7040,0.45246875,1.8246209063490304e-06,-57.38589399514361,6.753926462342166e-05,0.018326153157674045,0.11
khong/khong_04.wav,khong,test,45,7200,0.46246875,1.7841919436848667e-06,-57.48315081735777,6.678682399404965e-05,0.017195225669365245,0.12
khong/khong_04.wav,khong,test,46,7360,0.47246875,2.7876844874490534e-06,-55.54600619154925,8.348180172122924e-05,0.021690209760315004,0.125
khong/khong_04.wav,khong,test,47,7520,0.48246875,1.6453812146204216e-06,-57.83469597898233,6.413620690804106e-05,0.01668020525752407,0.1225
khong/khong_04.wav,khong,test,48,7680,0.49246875,1.4453887142674596e-06,-58.397149755236406,6.011216004826851e-05,0.015713744461859743,0.1625
khong/khong_04.wav,khong,test,49,7840,0.50246875,1.053914485222234e-06,-59.767827442538255,5.13301686443322e-05,0.014788356943114424,0.14
khong/khong_04.wav,khong,test,50,8000,0.51246875,2.201095917285235e-06,-56.571637682705045,7.418045425321341e-05,0.01954659853663654,0.13
khong/khong_04.wav,khong,test,51,8160,0.52246875,3.186152701273187e-06,-54.96597128326826,8.924898740704551e-05,0.022753226501710598,0.155
khong/khong_04.wav,khong,test,52,8320,0.53246875,1.9822137987301895e-06,-57.02630464511952,7.039555736568519e-05,0.018152397070931442,0.1575
khong/khong_04.wav,khong,test,53,8480,0.54246875,1.5594877381095127e-06,-58.0673963955379,6.243972569825865e-05,0.01752925270202116,0.155
khong/khong_04.wav,khong,test,54,8640,0.55246875,2.7044420171671613e-06,-55.67761769398814,8.222593899079477e-05,0.02347302792697131,0.0725
khong/khong_04.wav,khong,test,55,8800,0.56246875,3.40031329342342e-06,-54.683533635572715,9.21996921554435e-05,0.025999754445807904,0.0875
khong/khong_04.wav,khong,test,56,8960,0.57246875,1.6791074905357183e-06,-57.74662931932976,6.479019004709969e-05,0.017275027532345034,0.135
khong/khong_04.wav,khong,test,57,9120,0.58246875,1.0438088420164866e-06,-59.80963160702692,5.108348172395081e-05,0.013930931254450087,0.1525
khong/khong_04.wav,khong,test,58,9280,0.59246875,2.7422009914459515e-06,-55.61742370930649,8.279796180229848e-05,0.022823039792037828,0.085
khong/khong_04.wav,khong,test,59,9440,0.60246875,4.150800060107268e-06,-53.81763569148739,0.00010186756181566421,0.02765527197177853,0.09
khong/khong_04.wav,khong,test,60,9600,0.61246875,2.0805699172937786e-06,-56.81608997131316,7.212090399623709e-05,0.020164549668219147,0.125
khong/khong_04.wav,khong,test,61,9760,0.62246875,2.5826544590209466e-06,-55.8776556984687,8.035319624975952e-05,0.02120839943496775,0.1525
khong/khong_04.wav,khong,test,62,9920,0.63246875,1.7745790613585576e-06,-57.50659985064814,6.660666373116427e-05,0.01776622787726106,0.1475
khong/khong_04.wav,khong,test,63,10080,0.64246875,1.3476756923291127e-06,-58.70092469871916,5.8044717510061e-05,0.015653096437549467,0.14
khong/khong_04.wav,khong,test,64,10240,0.65246875,1.462213647168259e-06,-58.34692256915026,6.046101320620295e-05,0.016334007546829638,0.13
khong/khong_04.wav,khong,test,65,10400,0.66246875,1.747575211394891e-06,-57.573156826619815,6.609794269481636e-05,0.017255364544314915,0.155
khong/khong_04.wav,khong,test,66,10560,0.67246875,1.98092283618846e-06,-57.029132582613975,7.037263026540325e-05,0.017651332039281493,0.155
khong/khong_04.wav,khong,test,67,10720,0.68246875,1.2975009332887838e-06,-58.865577338883384,5.695394923288427e-05,0.015028206855129284,0.22
khong/khong_04.wav,khong,test,68,10880,0.69246875,1.5103581172956196e-06,-58.20632617105295,6.144831399834375e-05,0.014928921802105508,0.2
khong/khong_04.wav,khong,test,69,11040,0.70246875,1.4376553716299848e-06,-58.42043228387677,5.9951133676311423e-05,0.015229649516865425,0.195
khong/khong_04.wav,khong,test,70,11200,0.71246875,1.1058800900654581e-06,-59.55899424327728,5.25804167458156e-05,0.014002291805275516,0.145
khong/khong_04.wav,khong,test,71,11360,0.72246875,1.5351657506239903e-06,-58.13561921871107,6.195090295193425e-05,0.015912113732125154,0.1225
khong/khong_04.wav,khong,test,72,11520,0.73246875,1.5710602158887568e-06,-58.0353082284664,6.26709704705607e-05,0.01732112167989274,0.1025
khong/khong_04.wav,khong,test,73,11680,0.74246875,3.603227467548404e-06,-54.43187807930571,9.491084589693114e-05,0.02383697472279279,0.0925
khong/khong_04.wav,khong,test,74,11840,0.75246875,3.1574690633424376e-06,-55.00523372588029,8.884634296557228e-05,0.02541821806990072,0.0725
khong/khong_04.wav,khong,test,75,12000,0.76246875,3.6578716700184337e-06,-54.36652822538598,9.562781590649284e-05,0.026593076486414416,0.1025
khong/khong_04.wav,khong,test,76,12160,0.77246875,2.4811013463317407e-06,-56.05180489858217,7.875756068993853e-05,0.022039447115742256,0.1225
khong/khong_04.wav,khong,test,77,12320,0.78246875,3.4016726203810083e-06,-54.68179833449446,9.221811942862704e-05,0.024441705490867813,0.1225
khong/khong_04.wav,khong,test,78,12480,0.79246875,2.5761311053439016e-06,-55.88863487200325,8.025165271419495e-05,0.02267443717085875,0.0925
khong/khong_04.wav,khong,test,79,12640,0.80246875,2.069705990382546e-06,-56.83881560120972,7.19323638980144e-05,0.019315658615980422,0.1375
khong/khong_04.wav,khong,test,80,12800,0.81246875,2.1663050466892915e-06,-56.64079957729464,7.359186515317593e-05,0.01912612534255265,0.1425
khong/khong_04.wav,khong,test,81,12960,0.82246875,1.4870998661777415e-06,-58.2736792236906,6.097335209289672e-05,0.017092430525697245,0.1375
khong/khong_04.wav,khong,test,82,13120,0.83246875,1.4299013778982211e-06,-58.44390298113449,5.978924188134144e-05,0.014757081345260267,0.1625
khong/khong_04.wav,khong,test,83,13280,0.84246875,8.606444393398116e-07,-60.64671910380504,4.638546214439961e-05,0.01228887193517781,0.2025
khong/khong_04.wav,khong,test,84,13440,0.85246875,7.384155737777951e-07,-61.31111406434633,4.2965555209312586e-05,0.011048696368052599,0.19
khong/khong_04.wav,khong,test,85,13600,0.86246875,9.691157798902373e-07,-60.131764311288045,4.922183915423715e-05,0.01231816809732313,0.1975
khong/khong_04.wav,khong,test,86,13760,0.87246875,1.003077697398296e-06,-59.98232679376522,5.007688332450153e-05,0.012987564522604612,0.185
khong/khong_04.wav,khong,test,87,13920,0.88246875,1.580271723635371e-06,-58.00993495067356,6.28544295104842e-05,0.016747130628744195,0.125
khong/khong_04.wav,khong,test,88,14080,0.89246875,1.3807468262159602e-06,-58.595715242916754,5.8752591989970115e-05,0.01663959036615273,0.115
khong/khong_04.wav,khong,test,89,14240,0.90246875,1.5706335260664592e-06,-58.03648715397033,6.266245937693595e-05,0.01580298035653127,0.17
khong/khong_04.wav,khong,test,90,14400,0.91246875,1.36468052801228e-06,-58.64650882754296,5.840977075824472e-05,0.015724240153003152,0.17
khong/khong_04.wav,khong,test,91,14560,0.92246875,2.102912379302179e-06,-56.76972351009717,7.25071096393688e-05,0.019400898777465828,0.15
khong/khong_04.wav,khong,test,92,14720,0.93246875,3.702962703945038e-06,-54.313333949794156,9.621541851419965e-05,0.02369417605540984,0.14
khong/khong_04.wav,khong,test,93,14880,0.94246875,1.3340197007319146e-06,-58.74512325418485,5.774988529711368e-05,0.015850832936957573,0.16
khong/khong_04.wav,khong,test,94,15040,0.95246875,2.027158991354539e-06,-56.92898002809397,7.118916686116188e-05,0.019051411529529376,0.1525
khong/khong_04.wav,khong,test,95,15200,0.96246875,4.72063585122991e-06,-53.25907510247494,0.00010863512152188525,0.030767165788061282,0.075
khong/khong_04.wav,khong,test,96,15360,0.97246875,6.318735291956021e-06,-51.993011121686294,0.00012568547342429854,0.0344537077408798,0.0725
khong/khong_04.wav,khong,test,97,15520,0.98246875,3.898801759979134e-06,-54.08957469059489,9.87269183148539e-05,0.02628826081646679,0.0975
khong/khong_04.wav,khong,test,98,15680,0.99246875,3.1350448003899375e-06,-55.0361774177103,8.853028860776882e-05,0.022454687337767634,0.135
khong/khong_04.wav,khong,test,99,15840,1.00246875,1.8345962380810768e-06,-57.36222841030933,6.772363394859059e-05,0.017106740696416798,0.1925
khong/khong_04.wav,khong,test,100,16000,1.01246875,1.4100381400970246e-06,-58.50461247188378,5.937251342365894e-05,0.015618591949132257,0.1875
khong/khong_04.wav,khong,test,101,16160,1.02246875,1.6113288212696072e-06,-57.925463826922496,6.34690637489952e-05,0.016229260014505545,0.155
khong/khong_04.wav,khong,test,102,16320,1.03246875,9.383386853699265e-07,-60.27177791475064,4.8433941749818545e-05,0.013416348757369764,0.19
khong/khong_04.wav,khong,test,103,16480,1.04246875,1.494392525407463e-06,-58.25244794467998,6.112267429946646e-05,0.016096882520168533,0.1875
khong/khong_04.wav,khong,test,104,16640,1.05246875,2.6949568630657987e-06,-55.6928706105451,8.208161887819037e-05,0.021214961829167087,0.1575
khong/khong_04.wav,khong,test,105,16800,1.06246875,3.0108304494144154e-06,-55.21169480332,8.67587236163375e-05,0.02406741976895336,0.1025
khong/khong_04.wav,khong,test,106,16960,1.07246875,1.8571587190557238e-06,-57.30917192459684,6.81388053728513e-05,0.01756624170184082,0.13
khong/khong_04.wav,khong,test,107,17120,1.08246875,9.034425102928432e-07,-60.43619033288501,4.7524796430201656e-05,0.012552044183478207,0.13
khong/khong_04.wav,khong,test,108,17280,1.09246875,1.8803346278602424e-06,-57.25533950803705,6.856264704378475e-05,0.01896715850010488,0.12
khong/khong_04.wav,khong,test,109,17440,1.10246875,1.701450105463434e-06,-57.68925607309119,6.521982262823616e-05,0.01827838671072213,0.15
khong/khong_04.wav,khong,test,110,17600,1.11246875,1.7421497412649525e-06,-57.58665304220013,6.599526008102689e-05,0.01789809455404131,0.1675
khong/khong_04.wav,khong,test,111,17760,1.12246875,3.1870789548071386e-06,-54.964709315631104,8.926195935009407e-05,0.0233533756861559,0.125
khong/khong_04.wav,khong,test,112,17920,1.13246875,3.2896787902293833e-06,-54.82714507994022,9.068735841104568e-05,0.024272148458123442,0.1025
khong/khong_04.wav,khong,test,113,18080,1.14246875,2.8154005772166863e-06,-55.503055753458305,8.389577726585359e-05,0.02294453416836236,0.1025
khong/khong_04.wav,khong,test,114,18240,1.15246875,2.0661824356963248e-06,-56.84621193754946,7.187110747192374e-05,0.02085641875781922,0.105
khong/khong_04.wav,khong,test,115,18400,1.16246875,3.286706870627886e-06,-54.83106910762099,9.064638534751243e-05,0.02443801357745652,0.1225
khong/khong_04.wav,khong,test,116,18560,1.17246875,1.4065052929349208e-06,-58.51549963305669,5.92980879315455e-05,0.016890061204554715,0.135
khong/khong_04.wav,khong,test,117,18720,1.18246875,1.30143520518779e-06,-58.8524387319493,5.7040231529767434e-05,0.015448834999788705,0.165
khong/khong_04.wav,khong,test,118,18880,1.19246875,2.417318754827037e-06,-56.1648645602334,7.773864474678982e-05,0.02059593340533973,0.1625
khong/khong_04.wav,khong,test,119,19040,1.20246875,3.035313173717641e-06,-55.176534361352516,8.711075096848897e-05,0.023872354771087186,0.145
khong/khong_04.wav,khong,test,120,19200,1.21246875,4.658150025406845e-06,-53.316933049719715,0.00010791373899331406,0.03081346312441644,0.16
khong/khong_04.wav,khong,test,121,19360,1.22246875,1.1018547494358608e-05,-49.57836238945031,0.00016597098763306952,0.04298863145257984,0.14
khong/khong_04.wav,khong,test,122,19520,1.23246875,5.872833206638132e-06,-52.310783898638036,0.0001211696456072862,0.03506687155092773,0.15
khong/khong_04.wav,khong,test,123,19680,1.24246875,6.331550160125325e-06,-51.98421361477507,0.00012581285864454917,0.03487847004121197,0.145
khong/khong_04.wav,khong,test,124,19840,1.25246875,8.58444465090268e-06,-50.662372072668816,0.00014649611471727398,0.03712578843961163,0.14
khong/khong_04.wav,khong,test,125,20000,1.26246875,6.048884875049765e-06,-52.18252889579982,0.00012297240417111642,0.034789122666306946,0.11
khong/khong_04.wav,khong,test,126,20160,1.27246875,0.0002785661697911986,-35.55070068165709,0.000834515083433485,0.17369226431139317,0.0825
khong/khong_04.wav,khong,test,127,20320,1.28246875,0.004136162050340818,-23.834023493948813,0.0032156500316191197,0.8169194951285987,0.0725
khong/khong_04.wav,khong,test,128,20480,1.29246875,0.01714388580061227,-17.6589070956024,0.006546733116717885,1.7750967563371218,0.0975
khong/khong_04.wav,khong,test,129,20640,1.30246875,0.03530358171017007,-14.521812189095368,0.00939462368993166,2.488212098905344,0.1225
khong/khong_04.wav,khong,test,130,20800,1.31246875,0.027496267855826644,-15.607262343611172,0.008290999314893629,2.3594649907040393,0.13
khong/khong_04.wav,khong,test,131,20960,1.32246875,0.04235404814940842,-13.731050637469162,0.010290049580712479,2.8026000899388306,0.1225
khong/khong_04.wav,khong,test,132,21120,1.33246875,0.061513523402065146,-12.110293894691871,0.01240095998320948,3.4905123667793987,0.1275
khong/khong_04.wav,khong,test,133,21280,1.34246875,0.06975460856571562,-11.564270877990655,0.013205548887277993,3.76039077829339,0.1375
khong/khong_04.wav,khong,test,134,21440,1.35246875,0.05454136691052182,-12.632739740485599,0.011677046599046548,3.3492091725947173,0.1375
khong/khong_04.wav,khong,test,135,21600,1.36246875,0.03541923466117182,-14.50760815018249,0.009409999290803881,2.7682228156054185,0.1375
khong/khong_04.wav,khong,test,136,21760,1.37246875,0.031905115649129775,-14.961396632032958,0.00893100157444978,2.524196589455128,0.135
khong/khong_04.wav,khong,test,137,21920,1.38246875,0.02299942894617789,-16.382829280822943,0.0075827813080323455,1.9372444831758853,0.1225
khong/khong_04.wav,khong,test,138,22080,1.39246875,0.01870106381971079,-17.281336644710528,0.006837591648327426,1.7172657608146256,0.1
khong/khong_04.wav,khong,test,139,22240,1.40246875,0.01705072627947417,-17.682570919368118,0.006528921480511573,1.7027767861209728,0.08
khong/khong_04.wav,khong,test,140,22400,1.41246875,0.010756034946068319,-19.683477550585323,0.005185565288873605,1.3505366376087262,0.065
khong/khong_04.wav,khong,test,141,22560,1.42246875,0.006637946256784379,-21.779662026924804,0.004073679619454744,1.127852505303538,0.0425
khong/khong_04.wav,khong,test,142,22720,1.43246875,0.004358721685914892,-23.60640761128696,0.003301030780648255,0.9761429951723337,0.0425
khong/khong_04.wav,khong,test,143,22880,1.44246875,0.003517153354121386,-24.538085717819484,0.0029652796470659333,0.8984129375548048,0.04
khong/khong_04.wav,khong,test,144,23040,1.45246875,0.003259327125868041,-24.86871915668481,0.0028545258476093895,0.8275641840354016,0.0475
khong/khong_04.wav,khong,test,145,23200,1.46246875,0.0027592858290096866,-25.592031520828037,0.002626445235013328,0.7439368701637195,0.0475
khong/khong_04.wav,khong,test,146,23360,1.47246875,0.0021942966485047413,-26.587044622966527,0.002342166010611087,0.7020830718153327,0.04
khong/khong_04.wav,khong,test,147,23520,1.48246875,0.002417441369114988,-26.166438705329377,0.00245837414214913,0.7379909609375619,0.025
khong/khong_04.wav,khong,test,148,23680,1.49246875,0.0014422898514632014,-28.409471512335486,0.001898874568963944,0.5550844912943667,0.035
khong/khong_04.wav,khong,test,149,23840,1.50246875,0.00037987451470675697,-34.20358698470664,0.0009745184896998581,0.27668114227974827,0.06
khong/khong_04.wav,khong,test,150,24000,1.51246875,7.558531162428692e-05,-41.215568463545374,0.0004346990672416003,0.12076145565295077,0.0825
khong/khong_04.wav,khong,test,151,24160,1.52246875,2.2976654457280895e-05,-46.38694305858789,0.00023966984821458505,0.07062754145355143,0.0725
khong/khong_04.wav,khong,test,152,24320,1.53246875,2.8059836102060196e-05,-45.5189939285501,0.0002648576792451948,0.07569783680145584,0.045
khong/khong_04.wav,khong,test,153,24480,1.54246875,2.1463813044900314e-05,-46.68272889803771,0.000231645273235287,0.06402119827762037,0.07
khong/khong_04.wav,khong,test,154,24640,1.55246875,4.279733103229036e-06,-53.68481848878666,0.00010343757904201253,0.029210174520140013,0.1
khong/khong_04.wav,khong,test,155,24800,1.56246875,1.486475844434863e-06,-58.27550078180137,6.096055783116783e-05,0.017155388884847335,0.145
khong/khong_04.wav,khong,test,156,24960,1.57246875,3.1677631238186893e-06,-54.99110224635335,8.899105466026753e-05,0.022264803504269345,0.1475
khong/khong_04.wav,khong,test,157,25120,1.58246875,2.3113713690360254e-06,-56.35942416544217,7.601597478550192e-05,0.021482694462539288,0.1325
khong/khong_04.wav,khong,test,158,25280,1.59246875,2.1936114969752507e-06,-56.58642349979168,7.405422838999895e-05,0.020368250754833304,0.1225
khong/khong_04.wav,khong,test,159,25440,1.60246875,3.1378292803785972e-06,-55.03232304754174,8.856959523982535e-05,0.023121557141512296,0.105
khong/khong_04.wav,khong,test,160,25600,1.61246875,3.5770017211359784e-06,-54.4635945485873,9.456481535349152e-05,0.02505055052016376,0.1025
khong/khong_04.wav,khong,test,161,25760,1.62246875,2.4728294611875703e-06,-56.06630242709329,7.862616392123505e-05,0.02272801830628907,0.0775
khong/khong_04.wav,khong,test,162,25920,1.63246875,3.7659149055559945e-06,-54.24014190379394,9.702982667144153e-05,0.027462281073529795,0.0975
khong/khong_04.wav,khong,test,163,26080,1.64246875,3.8228816208906646e-06,-54.17495561006226,9.776095361762109e-05,0.02748926152984749,0.0825
khong/khong_04.wav,khong,test,164,26240,1.65246875,6.355832017133284e-06,-51.96759264894222,0.00012605387753985677,0.033776791176286965,0.085
khong/khong_04.wav,khong,test,165,26400,1.66246875,5.165204053741938e-06,-52.86828444143349,0.00011363542640547817,0.03237566389736045,0.0625
khong/khong_04.wav,khong,test,166,26560,1.67246875,2.755001740790424e-06,-55.59720512448216,8.299098958306293e-05,0.022479366274535707,0.0975
khong/khong_04.wav,khong,test,167,26720,1.68246875,9.7027145030069e-07,-60.126593767940086,4.925117892753152e-05,0.01441238405495061,0.145
khong/khong_04.wav,khong,test,168,26880,1.69246875,1.454079986524345e-06,-58.37113132622158,6.029261950115339e-05,0.015141646101401254,0.165
khong/khong_04.wav,khong,test,169,27040,1.70246875,1.4786673154403596e-06,-58.29835919273859,6.0800232636075484e-05,0.015897263998340655,0.17
khong/khong_04.wav,khong,test,170,27200,1.71246875,1.6355781211308814e-06,-57.86063259059739,6.394486142628822e-05,0.01633060597203671,0.1975
khong/khong_04.wav,khong,test,171,27360,1.72246875,1.0329572201268567e-06,-59.85497429759669,5.081725150298018e-05,0.014142358275345414,0.19
khong/khong_04.wav,khong,test,172,27520,1.73246875,1.7292774001073363e-06,-57.618842646872935,6.575099619221249e-05,0.015990175270119526,0.1875
khong/khong_04.wav,khong,test,173,27680,1.74246875,1.149817807531592e-06,-59.38993426541121,5.361477892175794e-05,0.0157560489152825,0.13
khong/khong_04.wav,khong,test,174,27840,1.75246875,2.425968583782262e-06,-56.14935845414383,7.787760563509676e-05,0.018742681506705966,0.1575
khong/khong_04.wav,khong,test,175,28000,1.76246875,9.468587945130794e-07,-60.23256356049516,4.8653334790975e-05,0.014151872428973249,0.16
khong/khong_04.wav,khong,test,176,28160,1.77246875,1.924482168361365e-06,-57.15460498967047,6.936285332152515e-05,0.018816206411540345,0.1475
khong/khong_04.wav,khong,test,177,28320,1.78246875,3.2925427625657207e-06,-54.82336693410942,9.072682572654188e-05,0.024268829980514488,0.1075
khong/khong_04.wav,khong,test,178,28480,1.79246875,3.5679277570428285e-06,-54.47462243032067,9.444479547654848e-05,0.025404750130956694,0.0825
khong/khong_04.wav,khong,test,179,28640,1.80246875,2.1220736312307133e-06,-56.73034943618894,7.283669458505639e-05,0.02096289427925051,0.0875
khong/khong_04.wav,khong,test,180,28800,1.81246875,1.5375382159041305e-06,-58.12891711798612,6.199875434039241e-05,0.01719946113316971,0.1575
khong/khong_04.wav,khong,test,181,28960,1.82246875,1.6629790555835019e-06,-57.788521444526005,6.447827261146777e-05,0.017174499015931793,0.1875
khong/khong_04.wav,khong,test,182,29120,1.83246875,3.490433649836911e-06,-54.56996206747267,9.34135114669836e-05,0.02358563400486043,0.205
khong/khong_04.wav,khong,test,183,29280,1.84246875,2.9907414953784716e-06,-55.24075934865336,8.646880211062357e-05,0.02238277854533778,0.18
khong/khong_04.wav,khong,test,184,29440,1.85246875,2.624894963122596e-06,-55.80722649856817,8.100763795967939e-05,0.020938794192178804,0.1975
khong/khong_04.wav,khong,test,185,29600,1.86246875,1.922561243477792e-06,-57.15893981813086,6.932822735866308e-05,0.019162167708498382,0.2075
khong/khong_04.wav,khong,test,186,29760,1.87246875,2.670028220464912e-06,-55.73321523462175,8.170110495680141e-05,0.020046249128864817,0.2275
khong/khong_04.wav,khong,test,187,29920,1.88246875,1.2559903774405506e-06,-59.00668046928573,5.60354882516551e-05,0.01590742631547977,0.1975
khong/khong_04.wav,khong,test,188,30080,1.89246875,1.5044979212334833e-06,-58.223198398174134,6.132898827702694e-05,0.0169108978869552,0.185
khong/khong_04.wav,khong,test,189,30240,1.90246875,1.967419613333979e-06,-57.05882316305971,7.013236794330381e-05,0.016891103458362984,0.175
khong/khong_04.wav,khong,test,190,30400,1.91246875,2.2356481452315228e-06,-56.50402330880201,7.4760419762591e-05,0.017242895849676265,0.19
khong/khong_04.wav,khong,test,191,30560,1.92246875,2.813234464000777e-06,-55.506397227577544,8.38634971844243e-05,0.022019896507501475,0.1325
khong/khong_04.wav,khong,test,192,30720,1.93246875,4.183756492681935e-06,-53.78329808151329,0.00010227116520165807,0.0287937259106466,0.0775
khong/khong_04.wav,khong,test,193,30880,1.94246875,5.612303672573264e-06,-52.50781462366922,0.00011845150561066398,0.03160285743420805,0.1025
khong/khong_04.wav,khong,test,194,31040,1.95246875,1.867103649103678e-06,-57.2859903121889,6.8321000598346e-05,0.019453398622938572,0.1375
khong/khong_04.wav,khong,test,195,31200,1.96246875,2.760292288242385e-06,-55.58887619998848,8.307063693391283e-05,0.02086659261862312,0.1675
khong/khong_04.wav,khong,test,196,31360,1.97246875,2.5666901407611393e-06,-55.90457386474286,8.010446524322379e-05,0.022467654042778007,0.13
khong/khong_04.wav,khong,test,197,31520,1.98246875,2.922578303462854e-06,-55.34085269773878,8.547775007952148e-05,0.02453536855150451,0.1025
khong/khong_04.wav,khong,test,198,31680,1.99246875,2.906309826632151e-06,-55.36508683803448,8.523951294194717e-05,0.022317116394154055,0.1125
khong/khong_04.wav,khong,test,199,31840,2.00246875,2.2037740255839946e-06,-56.566359161603444,7.422556880186225e-05,0.02124076966118007,0.1125
khong/khong_04.wav,khong,test,200,32000,2.01246875,4.236456626819215e-06,-53.72894734058355,0.0001029132720646275,0.028513728885884427,0.085
khong/khong_04.wav,khong,test,201,32160,2.02246875,2.6411053452279117e-05,-45.78197832480113,0.00025695842782578234,0.070995116961659,0.065
khong/khong_04.wav,khong,test,202,32320,2.03246875,0.00014572548323614742,-38.36461515641415,0.0006035840522167303,0.18512372825254944,0.0175
khong/khong_04.wav,khong,test,203,32480,2.04246875,0.0008066477688171961,-30.933155247187702,0.001420077259180989,0.4121549685486811,0.01
khong/khong_04.wav,khong,test,204,32640,2.05246875,0.0013406744372535576,-28.726763473313678,0.00183076106937358,0.5557207504564161,0.01
khong/khong_04.wav,khong,test,205,32800,2.06246875,0.0010552288782767999,-29.766529204686684,0.001624214331820773,0.4901289733069957,0.01
khong/khong_04.wav,khong,test,206,32960,2.07246875,0.0003073505580961038,-35.1236458091363,0.0008765708158730014,0.23287517254749468,0.025
khong/khong_04.wav,khong,test,207,33120,2.08246875,2.187310684009828e-05,-46.600696709838616,0.0002338434670890887,0.07023569195963933,0.0375
khong/khong_04.wav,khong,test,208,33280,2.09246875,1.0750555160495727e-05,-49.685287126067095,0.0001639401961119948,0.04916908726648615,0.0475
khong/khong_04.wav,khong,test,209,33440,2.10246875,3.9315821949242165e-06,-54.053221914182224,9.914108879425594e-05,0.02905837940514015,0.0725
khong/khong_04.wav,khong,test,210,33600,2.11246875,9.568482513625396e-06,-50.191115468159964,0.00015466481915440075,0.040583990788516544,0.065
khong/khong_04.wav,khong,test,211,33760,2.12246875,7.777870296204821e-06,-51.09083469816056,0.00013944416710824463,0.038708918951621075,0.0525
khong/khong_04.wav,khong,test,212,33920,2.13246875,1.9983655502882364e-06,-56.9910779519695,7.06817789513011e-05,0.019929145090781142,0.0875
khong/khong_04.wav,khong,test,213,34080,2.14246875,2.1212999978501596e-06,-56.731932263714924,7.282341652672853e-05,0.019687396066537452,0.0975
khong/khong_04.wav,khong,test,214,34240,2.15246875,4.146113277088768e-06,-53.82254101857421,0.00010181003483312399,0.02555692666078632,0.1575
khong/khong_04.wav,khong,test,215,34400,2.16246875,1.5860121930768854e-06,-57.99419736530807,6.29684880133882e-05,0.01698090688988474,0.1725
khong/khong_04.wav,khong,test,216,34560,2.17246875,1.732228748189266e-06,-57.61144116154845,6.580708070164764e-05,0.01706178158487363,0.1675
khong/khong_04.wav,khong,test,217,34720,2.18246875,1.4796350675946904e-06,-58.29551968932937,6.0820125525904053e-05,0.01642893713922553,0.1375
khong/khong_04.wav,khong,test,218,34880,2.19246875,1.1980463691978592e-06,-59.211640216573045,5.472765227007868e-05,0.015359089409817972,0.17
khong/khong_05.wav,khong,test,0,0,0.01246875,0.0,-90.0,0.0,0.0,0.0
khong/khong_05.wav,khong,test,1,160,0.02246875,0.0,-90.0,0.0,0.0,0.0
khong/khong_05.wav,khong,test,2,320,0.03246875,0.0,-90.0,0.0,0.0,0.0
khong/khong_05.wav,khong,test,3,480,0.04246875,0.0,-90.0,0.0,0.0,0.0
khong/khong_05.wav,khong,test,4,640,0.05246875,0.0,-90.0,0.0,0.0,0.0
khong/khong_05.wav,khong,test,5,800,0.06246875,0.0,-90.0,0.0,0.0,0.0
khong/khong_05.wav,khong,test,6,960,0.07246875,0.0,-90.0,0.0,0.0,0.0
khong/khong_05.wav,khong,test,7,1120,0.08246875,0.0,-90.0,0.0,0.0,0.0
khong/khong_05.wav,khong,test,8,1280,0.09246875,0.0,-90.0,0.0,0.0,0.0
khong/khong_05.wav,khong,test,9,1440,0.10246875,0.0,-90.0,0.0,0.0,0.0
khong/khong_05.wav,khong,test,10,1600,0.11246875,0.0,-90.0,0.0,0.0,0.0
khong/khong_05.wav,khong,test,11,1760,0.12246875,0.0,-90.0,0.0,0.0,0.0
khong/khong_05.wav,khong,test,12,1920,0.13246875,0.0,-90.0,0.0,0.0,0.0
khong/khong_05.wav,khong,test,13,2080,0.14246875,0.0,-90.0,0.0,0.0,0.0
khong/khong_05.wav,khong,test,14,2240,0.15246875,0.0,-90.0,0.0,0.0,0.0
khong/khong_05.wav,khong,test,15,2400,0.16246875,0.0,-90.0,0.0,0.0,0.0
khong/khong_05.wav,khong,test,16,2560,0.17246875,0.0,-90.0,0.0,0.0,0.0
khong/khong_05.wav,khong,test,17,2720,0.18246875,0.0,-90.0,0.0,0.0,0.0
khong/khong_05.wav,khong,test,18,2880,0.19246875,0.0,-90.0,0.0,0.0,0.0
khong/khong_05.wav,khong,test,19,3040,0.20246875,0.0,-90.0,0.0,0.0,0.0
khong/khong_05.wav,khong,test,20,3200,0.21246875,0.0,-90.0,0.0,0.0,0.0
khong/khong_05.wav,khong,test,21,3360,0.22246875,0.0,-90.0,0.0,0.0,0.0
khong/khong_05.wav,khong,test,22,3520,0.23246875,0.0,-90.0,0.0,0.0,0.0
khong/khong_05.wav,khong,test,23,3680,0.24246875,0.0,-90.0,0.0,0.0,0.0
khong/khong_05.wav,khong,test,24,3840,0.25246875,0.0,-90.0,0.0,0.0,0.0
khong/khong_05.wav,khong,test,25,4000,0.26246875,0.0,-90.0,0.0,0.0,0.0
khong/khong_05.wav,khong,test,26,4160,0.27246875,0.0,-90.0,0.0,0.0,0.0
khong/khong_05.wav,khong,test,27,4320,0.28246875,0.0,-90.0,0.0,0.0,0.0
khong/khong_05.wav,khong,test,28,4480,0.29246875,0.0,-90.0,0.0,0.0,0.0
khong/khong_05.wav,khong,test,29,4640,0.30246875,0.0,-90.0,0.0,0.0,0.0
khong/khong_05.wav,khong,test,30,4800,0.31246875,1.601502894913085e-08,-77.69167307665023,6.327524980023953e-06,0.0009608882730102301,0.17
khong/khong_05.wav,khong,test,31,4960,0.32246875,8.28786300310732e-08,-70.7634867137317,1.4394324405045309e-05,0.003407559901664626,0.33
khong/khong_05.wav,khong,test,32,5120,0.33246875,5.681050957967147e-07,-62.448075256788194,3.7686373392670554e-05,0.007860718773614857,0.2675
khong/khong_05.wav,khong,test,33,5280,0.34246875,2.070594394928173e-06,-56.83695272714512,7.194780043420669e-05,0.018389692542825263,0.1325
khong/khong_05.wav,khong,test,34,5440,0.35246875,1.9492799013856727e-06,-57.09903054840648,6.980830719523417e-05,0.01956919339453752,0.0925
khong/khong_05.wav,khong,test,35,5600,0.36246875,3.6960085337970332e-06,-54.32149546944696,9.612502969826633e-05,0.023864813464368043,0.1125
khong/khong_05.wav,khong,test,36,5760,0.37246875,2.7170623595860385e-06,-55.65740583617712,8.241757032917857e-05,0.02200174595156786,0.105
khong/khong_05.wav,khong,test,37,5920,0.38246875,1.83312815980986e-06,-57.36570321254008,6.769653166540107e-05,0.02039383880532601,0.13
khong/khong_05.wav,khong,test,38,6080,0.39246875,1.7471448033423457e-05,-47.57646242531402,0.00020899430634244235,0.05350671894877493,0.0925
khong/khong_05.wav,khong,test,39,6240,0.40246875,1.5735254660167913e-05,-48.03098624834349,0.0001983384396692174,0.054267899036136484,0.085
khong/khong_05.wav,khong,test,40,6400,0.41246875,3.762754100983485e-06,-54.24378758272003,9.69890986269009e-05,0.0289313744432265,0.1
khong/khong_05.wav,khong,test,41,6560,0.42246875,5.9902993346622175e-06,-52.224789818376934,0.00012237544008768893,0.035474375209815966,0.1075
khong/khong_05.wav,khong,test,42,6720,0.43246875,2.297884666268596e-05,-46.386528735490195,0.00023968128140661069,0.0655083019344348,0.055
khong/khong_05.wav,khong,test,43,6880,0.44246875,1.765995413512904e-05,-47.52985837314057,0.00021011874104377885,0.06263729773858286,0.045
khong/khong_05.wav,khong,test,44,7040,0.45246875,1.85651190723048e-05,-47.31278868561199,0.00021543629610806532,0.0627525105193896,0.035
khong/khong_05.wav,khong,test,45,7200,0.46246875,1.7910367602613198e-05,-47.46871252811333,0.0002116032112387073,0.06324769815267434,0.0275
khong/khong_05.wav,khong,test,46,7360,0.47246875,1.6710488837106754e-05,-47.769848568129916,0.0002043923239575471,0.059308929577876424,0.045
khong/khong_05.wav,khong,test,47,7520,0.48246875,1.1623180244675656e-05,-49.34637664482477,0.00017046392759668873,0.04806871039619943,0.065
khong/khong_05.wav,khong,test,48,7680,0.49246875,5.196792470151179e-06,-52.841810643631746,0.00011398237221332933,0.03439008727409546,0.075
khong/khong_05.wav,khong,test,49,7840,0.50246875,8.812177854183366e-06,-50.548674655171595,0.00014842656310599668,0.041848240362355044,0.0575
khong/khong_05.wav,khong,test,50,8000,0.51246875,1.4086692589639282e-05,-48.511601337642304,0.0001876612146238487,0.050689586220837815,0.0525
khong/khong_05.wav,khong,test,51,8160,0.52246875,1.05255223575316e-05,-49.7771508279254,0.0001622153072118319,0.0517188448955416,0.0225
khong/khong_05.wav,khong,test,52,8320,0.53246875,3.041714579617041e-05,-45.16867262835109,0.00027575870700745976,0.08138809403226271,0.0225
khong/khong_05.wav,khong,test,53,8480,0.54246875,3.135929754100821e-05,-45.03619825458103,0.00027999686400479655,0.0808901421388745,0.0325
khong/khong_05.wav,khong,test,54,8640,0.55246875,1.8443877989311157e-05,-47.341242132343666,0.0002147316813450635,0.061436049235166955,0.0425
khong/khong_05.wav,khong,test,55,8800,0.56246875,6.617319622560312e-06,-51.79252263020476,0.00012862075670901947,0.03822948826999721,0.0525
khong/khong_05.wav,khong,test,56,8960,0.57246875,8.513370782220815e-06,-50.69847441172482,0.00014588840582977126,0.039456184749860415,0.0675
khong/khong_05.wav,khong,test,57,9120,0.58246875,8.241823117168786e-06,-50.839240195863304,0.00014354287788992515,0.040809993900276426,0.0675
khong/khong_05.wav,khong,test,58,9280,0.59246875,6.88142992110479e-06,-51.622582020243435,0.00013116239858573027,0.03558006369838188,0.075
khong/khong_05.wav,khong,test,59,9440,0.60246875,5.789895870844785e-06,-52.372542442747246,0.00012031101228529317,0.03244567017060669,0.07
khong/khong_05.wav,khong,test,60,9600,0.61246875,4.658345311600123e-06,-53.3167510209413,0.00010791600103321244,0.029844028875587524,0.075
khong/khong_05.wav,khong,test,61,9760,0.62246875,7.965613790404987e-06,-50.98726236275066,0.00014111709491061836,0.03972208140141688,0.05
khong/khong_05.wav,khong,test,62,9920,0.63246875,1.4077747871190052e-05,-48.51435968547164,0.00018760162493426096,0.05770169992700681,0.035
khong/khong_05.wav,khong,test,63,10080,0.64246875,1.818651115460855e-05,-47.40226727312164,0.00021322822957226225,0.06422081654882737,0.025
khong/khong_05.wav,khong,test,64,10240,0.65246875,1.6265945559411556e-05,-47.88693986782002,0.00020165530962146493,0.056892381503573494,0.0375
khong/khong_05.wav,khong,test,65,10400,0.66246875,5.205771510563983e-06,-52.834314801077724,0.00011408079933279726,0.03535237458803245,0.0575
khong/khong_05.wav,khong,test,66,10560,0.67246875,1.3052714594690383e-05,-48.84265886913987,0.000180642703939921,0.049288082312134364,0.0625
khong/khong_05.wav,khong,test,67,10720,0.68246875,1.1936418234955334e-05,-49.230895900870934,0.00017274560945907812,0.04965246606870055,0.04
khong/khong_05.wav,khong,test,68,10880,0.69246875,7.373195502748789e-06,-51.32285352675184,0.00013576814338007269,0.03970388734513681,0.05
khong/khong_05.wav,khong,test,69,11040,0.70246875,8.900106300218349e-06,-50.50556012431354,0.00014916522969695675,0.040507138690456176,0.0525
khong/khong_05.wav,khong,test,70,11200,0.71246875,4.378193877033992e-06,-53.586058271618036,0.00010462067048430238,0.030252917215217976,0.0475
khong/khong_05.wav,khong,test,71,11360,0.72246875,6.925954672407758e-06,-51.59457654226536,0.0001315860428807683,0.03687180515214783,0.0525
khong/khong_05.wav,khong,test,72,11520,0.73246875,3.549799884991203e-06,-54.49673802858343,9.420456311919294e-05,0.02722875336809762,0.0675
khong/khong_05.wav,khong,test,73,11680,0.74246875,2.3664250823695732e-06,-56.257237554411816,7.69159457194926e-05,0.02241435913468359,0.0875
khong/khong_05.wav,khong,test,74,11840,0.75246875,1.8310529480044526e-06,-57.37061978979375,6.765820253310851e-05,0.019094935875868566,0.0975
khong/khong_05.wav,khong,test,75,12000,0.76246875,2.662898077545085e-06,-55.74482395570254,8.159194319209901e-05,0.022599498300781166,0.0925
khong/khong_05.wav,khong,test,76,12160,0.77246875,5.286504006409153e-06,-52.76749290546314,0.00011496199378935146,0.03367528636766816,0.0725
khong/khong_05.wav,khong,test,77,12320,0.78246875,4.161221305186421e-06,-53.806748320854425,0.00010199535902660498,0.027253236905411315,0.1
khong/khong_05.wav,khong,test,78,12480,0.79246875,3.918971315913436e-06,-54.06717110884158,9.898195941576217e-05,0.022551513314478917,0.1325
khong/khong_05.wav,khong,test,79,12640,0.80246875,2.1790829868036703e-06,-56.615269742738654,7.380858667532644e-05,0.019745113260038288,0.1425
khong/khong_05.wav,khong,test,80,12800,0.81246875,2.6496483701603754e-06,-55.76647881104228,8.138870268901537e-05,0.02195832400747603,0.135
khong/khong_05.wav,khong,test,81,12960,0.82246875,6.2325286515310345e-06,-52.05266040008855,0.00012482516424514565,0.033454025370095425,0.085
khong/khong_05.wav,khong,test,82,13120,0.83246875,8.837428676781867e-06,-50.53624938342179,0.00014863906516106277,0.040526294359002846,0.055
khong/khong_05.wav,khong,test,83,13280,0.84246875,5.701322632958322e-06,-52.43948214289006,0.00011938721280939515,0.03588642532511474,0.0225
khong/khong_05.wav,khong,test,84,13440,0.85246875,6.434413044918719e-06,-51.91423573488084,0.00012683072424415464,0.035722949362111706,0.035
khong/khong_05.wav,khong,test,85,13600,0.86246875,3.7463267674778814e-06,-54.26278434708471,9.677715080893167e-05,0.026684546235807908,0.065
khong/khong_05.wav,khong,test,86,13760,0.87246875,4.891113033418069e-06,-53.10503517044047,0.0001105793044992831,0.03060236863620612,0.0675
khong/khong_05.wav,khong,test,87,13920,0.88246875,8.345375877666295e-06,-50.78502060803257,0.0001444418211397438,0.03811470216126924,0.09
khong/khong_05.wav,khong,test,88,14080,0.89246875,3.5814822308330506e-06,-54.45815955032583,9.462402219881918e-05,0.02638072207808991,0.115
khong/khong_05.wav,khong,test,89,14240,0.90246875,2.217925973401949e-06,-56.53857186221942,7.446351410929296e-05,0.020052274788396048,0.135
khong/khong_05.wav,khong,test,90,14400,0.91246875,1.716338640963463e-06,-57.65144058129408,6.550455405854358e-05,0.017445264004515782,0.1375
khong/khong_05.wav,khong,test,91,14560,0.92246875,1.0198499266964117e-06,-59.91038098067936,5.049380968733721e-05,0.013957735206745106,0.135
khong/khong_05.wav,khong,test,92,14720,0.93246875,1.4880192682929934e-06,-58.27099682328965,6.099219762176539e-05,0.01616731420611591,0.11
khong/khong_05.wav,khong,test,93,14880,0.94246875,3.104038811550266e-06,-55.079329669731436,8.809141291224511e-05,0.024302798084477956,0.0875
khong/khong_05.wav,khong,test,94,15040,0.95246875,5.093124874348833e-06,-52.92930413205164,0.00011283976331892975,0.030530590223447673,0.0825
khong/khong_05.wav,khong,test,95,15200,0.96246875,2.8636039727294758e-06,-55.429354101177346,8.46109326968075e-05,0.024048938738286382,0.105
khong/khong_05.wav,khong,test,96,15360,0.97246875,1.6352169114220952e-06,-57.86159122920698,6.393780007597414e-05,0.017575212785740868,0.135
khong/khong_05.wav,khong,test,97,15520,0.98246875,3.537225498710757e-06,-54.512144920241035,9.403756561490143e-05,0.0234349619119217,0.1375
khong/khong_05.wav,khong,test,98,15680,0.99246875,2.4362575594056167e-06,-56.13098573926421,7.804257747226216e-05,0.021553428134902824,0.15
khong/khong_05.wav,khong,test,99,15840,1.00246875,1.1717071013901967e-06,-59.30810444946804,5.4122710145330786e-05,0.014266389786015833,0.1825
khong/khong_05.wav,khong,test,100,16000,1.01246875,4.900007226160656e-06,-53.097146571528704,0.00011067979971702894,0.025996062787356045,0.125
khong/khong_05.wav,khong,test,101,16160,1.02246875,9.585325517012002e-06,-50.18347828020859,0.00015480088434027115,0.04216568651202508,0.055
khong/khong_05.wav,khong,test,102,16320,1.03246875,5.7738289767632535e-06,-52.38460873002539,0.0001201439654826997,0.035280829954019,0.09
khong/khong_05.wav,khong,test,103,16480,1.04246875,1.0728736842247722e-06,-59.69046800080055,5.1789807979581565e-05,0.012991984859444656,0.2125
khong/khong_05.wav,khong,test,104,16640,1.05246875,7.773508948347745e-08,-71.03831674594437,1.394050658005991e-05,0.003485114563462074,0.3725
khong/khong_05.wav,khong,test,105,16800,1.06246875,8.092179252709072e-08,-70.86600553486078,1.4223377985476122e-05,0.003593149574084897,0.4775
khong/khong_05.wav,khong,test,106,16960,1.07246875,8.129704132891627e-08,-70.84615777881565,1.4256318014210074e-05,0.003629504251317091,0.485
khong/khong_05.wav,khong,test,107,17120,1.08246875,6.806733147567473e-08,-71.60727323315953,1.304485832384495e-05,0.0027534022092793016,0.2825
khong/khong_05.wav,khong,test,108,17280,1.09246875,3.6008352674952747e-09,-83.37163316332806,3.0003480079381102e-06,0.0003914046323130354,0.125
khong/khong_05.wav,khong,test,109,17440,1.10246875,0.0,-90.0,0.0,0.0,0.0
khong/khong_05.wav,khong,test,110,17600,1.11246875,0.0,-90.0,0.0,0.0,0.0
khong/khong_05.wav,khong,test,111,17760,1.12246875,0.0,-90.0,0.0,0.0,0.0
khong/khong_05.wav,khong,test,112,17920,1.13246875,0.0,-90.0,0.0,0.0,0.0
khong/khong_05.wav,khong,test,113,18080,1.14246875,0.0,-90.0,0.0,0.0,0.0
khong/khong_05.wav,khong,test,114,18240,1.15246875,0.0,-90.0,0.0,0.0,0.0
khong/khong_05.wav,khong,test,115,18400,1.16246875,0.0,-90.0,0.0,0.0,0.0
khong/khong_05.wav,khong,test,116,18560,1.17246875,0.0,-90.0,0.0,0.0,0.0
khong/khong_05.wav,khong,test,117,18720,1.18246875,0.0,-90.0,0.0,0.0,0.0
khong/khong_05.wav,khong,test,118,18880,1.19246875,0.0,-90.0,0.0,0.0,0.0
khong/khong_05.wav,khong,test,119,19040,1.20246875,0.0,-90.0,0.0,0.0,0.0
khong/khong_05.wav,khong,test,120,19200,1.21246875,0.0,-90.0,0.0,0.0,0.0
khong/khong_05.wav,khong,test,121,19360,1.22246875,0.0,-90.0,0.0,0.0,0.0
khong/khong_05.wav,khong,test,122,19520,1.23246875,0.0,-90.0,0.0,0.0,0.0
khong/khong_05.wav,khong,test,123,19680,1.24246875,0.0,-90.0,0.0,0.0,0.0
khong/khong_05.wav,khong,test,124,19840,1.25246875,0.0,-90.0,0.0,0.0,0.0
khong/khong_05.wav,khong,test,125,20000,1.26246875,0.0,-90.0,0.0,0.0,0.0
khong/khong_05.wav,khong,test,126,20160,1.27246875,0.0,-90.0,0.0,0.0,0.0
khong/khong_05.wav,khong,test,127,20320,1.28246875,0.0,-90.0,0.0,0.0,0.0
khong/khong_05.wav,khong,test,128,20480,1.29246875,0.0,-90.0,0.0,0.0,0.0
khong/khong_05.wav,khong,test,129,20640,1.30246875,0.0,-90.0,0.0,0.0,0.0
khong/khong_05.wav,khong,test,130,20800,1.31246875,0.0,-90.0,0.0,0.0,0.0
khong/khong_05.wav,khong,test,131,20960,1.32246875,0.0,-90.0,0.0,0.0,0.0
khong/khong_05.wav,khong,test,132,21120,1.33246875,0.0,-90.0,0.0,0.0,0.0
khong/khong_05.wav,khong,test,133,21280,1.34246875,0.0,-90.0,0.0,0.0,0.0
khong/khong_05.wav,khong,test,134,21440,1.35246875,0.0,-90.0,0.0,0.0,0.0
khong/khong_05.wav,khong,test,135,21600,1.36246875,0.0,-90.0,0.0,0.0,0.0
khong/khong_05.wav,khong,test,136,21760,1.37246875,0.0,-90.0,0.0,0.0,0.0
khong/khong_05.wav,khong,test,137,21920,1.38246875,0.0,-90.0,0.0,0.0,0.0
khong/khong_05.wav,khong,test,138,22080,1.39246875,0.0,-90.0,0.0,0.0,0.0
khong/khong_05.wav,khong,test,139,22240,1.40246875,0.0,-90.0,0.0,0.0,0.0
khong/khong_05.wav,khong,test,140,22400,1.41246875,0.0,-90.0,0.0,0.0,0.0
khong/khong_05.wav,khong,test,141,22560,1.42246875,0.0,-90.0,0.0,0.0,0.0
khong/khong_05.wav,khong,test,142,22720,1.43246875,0.0,-90.0,0.0,0.0,0.0
khong/khong_05.wav,khong,test,143,22880,1.44246875,0.0,-90.0,0.0,0.0,0.0
khong/khong_05.wav,khong,test,144,23040,1.45246875,0.0,-90.0,0.0,0.0,0.0
khong/khong_05.wav,khong,test,145,23200,1.46246875,0.0,-90.0,0.0,0.0,0.0
khong/khong_05.wav,khong,test,146,23360,1.47246875,0.0,-90.0,0.0,0.0,0.0
khong/khong_05.wav,khong,test,147,23520,1.48246875,0.0,-90.0,0.0,0.0,0.0
khong/khong_05.wav,khong,test,148,23680,1.49246875,0.0,-90.0,0.0,0.0,0.0
khong/khong_05.wav,khong,test,149,23840,1.50246875,0.0,-90.0,0.0,0.0,0.0
khong/khong_05.wav,khong,test,150,24000,1.51246875,0.0,-90.0,0.0,0.0,0.0
khong/khong_05.wav,khong,test,151,24160,1.52246875,0.0,-90.0,0.0,0.0,0.0
khong/khong_05.wav,khong,test,152,24320,1.53246875,0.0,-90.0,0.0,0.0,0.0
khong/khong_05.wav,khong,test,153,24480,1.54246875,0.0,-90.0,0.0,0.0,0.0
khong/khong_05.wav,khong,test,154,24640,1.55246875,0.0,-90.0,0.0,0.0,0.0
khong/khong_05.wav,khong,test,155,24800,1.56246875,0.0,-90.0,0.0,0.0,0.0
khong/khong_05.wav,khong,test,156,24960,1.57246875,0.0,-90.0,0.0,0.0,0.0
khong/khong_05.wav,khong,test,157,25120,1.58246875,0.0,-90.0,0.0,0.0,0.0
khong/khong_05.wav,khong,test,158,25280,1.59246875,0.0,-90.0,0.0,0.0,0.0
khong/khong_05.wav,khong,test,159,25440,1.60246875,0.0,-90.0,0.0,0.0,0.0
khong/khong_05.wav,khong,test,160,25600,1.61246875,0.0,-90.0,0.0,0.0,0.0
khong/khong_05.wav,khong,test,161,25760,1.62246875,0.0,-90.0,0.0,0.0,0.0
khong/khong_05.wav,khong,test,162,25920,1.63246875,0.0,-90.0,0.0,0.0,0.0
khong/khong_05.wav,khong,test,163,26080,1.64246875,0.0,-90.0,0.0,0.0,0.0
khong/khong_05.wav,khong,test,164,26240,1.65246875,2.0609450843618594e-09,-85.14144461899744,2.2698816512991704e-06,0.0002472443202285096,0.1225
khong/khong_05.wav,khong,test,165,26400,1.66246875,5.182741349605912e-08,-72.77140652456876,1.1382817478117963e-05,0.0021763341083329054,0.3075
khong/khong_05.wav,khong,test,166,26560,1.67246875,8.545028494631573e-08,-70.63233570922058,1.4615940351745738e-05,0.0036875840247138723,0.445
khong/khong_05.wav,khong,test,167,26720,1.68246875,1.03188870370264e-07,-69.82178670623193,1.606151225525355e-05,0.0041543532773358535,0.345
khong/khong_05.wav,khong,test,168,26880,1.69246875,7.321135206840818e-07,-61.34828770803094,4.278181625071807e-05,0.011522603112094566,0.1875
khong/khong_05.wav,khong,test,169,27040,1.70246875,2.987508978201018e-06,-55.24545435103078,8.642205994711388e-05,0.021249684681273653,0.1375
khong/khong_05.wav,khong,test,170,27200,1.71246875,1.6287193524707545e-06,-57.87887177293749,6.381064473249653e-05,0.017857471161243615,0.105
khong/khong_05.wav,khong,test,171,27360,1.72246875,4.037746203464449e-06,-53.93753437223192,0.00010047071965832195,0.03003864288422717,0.075
khong/khong_05.wav,khong,test,172,27520,1.73246875,6.254661327931783e-06,-52.037267713599356,0.0001250466045913661,0.037041696458051235,0.0525
khong/khong_05.wav,khong,test,173,27680,1.74246875,4.1916368537912e-06,-53.77512752484235,0.0001023674368853592,0.03178347708879601,0.055
khong/khong_05.wav,khong,test,174,27840,1.75246875,1.2073607020547367e-05,-49.18126994869206,0.00017373548155563508,0.04811029780960341,0.045
khong/khong_05.wav,khong,test,175,28000,1.76246875,1.0593459138875526e-05,-49.74921209693869,0.00016273797297247135,0.044892535262038874,0.05
khong/khong_05.wav,khong,test,176,28160,1.77246875,6.922721523029744e-06,-51.596604080762006,0.00013155532603271658,0.036086012088517805,0.0475
khong/khong_05.wav,khong,test,177,28320,1.78246875,1.3220484189892985e-05,-48.787197899864935,0.00018179991879737587,0.049145513776756224,0.0225
khong/khong_05.wav,khong,test,178,28480,1.79246875,1.1087172732101182e-05,-49.55140017218733,0.0001664870320182715,0.04833665657389437,0.045
khong/khong_05.wav,khong,test,179,28640,1.80246875,3.863598739560295e-06,-54.1289559210566,9.828019560878344e-05,0.027339927029879404,0.09
khong/khong_05.wav,khong,test,180,28800,1.81246875,3.0543398615497004e-06,-55.149404738711226,8.738334883645884e-05,0.024890442057897193,0.085
khong/khong_05.wav,khong,test,181,28960,1.82246875,5.172321482164881e-06,-52.862305326885284,0.00011371369181155013,0.030783531529630218,0.1
khong/khong_05.wav,khong,test,182,29120,1.83246875,2.6275711377741448e-06,-55.80280265050462,8.104892253716493e-05,0.021724152249901665,0.1225
khong/khong_05.wav,khong,test,183,29280,1.84246875,2.2504715757525776e-06,-56.475335315221585,7.500785918409779e-05,0.02133260910453773,0.1175
khong/khong_05.wav,khong,test,184,29440,1.85246875,4.961268824964778e-06,-53.04319712043582,0.00011136952932652605,0.028254177405293047,0.095
khong/khong_05.wav,khong,test,185,29600,1.86246875,2.312686518476602e-06,-56.356954839834074,7.603759791176668e-05,0.021137106534759365,0.1
khong/khong_05.wav,khong,test,186,29760,1.87246875,3.930867356343969e-06,-54.05401141750267,9.913207548952015e-05,0.025845235950215456,0.1325
khong/khong_05.wav,khong,test,187,29920,1.88246875,5.531782421182629e-06,-52.570564082492,0.0001175987077010482,0.03248927128524985,0.11
khong/khong_05.wav,khong,test,188,30080,1.89246875,1.9482625281299436e-05,-47.10330231585837,0.00022069563476255843,0.057455426686153666,0.095
khong/khong_05.wav,khong,test,189,30240,1.90246875,0.00020204207606198515,-36.94556028070119,0.0007107075278586564,0.195305573345532,0.07
khong/khong_05.wav,khong,test,190,30400,1.91246875,0.006876280617936428,-21.626463451014395,0.0041461670908009805,1.041652707020818,0.05
khong/khong_05.wav,khong,test,191,30560,1.92246875,0.015887697331088062,-17.98939014970775,0.006302320471677092,1.7729977222330804,0.0625
khong/khong_05.wav,khong,test,192,30720,1.93246875,0.020364278235836003,-16.9113095653004,0.007135173129615708,2.0261902493446806,0.0825
khong/khong_05.wav,khong,test,193,30880,1.94246875,0.015504867430058248,-18.095319147115386,0.006225927125749676,1.7214568322149404,0.095
khong/khong_05.wav,khong,test,194,31040,1.95246875,0.01891238823744485,-17.232536024562577,0.0068761159526008675,1.8469682582996363,0.0975
khong/khong_05.wav,khong,test,195,31200,1.96246875,0.020927245154131885,-16.792879173255006,0.0072331260797341085,2.0530631562670085,0.085
khong/khong_05.wav,khong,test,196,31360,1.97246875,0.020339768749666504,-16.916539676873786,0.00713087805772657,2.0178880771555,0.1
khong/khong_05.wav,khong,test,197,31520,1.98246875,0.019648459849814684,-17.066714641492524,0.00700864820236661,1.9347387644874123,0.1125
khong/khong_05.wav,khong,test,198,31680,1.99246875,0.020334958411340816,-16.91756690112027,0.007130034784512067,1.949801111058916,0.1175
khong/khong_05.wav,khong,test,199,31840,2.00246875,0.027644947031364067,-15.58384222137364,0.008313384844839686,2.2660757230295934,0.1125
khong/khong_05.wav,khong,test,200,32000,2.01246875,0.032139498717846354,-14.92960887730413,0.008963746247781443,2.5372008007557776,0.1075
khong/khong_05.wav,khong,test,201,32160,2.02246875,0.03295792924206396,-14.820400698109315,0.009077159418296007,2.4174943337358843,0.1175
khong/khong_05.wav,khong,test,202,32320,2.03246875,0.02502671530027503,-16.015961294658446,0.007909917082415438,2.166201582581959,0.1225
khong/khong_05.wav,khong,test,203,32480,2.04246875,0.026786113795926568,-15.720902742623952,0.00818323190981512,2.2354788038925513,0.1325
khong/khong_05.wav,khong,test,204,32640,2.05246875,0.028992251710212087,-15.377180384702957,0.008513555618866315,2.3053411156755943,0.1325
khong/khong_05.wav,khong,test,205,32800,2.06246875,0.024266252942547167,-16.149972618900843,0.007788814566823884,2.076308490054367,0.135
khong/khong_05.wav,khong,test,206,32960,2.07246875,0.01717086524861877,-17.65207794675697,0.006551882410540265,1.8185398744200336,0.1425
khong/khong_05.wav,khong,test,207,33120,2.08246875,0.01969935445786686,-17.055479832633353,0.007017719440435557,1.9665774455900724,0.145
khong/khong_05.wav,khong,test,208,33280,2.09246875,0.018335937817273384,-17.366968488490965,0.006770512871502679,1.869376947225938,0.13
khong/khong_05.wav,khong,test,209,33440,2.10246875,0.012734730551435855,-18.950102055459798,0.005642413169787342,1.5357075467776689,0.1075
khong/khong_05.wav,khong,test,210,33600,2.11246875,0.014001392032630677,-18.538287531583453,0.005916373896363946,1.6020207450064408,0.0825
khong/khong_05.wav,khong,test,211,33760,2.12246875,0.015654826526029664,-18.05351712774387,0.006255962461130514,1.709335078988313,0.075
khong/khong_05.wav,khong,test,212,33920,2.13246875,0.006736054944715019,-21.715943145636132,0.004103673642212249,1.1794103045708488,0.075
khong/khong_05.wav,khong,test,213,34080,2.14246875,0.005860618770228949,-22.320564541938932,0.0038277339152000068,1.0046353690191645,0.075
khong/khong_05.wav,khong,test,214,34240,2.15246875,0.0030797597297309988,-25.114830230430613,0.002774779148748148,0.7754778395807004,0.055
khong/khong_05.wav,khong,test,215,34400,2.16246875,0.0031485968799293603,-25.018828013130147,0.002805617971111427,0.8022266155043501,0.04
khong/khong_05.wav,khong,test,216,34560,2.17246875,0.00322205127477053,-24.91867417839762,0.0028381557721390708,0.8167325489160766,0.035
khong/khong_05.wav,khong,test,217,34720,2.18246875,0.0030303520433216614,-25.18506772212291,0.002752431671868378,0.8067685330730003,0.035
khong/khong_05.wav,khong,test,218,34880,2.19246875,0.002756765288276613,-25.596000507292448,0.0026252453639024932,0.7972205549409768,0.035
khong/khong_05.wav,khong,test,219,35040,2.20246875,0.003185105810328272,-24.968759993228566,0.002821837083500867,0.8443168184717345,0.035
khong/khong_05.wav,khong,test,220,35200,2.21246875,0.003858622801969327,-24.135675610743665,0.0031058906942974212,0.9189286037893667,0.0325
khong/khong_05.wav,khong,test,221,35360,2.22246875,0.0034964656501597674,-24.563706097719926,0.002956545978908398,0.8991748702429123,0.035
khong/khong_05.wav,khong,test,222,35520,2.23246875,0.002416795143655707,-26.16759980713253,0.0024580455364250817,0.747066629245732,0.0325
khong/khong_05.wav,khong,test,223,35680,2.24246875,0.0014252563050514509,-28.461067243737133,0.0018876283433527446,0.5705235700883182,0.03
khong/khong_05.wav,khong,test,224,35840,2.25246875,0.0022932929128040794,-26.39540281716188,0.002394416898121586,0.7114381389864826,0.03
khong/khong_05.wav,khong,test,225,36000,2.26246875,0.004992038015074057,-23.017220291018422,0.003532717797629064,1.0486165369645346,0.03
khong/khong_05.wav,khong,test,226,36160,2.27246875,0.005490487274094013,-22.60389031630911,0.003704891116515441,1.1084455890441758,0.0275
khong/khong_05.wav,khong,test,227,36320,2.28246875,0.0020717390207551905,-26.836647444072224,0.0022758179962132246,0.7101130312570278,0.025
khong/khong_05.wav,khong,test,228,36480,2.29246875,0.0010011813961432678,-29.994867952254726,0.0015820725300561191,0.50512081177097,0.025
khong/khong_05.wav,khong,test,229,36640,2.30246875,0.0010446861536531273,-29.810137457096868,0.0016160802529988473,0.4781689308835598,0.025
khong/khong_05.wav,khong,test,230,36800,2.31246875,0.000365612344089398,-34.36977961847853,0.0009560496118002952,0.3025431050613762,0.025
khong/khong_05.wav,khong,test,231,36960,2.32246875,0.0004112149430368216,-33.859300558836665,0.0010139217709429333,0.30565111462998,0.0225
khong/khong_05.wav,khong,test,232,37120,2.33246875,0.0004758338038878566,-33.22543795624415,0.0010906807551798287,0.3372928721208288,0.0225
khong/khong_05.wav,khong,test,233,37280,2.34246875,0.0003693126634042573,-34.32604624568617,0.0009608754646210108,0.2845511429116682,0.0225
khong/khong_05.wav,khong,test,234,37440,2.35246875,0.00022746150445114886,-36.43090183411472,0.0007540913479996121,0.23758804639138828,0.0225
khong/khong_05.wav,khong,test,235,37600,2.36246875,0.0005562974565809958,-32.546921449832894,0.0011792979443094479,0.3443138701125994,0.0225
khong/khong_05.wav,khong,test,236,37760,2.37246875,0.0005592442967971845,-32.523976595936375,0.0011824173298767915,0.35729527360784247,0.025
khong/khong_05.wav,khong,test,237,37920,2.38246875,0.0003718665601686416,-34.29611705626606,0.0009641920972615385,0.2922908888562328,0.0275
khong/khong_05.wav,khong,test,238,38080,2.39246875,0.00028353678662050813,-35.47389055193557,0.0008419275304628483,0.2627905261611603,0.0275
khong/khong_05.wav,khong,test,239,38240,2.40246875,0.00027721541989915547,-35.5718104945561,0.0008324893691500743,0.23550495611750283,0.025
khong/khong_05.wav,khong,test,240,38400,2.41246875,4.8334276122616716e-05,-43.15735796090721,0.0003476142838068393,0.10992592248296769,0.0225
khong/khong_05.wav,khong,test,241,38560,2.42246875,2.8375252775355398e-05,-45.47044955828295,0.0002663421332391638,0.07498260795124109,0.0475
khong/khong_05.wav,khong,test,242,38720,2.43246875,7.1533428848971094e-06,-51.454302493351875,0.00013372867012066925,0.040594508761412657,0.0725
khong/khong_05.wav,khong,test,243,38880,2.44246875,3.0909192370440234e-06,-55.09771858661931,8.790505157617541e-05,0.024079238964528793,0.1025
khong/khong_05.wav,khong,test,244,39040,2.45246875,4.149629240674594e-06,-53.8188605870062,0.00010185319387081823,0.026569974807878653,0.1375
khong/khong_05.wav,khong,test,245,39200,2.46246875,2.3969848751280887e-06,-56.201535604653294,7.74109952643694e-05,0.021538263375305143,0.1225
khong/khong_05.wav,khong,test,246,39360,2.47246875,2.0342647959883337e-06,-56.9137907933542,7.131382748086681e-05,0.019802005709292664,0.1175
khong/khong_05.wav,khong,test,247,39520,2.48246875,1.6190187670145417e-06,-57.90479954368698,6.362033415140441e-05,0.017368406954306366,0.12
khong/khong_05.wav,khong,test,248,39680,2.49246875,1.7396952986231676e-06,-57.592772436487955,6.59487547005849e-05,0.01801534288539116,0.1175
khong/khong_05.wav,khong,test,249,39840,2.50246875,4.228004627283129e-06,-53.73761839657443,0.00010281056155963657,0.026383763449103512,0.115
khong/khong_05.wav,khong,test,250,40000,2.51246875,1.63564707026899e-06,-57.860449625915976,6.394620923614218e-05,0.0179960981586032,0.1025
khong/khong_05.wav,khong,test,251,40160,2.52246875,2.738956067198517e-06,-55.62256400656335,8.274895871245929e-05,0.022212668990967938,0.1
khong/khong_05.wav,khong,test,252,40320,2.53246875,3.1018713803234783e-06,-55.082362263409024,8.80606521143734e-05,0.024225280210902474,0.1
khong/khong_05.wav,khong,test,253,40480,2.54246875,3.621176486176324e-06,-54.41030393032116,9.514694538155605e-05,0.027168279805240534,0.075
khong/khong_05.wav,khong,test,254,40640,2.55246875,7.293753840897892e-06,-51.36989358649686,0.0001350347533127851,0.03699988695919124,0.0675
khong/khong_05.wav,khong,test,255,40800,2.56246875,2.584986441268794e-06,-55.87373756523522,8.038946512554979e-05,0.02347447205597504,0.075
khong/khong_05.wav,khong,test,256,40960,2.57246875,1.4861392249503778e-06,-58.27648371224329,6.095365503705208e-05,0.017108380933165787,0.1125
khong/khong_05.wav,khong,test,257,41120,2.58246875,5.224832269335254e-06,-52.8184453369617,0.0001142894600273277,0.028353889667424106,0.12
khong/khong_05.wav,khong,test,258,41280,2.59246875,3.441120264463679e-06,-54.63173959900238,9.275128387876471e-05,0.027378817207589057,0.07
khong/khong_05.wav,khong,test,259,41440,2.60246875,3.2235260349537167e-06,-54.915341122012585,8.977090334503876e-05,0.02407557051551665,0.065
khong/khong_05.wav,khong,test,260,41600,2.61246875,7.002199520666091e-06,-51.5470350045624,0.00013230834743758698,0.036096051724501574,0.06
khong/khong_05.wav,khong,test,261,41760,2.62246875,2.2917994870170116e-05,-46.39804432599525,0.00023936371315515912,0.05965943688473616,0.0625
khong/khong_05.wav,khong,test,262,41920,2.63246875,8.056483848826955e-06,-50.9380055635517,0.00014191972950251626,0.04355217894076311,0.0525
khong/khong_05.wav,khong,test,263,42080,2.64246875,1.3465479057388003e-05,-48.707459399735654,0.00018347669509632554,0.053998981627859974,0.0325
khong/khong_05.wav,khong,test,264,42240,2.65246875,1.8599580594759254e-05,-47.30473499590425,0.00021563615533323288,0.06381034375753372,0.045
khong/khong_05.wav,khong,test,265,42400,2.66246875,8.083605164430348e-05,-40.92389534814828,0.0004495443572226869,0.11373717597042807,0.0375
khong/khong_05.wav,khong,test,266,42560,2.67246875,4.2513123328282283e-05,-43.71466771958828,0.0003260104420424378,0.10338829979363379,0.035
khong/khong_05.wav,khong,test,267,42720,2.68246875,9.858185789338059e-05,-40.06198595906043,0.0004964419852645941,0.14257374833675213,0.0225
khong/khong_05.wav,khong,test,268,42880,2.69246875,8.001167489720987e-05,-40.968412104843566,0.00044724622663922463,0.14227982276310094,0.01
khong/khong_05.wav,khong,test,269,43040,2.70246875,0.0001224569731985268,-39.120129328472075,0.0005533013943560209,0.15719921699581452,0.0075
khong/khong_05.wav,khong,test,270,43200,2.71246875,6.724313423409403e-05,-41.72345593568988,0.0004100095554803999,0.1267998631323849,0.01
khong/khong_05.wav,khong,test,271,43360,2.72246875,6.819429094354499e-05,-41.66245613435046,0.0004128991733569619,0.10704346138304892,0.0425
khong/khong_05.wav,khong,test,272,43520,2.73246875,4.818544768634504e-06,-53.16993981223152,0.00010975591975645898,0.033543668475602834,0.0825
khong/khong_05.wav,khong,test,273,43680,2.74246875,3.268030392485777e-06,-54.85581041723851,9.038847261246559e-05,0.02407582266663751,0.11
khong/khong_05.wav,khong,test,274,43840,2.75246875,1.8579827065361532e-06,-57.30724650298492,6.815391966967404e-05,0.0201874175549646,0.1025
khong/khong_05.wav,khong,test,275,44000,2.76246875,2.8738760987467434e-06,-55.41380867770913,8.476255214932393e-05,0.02300255241270992,0.0925
khong/khong_05.wav,khong,test,276,44160,2.77246875,3.3024210499258404e-06,-54.8103606814771,9.086282311712861e-05,0.023459286092459942,0.0825
khong/khong_05.wav,khong,test,277,44320,2.78246875,2.2979217522248095e-06,-56.384758104424684,7.579448779800563e-05,0.02071293428480133,0.0825
khong/khong_05.wav,khong,test,278,44480,2.79246875,2.7459924509860865e-06,-55.6114253406309,8.285518165730624e-05,0.02343037507042962,0.1075
khong/khong_05.wav,khong,test,279,44640,2.80246875,1.4587072928058027e-06,-58.35734222204505,6.0388477642796285e-05,0.017303972861882337,0.105
khong/khong_05.wav,khong,test,280,44800,2.81246875,1.2552900352791613e-06,-59.009100849777056,5.6019863336123044e-05,0.016655083917793835,0.075
khong/khong_05.wav,khong,test,281,44960,2.82246875,1.5300072855494728e-05,-48.15278116967629,0.00019557653780230598,0.055580956945141924,0.0525
khong/khong_05.wav,khong,test,282,45120,2.83246875,5.9603557481646754e-05,-42.247205319802596,0.00038601670132795663,0.10514626534515167,0.0225
khong/khong_05.wav,khong,test,283,45280,2.84246875,5.430527604047511e-05,-42.651499771838566,0.00036846056790542427,0.10744250367207361,0.0225
khong/khong_05.wav,khong,test,284,45440,2.85246875,8.559516094569137e-05,-40.675457133309166,0.0004625882644039172,0.13932338642816344,0.015
khong/khong_05.wav,khong,test,285,45600,2.86246875,4.6082625822471174e-05,-43.36453358301362,0.00033942092533634097,0.10749253005153647,0.015
khong/khong_05.wav,khong,test,286,45760,2.87246875,7.119191133502835e-05,-41.47563246831435,0.0004218764965455777,0.12410585608593774,0.015
khong/khong_05.wav,khong,test,287,45920,2.88246875,8.197555554488359e-05,-40.86310333632069,0.0004527017659146129,0.135133106811269,0.0125
khong/khong_05.wav,khong,test,288,46080,2.89246875,6.498258649712278e-05,-41.8719632326302,0.0004030588868178035,0.12619272678674823,0.0125
khong/khong_05.wav,khong,test,289,46240,2.90246875,0.00018833707388851522,-37.25061875372546,0.0006861797758031695,0.1982653301148958,0.01
khong/khong_05.wav,khong,test,290,46400,2.91246875,0.000124718674760718,-39.04065030354571,0.0005583875776750366,0.17810314554493173,0.0075
khong/khong_05.wav,khong,test,291,46560,2.92246875,0.00013970069870964356,-38.547983130287015,0.0005909752505597074,0.17161596640206667,0.015
khong/khong_05.wav,khong,test,292,46720,2.93246875,0.00012093660073949443,-39.17438651539024,0.0005498558918923539,0.16594383254748338,0.0125
khong/khong_05.wav,khong,test,293,46880,2.94246875,5.944399577808554e-05,-42.25884699454678,0.00038549966205590096,0.11155474538378009,0.0275
khong/khong_05.wav,khong,test,294,47040,2.95246875,1.4660539083882614e-05,-48.33820437569859,0.0001914454170506741,0.0597416212552096,0.0425
khong/khong_05.wav,khong,test,295,47200,2.96246875,1.4782640814897213e-05,-48.30218597666387,0.00019224099988619241,0.05858775331453012,0.0275
khong/khong_05.wav,khong,test,296,47360,2.97246875,2.4365717270873584e-05,-46.13202975828628,0.0002468082113244694,0.0723371218728499,0.025
khong/khong_05.wav,khong,test,297,47520,2.98246875,1.4949847283623166e-05,-48.25334194618798,0.00019332516186223127,0.0615817178769888,0.035
khong/khong_05.wav,khong,test,298,47680,2.99246875,2.8350195483135997e-05,-45.474286235159546,0.0002662245080901456,0.07229242577495915,0.035
khong/khong_05.wav,khong,test,299,47840,3.00246875,7.743124522859033e-06,-51.110276723376074,0.0001391323517631596,0.04232865527475594,0.0275
khong/khong_05.wav,khong,test,300,48000,3.01246875,6.547767971403897e-06,-51.838403967332184,0.00012794303391943518,0.03807648565691983,0.0375
khong/khong_05.wav,khong,test,301,48160,3.02246875,8.865090719165924e-06,-50.52267829247874,0.0001488715110352374,0.0422697188390388,0.0525
khong/khong_05.wav,khong,test,302,48320,3.03246875,2.313624366874617e-06,-56.35519479216319,7.605301385998152e-05,0.023150366007033078,0.08
khong/khong_05.wav,khong,test,303,48480,3.04246875,3.4425521190603036e-06,-54.62993339468555,9.277057883645417e-05,0.02475657089732534,0.1175
khong/khong_05.wav,khong,test,304,48640,3.05246875,1.949332327941585e-06,-57.09891380486675,6.980924594818342e-05,0.020015054278208343,0.105
khong/khong_05.wav,khong,test,305,48800,3.06246875,3.967260156903106e-06,-54.01399863482637,9.958991109674597e-05,0.02907844524975415,0.0725
khong/khong_05.wav,khong,test,306,48960,3.07246875,5.625579399030572e-06,-52.49755548238092,0.00011859151950108587,0.034885333634064736,0.04
khong/khong_05.wav,khong,test,307,49120,3.08246875,5.1056395419895395e-06,-52.91864796236828,0.00011297831143619491,0.03162619138758309,0.0625
khong/khong_05.wav,khong,test,308,49280,3.09246875,2.478170289712312e-06,-56.05693641307057,7.87110267007157e-05,0.021628047276965844,0.105
khong/khong_05.wav,khong,test,309,49440,3.10246875,1.1141956373232388e-06,-59.52648938214995,5.277773293073602e-05,0.013895196486309913,0.155
khong/khong_05.wav,khong,test,310,49600,3.11246875,1.9266338944177234e-06,-57.14975445916602,6.940161911687874e-05,0.01886800477912108,0.1425
khong/khong_05.wav,khong,test,311,49760,3.12246875,3.5376383997267143e-06,-54.51163814030128,9.40430539663445e-05,0.02317527749829374,0.145
khong/khong_05.wav,khong,test,312,49920,3.13246875,2.7645703688401693e-06,-55.582152866035386,8.313498614963753e-05,0.023213406743848607,0.12
khong/khong_05.wav,khong,test,313,50080,3.14246875,3.338526644542761e-06,-54.763150871500685,9.135817758338277e-05,0.026960765238616242,0.075
khong/khong_05.wav,khong,test,314,50240,3.15246875,1.9493027370988676e-06,-57.09897969741754,6.980871609439017e-05,0.02129556064999252,0.0575
khong/khong_05.wav,khong,test,315,50400,3.16246875,3.192554444907406e-06,-54.95725675428559,8.933860370673204e-05,0.025459805529107822,0.0625
khong/khong_05.wav,khong,test,316,50560,3.17246875,2.6665509919092875e-06,-55.73887270012897,8.164788717274452e-05,0.023409871667456138,0.1025
khong/khong_05.wav,khong,test,317,50720,3.18246875,3.1576835146924803e-06,-55.00493886189895,8.884936008059485e-05,0.023650395498069215,0.115
khong/khong_05.wav,khong,test,318,50880,3.19246875,4.524343907598987e-06,-53.44348410603062,0.00010635252591733526,0.030198704697938155,0.075
khong/khong_05.wav,khong,test,319,51040,3.20246875,1.3338360974751224e-05,-48.7486497490123,0.00018260860449846844,0.047782798681681504,0.0775
khong/khong_05.wav,khong,test,320,51200,3.21246875,4.023780883178686e-05,-43.953548839521005,0.00031716639494036434,0.09775040594717,0.0375
khong/khong_05.wav,khong,test,321,51360,3.22246875,0.0003785326633173663,-34.21895492272547,0.0009727957947552075,0.2885474930165894,0.015
khong/khong_05.wav,khong,test,322,51520,3.23246875,0.0014970267862576736,-28.24770138664036,0.0019345715199093013,0.5744535775483832,0.01
khong/khong_05.wav,khong,test,323,51680,3.24246875,0.0020961036273670123,-26.785870432751043,0.0022891612150343476,0.6900487315822252,0.01
khong/khong_05.wav,khong,test,324,51840,3.25246875,0.0014337951722234285,-28.435125833756082,0.0018932743938897423,0.5616293043435551,0.01
khong/khong_05.wav,khong,test,325,52000,3.26246875,0.0003253502892868927,-34.876474679248275,0.0009018734518862565,0.26970222861008664,0.0175
khong/khong_05.wav,khong,test,326,52160,3.27246875,3.141523924194507e-05,-45.028458044718825,0.00028024649525883936,0.08325160753148006,0.0375
khong/khong_05.wav,khong,test,327,52320,3.28246875,8.296761794793578e-06,-50.81039036690896,0.0001440205002316821,0.03941139924645563,0.055
khong/khong_05.wav,khong,test,328,52480,3.29246875,4.745064497690722e-06,-53.23666364137886,0.00010891584478039367,0.030093585883030852,0.105
khong/khong_05.wav,khong,test,329,52640,3.30246875,5.6666134839623395e-06,-52.46599775133479,0.00011902324861095772,0.032397100459019494,0.0925
khong/khong_05.wav,khong,test,330,52800,3.31246875,3.0369823962074354e-06,-55.17414747014418,8.713470026641848e-05,0.02441123352024195,0.105
khong/khong_05.wav,khong,test,331,52960,3.32246875,1.9611525038323582e-06,-57.072672410952414,7.002057740108186e-05,0.01804385453943321,0.1425
khong/khong_05.wav,khong,test,332,53120,3.33246875,1.0366443428835554e-06,-59.8395147730741,5.090786635883386e-05,0.013610046331955377,0.1675
khong/khong_05.wav,khong,test,333,53280,3.34246875,1.0536413131061413e-06,-59.76895220201023,5.132351588468344e-05,0.013856647838756606,0.125
khong/khong_05.wav,khong,test,334,53440,3.35246875,1.269883743698457e-06,-58.95894175472335,5.6344559269251036e-05,0.015032717021725673,0.125
khong/khong_05.wav,khong,test,335,53600,3.36246875,9.325637858505155e-07,-60.29856003481893,4.8284671114405334e-05,0.013043209911739826,0.1225
khong/khong_05.wav,khong,test,336,53760,3.37246875,8.301403965963774e-07,-60.80325608806788,4.555602036494127e-05,0.01349179508617902,0.11
khong/khong_05.wav,khong,test,337,53920,3.38246875,2.179015288728801e-06,-56.61540460621418,7.380744015220961e-05,0.019108398198488197,0.115
khong/khong_05.wav,khong,test,338,54080,3.39246875,2.371273444267042e-06,-56.24835252705857,7.699469858806907e-05,0.02201311676690403,0.09
khong/khong_05.wav,khong,test,339,54240,3.40246875,7.895853610360471e-06,-51.025459127406315,0.00014049780790425584,0.036461585284731465,0.07
khong/khong_05.wav,khong,test,340,54400,3.41246875,4.54009805666689e-06,-53.428391202065946,0.00010653752926395104,0.031577704870272234,0.0775
mot/mot_01.wav,mot,train,0,0,0.01246875,0.0,-90.0,0.0,0.0,0.0
mot/mot_01.wav,mot,train,1,160,0.02246875,0.0,-90.0,0.0,0.0,0.0
mot/mot_01.wav,mot,train,2,320,0.03246875,0.0,-90.0,0.0,0.0,0.0
mot/mot_01.wav,mot,train,3,480,0.04246875,0.0,-90.0,0.0,0.0,0.0
mot/mot_01.wav,mot,train,4,640,0.05246875,0.0,-90.0,0.0,0.0,0.0
mot/mot_01.wav,mot,train,5,800,0.06246875,0.0,-90.0,0.0,0.0,0.0
mot/mot_01.wav,mot,train,6,960,0.07246875,0.0,-90.0,0.0,0.0,0.0
mot/mot_01.wav,mot,train,7,1120,0.08246875,0.0,-90.0,0.0,0.0,0.0
mot/mot_01.wav,mot,train,8,1280,0.09246875,0.0,-90.0,0.0,0.0,0.0
mot/mot_01.wav,mot,train,9,1440,0.10246875,0.0,-90.0,0.0,0.0,0.0
mot/mot_01.wav,mot,train,10,1600,0.11246875,0.0,-90.0,0.0,0.0,0.0
mot/mot_01.wav,mot,train,11,1760,0.12246875,0.0,-90.0,0.0,0.0,0.0
mot/mot_01.wav,mot,train,12,1920,0.13246875,0.0,-90.0,0.0,0.0,0.0
mot/mot_01.wav,mot,train,13,2080,0.14246875,0.0,-90.0,0.0,0.0,0.0
mot/mot_01.wav,mot,train,14,2240,0.15246875,0.0,-90.0,0.0,0.0,0.0
mot/mot_01.wav,mot,train,15,2400,0.16246875,0.0,-90.0,0.0,0.0,0.0
mot/mot_01.wav,mot,train,16,2560,0.17246875,0.0,-90.0,0.0,0.0,0.0
mot/mot_01.wav,mot,train,17,2720,0.18246875,0.0,-90.0,0.0,0.0,0.0
mot/mot_01.wav,mot,train,18,2880,0.19246875,0.0,-90.0,0.0,0.0,0.0
mot/mot_01.wav,mot,train,19,3040,0.20246875,0.0,-90.0,0.0,0.0,0.0
mot/mot_01.wav,mot,train,20,3200,0.21246875,0.0,-90.0,0.0,0.0,0.0
mot/mot_01.wav,mot,train,21,3360,0.22246875,0.0,-90.0,0.0,0.0,0.0
mot/mot_01.wav,mot,train,22,3520,0.23246875,0.0,-90.0,0.0,0.0,0.0
mot/mot_01.wav,mot,train,23,3680,0.24246875,0.0,-90.0,0.0,0.0,0.0
mot/mot_01.wav,mot,train,24,3840,0.25246875,0.0,-90.0,0.0,0.0,0.0
mot/mot_01.wav,mot,train,25,4000,0.26246875,0.0,-90.0,0.0,0.0,0.0
mot/mot_01.wav,mot,train,26,4160,0.27246875,0.0,-90.0,0.0,0.0,0.0
mot/mot_01.wav,mot,train,27,4320,0.28246875,0.0,-90.0,0.0,0.0,0.0
mot/mot_01.wav,mot,train,28,4480,0.29246875,0.0,-90.0,0.0,0.0,0.0
mot/mot_01.wav,mot,train,29,4640,0.30246875,0.0,-90.0,0.0,0.0,0.0
mot/mot_01.wav,mot,train,30,4800,0.31246875,0.0,-90.0,0.0,0.0,0.0
mot/mot_01.wav,mot,train,31,4960,0.32246875,2.249998831004233e-11,-89.90336688285788,2.371707629011338e-07,6.561158470781177e-06,0.01
mot/mot_01.wav,mot,train,32,5120,0.33246875,9.914642609293685e-09,-79.61990480326145,4.978614920159443e-06,0.0005954051572539532,0.12
mot/mot_01.wav,mot,train,33,5280,0.34246875,6.424620805448921e-08,-71.85444723359255,1.2673417855346799e-05,0.002696396162006883,0.2325
mot/mot_01.wav,mot,train,34,5440,0.35246875,6.956747047154767e-07,-61.569699578046304,4.17035581430253e-05,0.00890612657955566,0.2225
mot/mot_01.wav,mot,train,35,5600,0.36246875,2.920393331076413e-06,-55.34409966471852,8.544579174945383e-05,0.021777787263377753,0.15
mot/mot_01.wav,mot,train,36,5760,0.37246875,3.1534157371375526e-06,-55.01081069267654,8.878929745664103e-05,0.023339346324314586,0.1325
mot/mot_01.wav,mot,train,37,5920,0.38246875,1.5671680185267887e-06,-58.04607407461651,6.259329074523061e-05,0.016642986465342763,0.15
mot/mot_01.wav,mot,train,38,6080,0.39246875,1.9018725139007697e-06,-57.205903070172674,6.895419700607009e-05,0.017401478751494125,0.16
mot/mot_01.wav,mot,train,39,6240,0.40246875,2.821263952847698e-06,-55.494023711966534,8.39830928349227e-05,0.023041104826157573,0.1375
mot/mot_01.wav,mot,train,40,6400,0.41246875,7.478001616066071e-06,-51.26156372934005,0.0001367296750532421,0.03510014353905875,0.095
mot/mot_01.wav,mot,train,41,6560,0.42246875,7.837531368141199e-06,-51.05765299363972,0.00013997795690876832,0.04064974456480644,0.06
mot/mot_01.wav,mot,train,42,6720,0.43246875,9.446362168772258e-06,-50.24689435455223,0.00015367467397697852,0.0405545674824627,0.085
mot/mot_01.wav,mot,train,43,6880,0.44246875,2.730409487054302e-06,-55.63613186481693,8.261975379796139e-05,0.0234316734798277,0.115
mot/mot_01.wav,mot,train,44,7040,0.45246875,3.892852101573922e-06,-54.0962054811392,9.865155981501155e-05,0.02697197893534439,0.1
mot/mot_01.wav,mot,train,45,7200,0.46246875,7.1825747406159335e-06,-51.4365938531492,0.00013400163003314487,0.040100709941708446,0.0625
mot/mot_01.wav,mot,train,46,7360,0.47246875,1.2910220429698894e-05,-48.89032704222138,0.00017965397594889805,0.047839447436838364,0.0925
mot/mot_01.wav,mot,train,47,7520,0.48246875,4.38180640083569e-06,-53.58247712760534,0.00010466382375056448,0.029559495615095282,0.09
mot/mot_01.wav,mot,train,48,7680,0.49246875,4.438763985599087e-06,-53.52640116028696,0.00010534187184589857,0.026791395874663185,0.1175
mot/mot_01.wav,mot,train,49,7840,0.50246875,2.7428821482236926e-06,-55.61634545835285,8.280824458083404e-05,0.02110869759123299,0.11
mot/mot_01.wav,mot,train,50,8000,0.51246875,2.7818430248853802e-06,-55.555112907370344,8.339428974584202e-05,0.021201019530112053,0.145
mot/mot_01.wav,mot,train,51,8160,0.52246875,2.1775601485761382e-06,-56.6183044498501,7.378279183820809e-05,0.01946334013032667,0.155
mot/mot_01.wav,mot,train,52,8320,0.53246875,2.492776759402084e-06,-56.03142426759327,7.894264942668957e-05,0.020017713985648094,0.175
mot/mot_01.wav,mot,train,53,8480,0.54246875,2.3916766928554813e-06,-56.21115980866206,7.732523347613444e-05,0.01979018836821559,0.1675
mot/mot_01.wav,mot,train,54,8640,0.55246875,1.2616811657512703e-06,-58.98706297453672,5.6162290857640194e-05,0.014866934793195136,0.185
mot/mot_01.wav,mot,train,55,8800,0.56246875,1.255660892989849e-06,-59.007818998574315,5.602813786370758e-05,0.015550148720148258,0.18
mot/mot_01.wav,mot,train,56,8960,0.57246875,4.128158177929676e-06,-53.8413848004944,0.00010158934710305107,0.025378576757140878,0.1175
mot/mot_01.wav,mot,train,57,9120,0.58246875,3.5510588417912756e-06,-54.49519848508979,9.422126673144545e-05,0.02319178246415656,0.1325
mot/mot_01.wav,mot,train,58,9280,0.59246875,1.8960259596878763e-06,-57.219267260053506,6.884812923543885e-05,0.017927797387726895,0.155
mot/mot_01.wav,mot,train,59,9440,0.60246875,3.1562237833062244e-06,-55.00694634322345,8.882882110140583e-05,0.024845966064975748,0.125
mot/mot_01.wav,mot,train,60,9600,0.61246875,4.8172385509493966e-06,-53.171117018892986,0.00010974104235596404,0.02998433628914321,0.095
mot/mot_01.wav,mot,train,61,9760,0.62246875,2.3680424003774604e-06,-56.254271663413235,7.694222508443365e-05,0.02042707217866569,0.1425
mot/mot_01.wav,mot,train,62,9920,0.63246875,1.3300269931488344e-06,-58.75813136969565,5.766339812109659e-05,0.01503346353143042,0.2075
mot/mot_01.wav,mot,train,63,10080,0.64246875,1.9531570661304546e-06,-57.09040532627299,6.987769791089384e-05,0.016522311612702338,0.215
mot/mot_01.wav,mot,train,64,10240,0.65246875,2.0306052709053464e-06,-56.92160669085152,7.124965387469168e-05,0.017642520243695337,0.175
mot/mot_01.wav,mot,train,65,10400,0.66246875,1.5427535581665281e-06,-58.114220283984885,6.210381546584977e-05,0.017021398964519808,0.13
mot/mot_01.wav,mot,train,66,10560,0.67246875,2.1063715915838224e-06,-56.762588787509394,7.256672087782081e-05,0.019438517069685232,0.1625
mot/mot_01.wav,mot,train,67,10720,0.68246875,8.553111888087228e-07,-60.6736838132431,4.62415178386459e-05,0.012778638733330929,0.1925
mot/mot_01.wav,mot,train,68,10880,0.69246875,1.3031589569813978e-06,-58.84669471539215,5.707799394209203e-05,0.013860468319035098,0.1775
mot/mot_01.wav,mot,train,69,11040,0.70246875,1.6478382068441382e-06,-57.82821957649675,6.418407526100494e-05,0.01542022166376223,0.1575
mot/mot_01.wav,mot,train,70,11200,0.71246875,1.1337972466596282e-06,-59.45081726596648,5.323995789488446e-05,0.014281271163779124,0.1875
mot/mot_01.wav,mot,train,71,11360,0.72246875,1.3190246046220346e-06,-58.794179736790056,5.7424398225450185e-05,0.015759763969345607,0.18
mot/mot_01.wav,mot,train,72,11520,0.73246875,1.9474060855250797e-06,-57.10320522650959,6.97747462468528e-05,0.018411217018586924,0.145
mot/mot_01.wav,mot,train,73,11680,0.74246875,1.6227369898909706e-06,-57.89484315667151,6.369334717792295e-05,0.016822414642154806,0.13
mot/mot_01.wav,mot,train,74,11840,0.75246875,1.256311379622679e-06,-59.00557153733878,5.604264848360307e-05,0.015455296625248553,0.13
mot/mot_01.wav,mot,train,75,12000,0.76246875,2.7498218786161685e-06,-55.605375301623226,8.291293443450438e-05,0.021477575412196956,0.1375
mot/mot_01.wav,mot,train,76,12160,0.77246875,1.9419369847118786e-06,-57.1154128464762,6.967669956147246e-05,0.01877826256086141,0.14
mot/mot_01.wav,mot,train,77,12320,0.78246875,1.1920378713174642e-06,-59.23345770040349,5.4590243435010076e-05,0.015263386965827321,0.165
mot/mot_01.wav,mot,train,78,12480,0.79246875,2.231193654267385e-06,-56.51268130822526,7.468590319242623e-05,0.0191685409060843,0.1925
mot/mot_01.wav,mot,train,79,12640,0.80246875,1.8486791392855526e-06,-57.32903601393353,6.79830703058775e-05,0.01839679479142494,0.16
mot/mot_01.wav,mot,train,80,12800,0.81246875,2.2975790081935427e-06,-56.38540563815884,7.578883506482903e-05,0.020101108708964477,0.14
mot/mot_01.wav,mot,train,81,12960,0.82246875,3.154271603300722e-06,-55.00963251082968,8.880134575698617e-05,0.023070147428364392,0.1125
mot/mot_01.wav,mot,train,82,13120,0.83246875,1.6168844535169994e-06,-57.91052498169886,6.357838574383986e-05,0.017142859613386255,0.15
mot/mot_01.wav,mot,train,83,13280,0.84246875,1.1118595590602523e-06,-59.5355963941515,5.272237568291693e-05,0.014250674756932421,0.1475
mot/mot_01.wav,mot,train,84,13440,0.85246875,3.5155328275238063e-06,-54.538853240074644,9.374877102559539e-05,0.022343819762944004,0.1125
mot/mot_01.wav,mot,train,85,13600,0.86246875,2.808841432910748e-06,-55.51318187836897,8.379799271030823e-05,0.021446732550080498,0.13
mot/mot_01.wav,mot,train,86,13760,0.87246875,1.1370708502653843e-06,-59.438307002243455,5.3316762145346565e-05,0.015229250119085942,0.15
mot/mot_01.wav,mot,train,87,13920,0.88246875,1.6970654502690078e-06,-57.70045574314174,6.513573232621645e-05,0.016941725611976204,0.1825
mot/mot_01.wav,mot,train,88,14080,0.89246875,1.434205697665511e-06,-58.430858501780634,5.987916368958219e-05,0.01603226141828436,0.2075
mot/mot_01.wav,mot,train,89,14240,0.90246875,2.350779765670994e-06,-56.28603350551734,7.666126410500602e-05,0.019874808700713634,0.2025
mot/mot_01.wav,mot,train,90,14400,0.91246875,2.9855025594996687e-06,-55.24837108716639,8.639303443420177e-05,0.022393794891972928,0.1725
mot/mot_01.wav,mot,train,91,14560,0.92246875,2.6249659674592813e-06,-55.80710906670155,8.100873359489212e-05,0.022137884507066816,0.1525
mot/mot_01.wav,mot,train,92,14720,0.93246875,2.458329209824015e-06,-56.09183332001354,7.83952997606364e-05,0.02072516308459424,0.1375
mot/mot_01.wav,mot,train,93,14880,0.94246875,2.375206121338284e-06,-56.24115889668468,7.705851869420868e-05,0.0199677174000831,0.1375
mot/mot_01.wav,mot,train,94,15040,0.95246875,2.2644455749772382e-06,-56.448463668421034,7.524037438399077e-05,0.020228700836804017,0.1325
mot/mot_01.wav,mot,train,95,15200,0.96246875,3.2112716344672343e-06,-54.931877372531815,8.960010650757111e-05,0.02649035027535255,0.1
mot/mot_01.wav,mot,train,96,15360,0.97246875,7.058390694651161e-05,-41.51288153489263,0.0004200711456006935,0.12094492219335234,0.0475
mot/mot_01.wav,mot,train,97,15520,0.98246875,0.0020951647259790343,-26.787816189833237,0.002288648469063693,0.6282158448094666,0.035
mot/mot_01.wav,mot,train,98,15680,0.99246875,0.009777120028025707,-20.097890087818094,0.0049439660263865355,1.47360746155698,0.03
mot/mot_01.wav,mot,train,99,15840,1.00246875,0.02007247089378506,-16.97399141527152,0.0070838673924956165,2.164368358136429,0.0275
mot/mot_01.wav,mot,train,100,16000,1.01246875,0.027179409013589596,-15.657599747787783,0.008243089380443111,2.5427554849960927,0.03
mot/mot_01.wav,mot,train,101,16160,1.02246875,0.034819149465520366,-14.581818292163195,0.009329944997897946,2.872525625059601,0.03
mot/mot_01.wav,mot,train,102,16320,1.03246875,0.04292608208232595,-13.672787381998138,0.010359305247255477,3.1946307472403754,0.03
mot/mot_01.wav,mot,train,103,16480,1.04246875,0.04358326240856902,-13.606802539596313,0.010438302353420434,3.09901319046809,0.03
mot/mot_01.wav,mot,train,104,16640,1.05246875,0.020707049749103663,-16.83881752125344,0.007194972159276168,2.2088156146717752,0.03
mot/mot_01.wav,mot,train,105,16800,1.06246875,0.017868589746490228,-17.479096979228384,0.006683672221632773,1.9171307082723215,0.03
mot/mot_01.wav,mot,train,106,16960,1.07246875,0.018935482862610438,-17.227235927783372,0.006880313012975942,2.0377594982883815,0.03
mot/mot_01.wav,mot,train,107,17120,1.08246875,0.026741350824343875,-15.728166421371023,0.008176391444938267,2.360907844376431,0.03
mot/mot_01.wav,mot,train,108,17280,1.09246875,0.02624260191296259,-15.809930909932937,0.008099784242954036,2.2897706666225384,0.0425
mot/mot_01.wav,mot,train,109,17440,1.10246875,0.0208050619616821,-16.81830965577848,0.00721197995727978,2.036512766493828,0.0525
mot/mot_01.wav,mot,train,110,17600,1.11246875,0.014905855331901027,-18.266430689747672,0.006104476908773803,1.7342091978619458,0.055
mot/mot_01.wav,mot,train,111,17760,1.12246875,0.010196150013878677,-19.915637408755323,0.00504879936566078,1.4663749290106205,0.0575
mot/mot_01.wav,mot,train,112,17920,1.13246875,0.006866136738213518,-21.63287488654796,0.004143107752102737,1.2691191305389606,0.0575
mot/mot_01.wav,mot,train,113,18080,1.14246875,0.008098786925312665,-20.915799733111086,0.004499663022191958,1.281687514790049,0.0625
mot/mot_01.wav,mot,train,114,18240,1.15246875,0.009292844462428394,-20.318512849927867,0.004819970036843692,1.3088546480851035,0.085
mot/mot_01.wav,mot,train,115,18400,1.16246875,0.010589681142886833,-19.751170753657917,0.005145308820393299,1.3411094573375815,0.1125
mot/mot_01.wav,mot,train,116,18560,1.17246875,0.009683464985614449,-20.139691686206,0.004920229919834654,1.3020633970038673,0.1425
mot/mot_01.wav,mot,train,117,18720,1.18246875,0.011886547377808664,-19.249442377356758,0.0054512721858775,1.3911349347800523,0.125
mot/mot_01.wav,mot,train,118,18880,1.19246875,0.0130109356219474,-18.8569143863427,0.005703274415181905,1.4468767834911744,0.0975
mot/mot_01.wav,mot,train,119,19040,1.20246875,0.013228501986573039,-18.784893002914355,0.005750761251037344,1.4434152670343345,0.0925
mot/mot_01.wav,mot,train,120,19200,1.21246875,0.013847954237474237,-18.586143489562726,0.00588386655131518,1.4574215810059432,0.0975
mot/mot_01.wav,mot,train,121,19360,1.22246875,0.014622819751920575,-18.349688436003817,0.006046242583605246,1.4750357208693372,0.1025
mot/mot_01.wav,mot,train,122,19520,1.23246875,0.017710396304775722,-17.517716959902582,0.006654020646341526,1.7737983620142244,0.0975
mot/mot_01.wav,mot,train,123,19680,1.24246875,0.0272351039592756,-15.648709466935337,0.00825153076090667,2.3366301395597144,0.085
mot/mot_01.wav,mot,train,124,19840,1.25246875,0.029353127886158185,-15.323455984856363,0.008566377280705974,2.475477646139683,0.0825
mot/mot_01.wav,mot,train,125,20000,1.26246875,0.026892771540712918,-15.703644213891433,0.008199507842046514,2.3839822469043788,0.0825
mot/mot_01.wav,mot,train,126,20160,1.27246875,0.024130280387447134,-16.174376136774953,0.007766962145434844,2.2188391176239826,0.0775
mot/mot_01.wav,mot,train,127,20320,1.28246875,0.01862950476056391,-17.29798666752017,0.006824497190373058,1.9400944606967299,0.08
mot/mot_01.wav,mot,train,128,20480,1.29246875,0.014542493723755032,-18.373610850984093,0.006029613114403575,1.7082546678117145,0.08
mot/mot_01.wav,mot,train,129,20640,1.30246875,0.01114390946011283,-19.529623860703754,0.005278235846405698,1.5074808501631525,0.075
mot/mot_01.wav,mot,train,130,20800,1.31246875,0.00986540215859134,-20.058851622137258,0.004966236542541883,1.4013043300397618,0.0675
mot/mot_01.wav,mot,train,131,20960,1.32246875,0.009447389758682818,-20.246881211813147,0.004859884195812391,1.359913066935531,0.0725
mot/mot_01.wav,mot,train,132,21120,1.33246875,0.008572109615698572,-20.669122333981107,0.004629284398181476,1.3300732914820648,0.0825
mot/mot_01.wav,mot,train,133,21280,1.34246875,0.007681299463920058,-21.14565246571095,0.004382151145248204,1.1331611096506804,0.085
mot/mot_01.wav,mot,train,134,21440,1.35246875,0.0012293629803341033,-29.10319515610236,0.0017531136445864707,0.4877068900463813,0.11
mot/mot_01.wav,mot,train,135,21600,1.36246875,0.0004497334476227256,-33.470438461667705,0.0010603459902582806,0.28946705205837003,0.1425
mot/mot_01.wav,mot,train,136,21760,1.37246875,0.00031213990201830197,-35.05649318944546,0.00088337407424361,0.23413802361206057,0.1225
mot/mot_01.wav,mot,train,137,21920,1.38246875,0.00014281883749805134,-38.45211465405906,0.0005975341778887032,0.1673718082213978,0.1225
mot/mot_01.wav,mot,train,138,22080,1.39246875,8.562936177172795e-05,-40.67372221164096,0.0004626806722020273,0.11895041851597941,0.12
mot/mot_01.wav,mot,train,139,22240,1.40246875,3.523408387303766e-05,-44.53024690377751,0.0002967915256246279,0.08168868005040358,0.135
mot/mot_01.wav,mot,train,140,22400,1.41246875,2.02093286134908e-05,-46.94426624937666,0.00022477393428448728,0.06372563326625524,0.125
mot/mot_01.wav,mot,train,141,22560,1.42246875,1.4678393130469172e-05,-48.332918984755615,0.00019156195558140695,0.04959568059907764,0.115
mot/mot_01.wav,mot,train,142,22720,1.43246875,7.731683221457499e-06,-51.11669780846252,0.00013902952223770226,0.03856019444106369,0.1375
mot/mot_01.wav,mot,train,143,22880,1.44246875,4.89418708601552e-06,-53.10230705521409,0.00011061404845244024,0.03022461310856242,0.17
mot/mot_01.wav,mot,train,144,23040,1.45246875,3.145073941272249e-06,-55.0223107449431,8.867178160599133e-05,0.023251527672415007,0.1875
mot/mot_01.wav,mot,train,145,23200,1.46246875,2.4901320512469054e-06,-56.0360325054144,7.890076126449772e-05,0.021307991280023884,0.165
mot/mot_01.wav,mot,train,146,23360,1.47246875,2.3560021085893935e-06,-56.27640028952839,7.674636976087849e-05,0.020759649871708134,0.125
mot/mot_01.wav,mot,train,147,23520,1.48246875,1.811611916158167e-06,-57.41695169270403,6.729806676566138e-05,0.017919268184924057,0.125
mot/mot_01.wav,mot,train,148,23680,1.49246875,2.052603990483329e-06,-56.87483300431663,7.163455853293382e-05,0.018333121878623154,0.155
mot/mot_01.wav,mot,train,149,23840,1.50246875,1.8286563143464666e-06,-57.37630481198891,6.761390970699866e-05,0.01825955517252246,0.1275
mot/mot_01.wav,mot,train,150,24000,1.51246875,4.131127890776663e-06,-53.83826245381107,0.00010162588118654449,0.025905192688047703,0.115
mot/mot_01.wav,mot,train,151,24160,1.52246875,1.836643164503777e-06,-57.35738816525678,6.776140428931091e-05,0.019588248997074027,0.1175
mot/mot_01.wav,mot,train,152,24320,1.53246875,1.094675140170339e-06,-59.60318191969047,5.231336206387282e-05,0.014226661746468111,0.17
mot/mot_01.wav,mot,train,153,24480,1.54246875,8.627469108552448e-07,-60.63613492846017,4.644208519369163e-05,0.011876269201298612,0.215
mot/mot_01.wav,mot,train,154,24640,1.55246875,8.677134687272887e-07,-60.61123445036347,4.657556947390146e-05,0.011172366715385667,0.215
mot/mot_01.wav,mot,train,155,24800,1.56246875,7.874336056052776e-07,-61.032348729543756,4.436872788364789e-05,0.01087993544890316,0.21
mot/mot_01.wav,mot,train,156,24960,1.57246875,1.393210787254277e-06,-58.556715613736586,5.901717519617228e-05,0.015545025915433715,0.17
mot/mot_01.wav,mot,train,157,25120,1.58246875,1.7425338453645432e-06,-57.585696177102065,6.600253490140631e-05,0.017553909411864153,0.15
mot/mot_01.wav,mot,train,158,25280,1.59246875,1.4584192941553304e-06,-58.358199164841984,6.038251597431434e-05,0.016591155955874827,0.1475
mot/mot_01.wav,mot,train,159,25440,1.60246875,1.8400576686428763e-06,-57.349326075953215,6.782436267011428e-05,0.020211145461175035,0.1225
mot/mot_01.wav,mot,train,160,25600,1.61246875,5.620419218284183e-06,-52.501540259152755,0.00011853711674286016,0.02958744500881464,0.12
mot/mot_01.wav,mot,train,161,25760,1.62246875,3.1115659912276528e-06,-55.06881432081843,8.819815745280131e-05,0.023894213968453232,0.0975
mot/mot_01.wav,mot,train,162,25920,1.63246875,1.927066434487129e-06,-57.14878005892685,6.940940920522103e-05,0.020187326238827533,0.1025
mot/mot_01.wav,mot,train,163,26080,1.64246875,1.9887796547916925e-06,-57.01195014045786,7.051204958713958e-05,0.02033523585930672,0.115
mot/mot_01.wav,mot,train,164,26240,1.65246875,6.430250770775303e-06,-51.917045558439774,0.00012678969566545326,0.034332263603096436,0.1025
mot/mot_01.wav,mot,train,165,26400,1.66246875,8.645628707126366e-06,-50.63153189562396,0.000147017249898833,0.043018155675620076,0.05
mot/mot_01.wav,mot,train,166,26560,1.67246875,4.816639097919006e-06,-53.1716573726689,0.0001097342141029748,0.03149164845049998,0.08
mot/mot_01.wav,mot,train,167,26720,1.68246875,2.2633604949391303e-06,-56.450544306199845,7.522234533267243e-05,0.019817097946949885,0.1625
mot/mot_01.wav,mot,train,168,26880,1.69246875,1.0406255228093689e-06,-59.822883871865294,5.1005527220326055e-05,0.014051193011631675,0.1975
mot/mot_01.wav,mot,train,169,27040,1.70246875,2.425351235535769e-06,-56.15046330998804,7.786769605452201e-05,0.019274636805758135,0.1525
mot/mot_01.wav,mot,train,170,27200,1.71246875,4.321548216669192e-06,-53.64260153608331,0.00010394166893827028,0.026047154331673514,0.1525
mot/mot_01.wav,mot,train,171,27360,1.72246875,2.0482899859626613e-06,-56.88396582158865,7.155924094697102e-05,0.019570773747211667,0.1475
mot/mot_01.wav,mot,train,172,27520,1.73246875,1.8120921290672075e-06,-57.41580127438443,6.730698568995657e-05,0.017937576906244042,0.2075
mot/mot_01.wav,mot,train,173,27680,1.74246875,1.2026271667136608e-06,-59.19508018488716,5.483217957353284e-05,0.014447786863684167,0.21
mot/mot_01.wav,mot,train,174,27840,1.75246875,1.8402049041057707e-06,-57.34897877019841,6.782707615889415e-05,0.017581943250798503,0.17
mot/mot_01.wav,mot,train,175,28000,1.76246875,2.274029900468959e-06,-56.43012891084521,7.539943468735291e-05,0.02097320747946134,0.17
mot/mot_01.wav,mot,train,176,28160,1.77246875,1.9270010662993065e-06,-57.148927302424326,6.940823197394e-05,0.01876660668854728,0.1675
mot/mot_01.wav,mot,train,177,28320,1.78246875,1.1761195275967235e-06,-59.29179435593218,5.42245223030301e-05,0.014463106016042483,0.18
mot/mot_01.wav,mot,train,178,28480,1.79246875,1.4268042463496565e-06,-58.45331330765517,5.972445576038463e-05,0.014694851680666903,0.175
mot/mot_01.wav,mot,train,179,28640,1.80246875,1.6173749741851572e-06,-57.909208459177535,6.358802902640475e-05,0.01705634326516795,0.1575
mot/mot_01.wav,mot,train,180,28800,1.81246875,2.1249216338811627e-06,-56.72452748561666,7.288555470532489e-05,0.01944897451110988,0.1475
mot/mot_01.wav,mot,train,181,28960,1.82246875,1.9838887839457524e-06,-57.02263822337544,7.04252934666543e-05,0.01866096245249234,0.1575
mot/mot_01.wav,mot,train,182,29120,1.83246875,1.6135397166707137e-06,-57.91951267141849,6.351259159943628e-05,0.015970565231167067,0.1775
mot/mot_01.wav,mot,train,183,29280,1.84246875,2.206038550474917e-06,-56.561900809242935,7.426369487298146e-05,0.01850654624686757,0.1775
mot/mot_01.wav,mot,train,184,29440,1.85246875,1.760928313733841e-06,-57.54011765380926,6.634998707109597e-05,0.018535860475091624,0.1425
mot/mot_01.wav,mot,train,185,29600,1.86246875,2.8390218798811346e-06,-55.4667831408147,8.424698629448318e-05,0.021251892297810347,0.1475
mot/mot_01.wav,mot,train,186,29760,1.87246875,1.5788452592453621e-06,-58.013854487081844,6.282605469161187e-05,0.017425569441035176,0.1475
mot/mot_01.wav,mot,train,187,29920,1.88246875,1.6762691886582884e-06,-57.75397230913867,6.473540740310299e-05,0.01703791343376861,0.145
mot/mot_01.wav,mot,train,188,30080,1.89246875,2.5871490450878595e-06,-55.870107173405195,8.04230850733771e-05,0.021003666776028107,0.125
mot/mot_01.wav,mot,train,189,30240,1.90246875,2.485774729335377e-06,-56.04363554592431,7.883169935589644e-05,0.020498806293506984,0.1325
mot/mot_01.wav,mot,train,190,30400,1.91246875,1.5415370952330962e-06,-58.11764383170684,6.207932617291154e-05,0.01638008820199721,0.165
mot/mot_01.wav,mot,train,191,30560,1.92246875,9.597424532376282e-07,-60.17393018292317,4.89832229757707e-05,0.012991168955447122,0.1925
mot/mot_01.wav,mot,train,192,30720,1.93246875,1.6441242755645353e-06,-57.83801289110186,6.4111704773086e-05,0.015582516303385991,0.1775
mot/mot_01.wav,mot,train,193,30880,1.94246875,2.117015287530747e-06,-56.74070909541903,7.274983311889359e-05,0.018922462439536922,0.1425
mot/mot_01.wav,mot,train,194,31040,1.95246875,1.541793375882994e-06,-58.116922344829725,6.208448630461143e-05,0.016931509501515417,0.1025
mot/mot_01.wav,mot,train,195,31200,1.96246875,1.6893951746091422e-06,-57.72011755688122,6.498836770163454e-05,0.01698960041368197,0.1525
mot/mot_01.wav,mot,train,196,31360,1.97246875,1.8790107857959302e-06,-57.258396591415234,6.853850716560601e-05,0.01879311318068287,0.1325
mot/mot_01.wav,mot,train,197,31520,1.98246875,2.832413062121227e-06,-55.476901083163824,8.414887197879166e-05,0.023205274880422865,0.125
mot/mot_01.wav,mot,train,198,31680,1.99246875,4.697535097722231e-06,-53.280375246476964,0.0001083689888496962,0.03237732607246576,0.105
mot/mot_01.wav,mot,train,199,31840,2.00246875,3.0655478991999395e-05,-45.134777269166236,0.0002768369510740907,0.07584985530840001,0.0925
mot/mot_01.wav,mot,train,200,32000,2.01246875,0.00011716404256489713,-39.3120194536375,0.0005412117020281831,0.16833271403657385,0.03
mot/mot_01.wav,mot,train,201,32160,2.02246875,0.0009144130149128262,-30.388571262778438,0.001511963140186316,0.4374979500469184,0.0125
mot/mot_01.wav,mot,train,202,32320,2.03246875,0.002279681104989149,-26.42125709874382,0.0023873003083970967,0.7079766894678169,0.01
mot/mot_01.wav,mot,train,203,32480,2.04246875,0.0016080310735420555,-27.937052931351968,0.002005013138075444,0.6081203196310352,0.01
mot/mot_01.wav,mot,train,204,32640,2.05246875,0.0006071021937361725,-32.16737482464972,0.0012319721930061699,0.37183651025468945,0.0075
mot/mot_01.wav,mot,train,205,32800,2.06246875,0.00012304205664612826,-39.09942888628001,0.0005546216202198763,0.16540805749970255,0.0225
mot/mot_01.wav,mot,train,206,32960,2.07246875,1.6894346718698458e-05,-47.722328914018135,0.0002055136657177477,0.06162937134397086,0.0375
mot/mot_01.wav,mot,train,207,33120,2.08246875,7.517946090632997e-06,-51.23843028969364,0.00013709436613727966,0.042137375903707176,0.0475
mot/mot_01.wav,mot,train,208,33280,2.09246875,1.6483073916748927e-05,-47.82935446709679,0.00020299676054526662,0.057094856344937855,0.0375
mot/mot_01.wav,mot,train,209,33440,2.10246875,1.1590138732261863e-05,-49.35873896146461,0.0001702214640715285,0.05060771072578181,0.04
mot/mot_01.wav,mot,train,210,33600,2.11246875,6.617869724104719e-06,-51.79216166828286,0.0001286261027562516,0.03609085217477656,0.0675
mot/mot_01.wav,mot,train,211,33760,2.12246875,2.9025214447151313e-06,-55.370749620236126,8.518393987007074e-05,0.02329300717987718,0.0825
mot/mot_01.wav,mot,train,212,33920,2.13246875,2.1645793044198927e-06,-56.64425907597352,7.356254659165717e-05,0.01919417967107075,0.1425
mot/mot_01.wav,mot,train,213,34080,2.14246875,1.6693824384094084e-06,-57.771840846153204,6.460229172423779e-05,0.017209455692627815,0.1525
mot/mot_01.wav,mot,train,214,34240,2.15246875,1.3151042863150056e-06,-58.80709696454054,5.7338998210533064e-05,0.015372196264428954,0.17
mot/mot_01.wav,mot,train,215,34400,2.16246875,1.3710715604564104e-06,-58.62623237389557,5.854638247698167e-05,0.014685154819383293,0.2125
mot/mot_01.wav,mot,train,216,34560,2.17246875,1.1828988983525546e-06,-59.26685383561029,5.438057783695744e-05,0.014947373352828194,0.2025
mot/mot_01.wav,mot,train,217,34720,2.18246875,1.3921742999380518e-06,-58.559945456249665,5.899521802523599e-05,0.01428832302937208,0.1975
mot/mot_01.wav,mot,train,218,34880,2.19246875,1.0303944857967481e-06,-59.86575194816492,5.0754174355336235e-05,0.01247215346308152,0.21
mot/mot_02.wav,mot,train,0,0,0.01246875,0.0,-90.0,0.0,0.0,0.0
mot/mot_02.wav,mot,train,1,160,0.02246875,0.0,-90.0,0.0,0.0,0.0
mot/mot_02.wav,mot,train,2,320,0.03246875,0.0,-90.0,0.0,0.0,0.0
mot/mot_02.wav,mot,train,3,480,0.04246875,0.0,-90.0,0.0,0.0,0.0
mot/mot_02.wav,mot,train,4,640,0.05246875,0.0,-90.0,0.0,0.0,0.0
mot/mot_02.wav,mot,train,5,800,0.06246875,0.0,-90.0,0.0,0.0,0.0
mot/mot_02.wav,mot,train,6,960,0.07246875,0.0,-90.0,0.0,0.0,0.0
mot/mot_02.wav,mot,train,7,1120,0.08246875,0.0,-90.0,0.0,0.0,0.0
mot/mot_02.wav,mot,train,8,1280,0.09246875,0.0,-90.0,0.0,0.0,0.0
mot/mot_02.wav,mot,train,9,1440,0.10246875,0.0,-90.0,0.0,0.0,0.0
mot/mot_02.wav,mot,train,10,1600,0.11246875,0.0,-90.0,0.0,0.0,0.0
mot/mot_02.wav,mot,train,11,1760,0.12246875,0.0,-90.0,0.0,0.0,0.0
mot/mot_02.wav,mot,train,12,1920,0.13246875,0.0,-90.0,0.0,0.0,0.0
mot/mot_02.wav,mot,train,13,2080,0.14246875,0.0,-90.0,0.0,0.0,0.0
mot/mot_02.wav,mot,train,14,2240,0.15246875,0.0,-90.0,0.0,0.0,0.0
mot/mot_02.wav,mot,train,15,2400,0.16246875,0.0,-90.0,0.0,0.0,0.0
mot/mot_02.wav,mot,train,16,2560,0.17246875,0.0,-90.0,0.0,0.0,0.0
mot/mot_02.wav,mot,train,17,2720,0.18246875,0.0,-90.0,0.0,0.0,0.0
mot/mot_02.wav,mot,train,18,2880,0.19246875,0.0,-90.0,0.0,0.0,0.0
mot/mot_02.wav,mot,train,19,3040,0.20246875,0.0,-90.0,0.0,0.0,0.0
mot/mot_02.wav,mot,train,20,3200,0.21246875,0.0,-90.0,0.0,0.0,0.0
mot/mot_02.wav,mot,train,21,3360,0.22246875,0.0,-90.0,0.0,0.0,0.0
mot/mot_02.wav,mot,train,22,3520,0.23246875,0.0,-90.0,0.0,0.0,0.0
mot/mot_02.wav,mot,train,23,3680,0.24246875,0.0,-90.0,0.0,0.0,0.0
mot/mot_02.wav,mot,train,24,3840,0.25246875,0.0,-90.0,0.0,0.0,0.0
mot/mot_02.wav,mot,train,25,4000,0.26246875,0.0,-90.0,0.0,0.0,0.0
mot/mot_02.wav,mot,train,26,4160,0.27246875,0.0,-90.0,0.0,0.0,0.0
mot/mot_02.wav,mot,train,27,4320,0.28246875,0.0,-90.0,0.0,0.0,0.0
mot/mot_02.wav,mot,train,28,4480,0.29246875,0.0,-90.0,0.0,0.0,0.0
mot/mot_02.wav,mot,train,29,4640,0.30246875,0.0,-90.0,0.0,0.0,0.0
mot/mot_02.wav,mot,train,30,4800,0.31246875,0.0,-90.0,0.0,0.0,0.0
mot/mot_02.wav,mot,train,31,4960,0.32246875,0.0,-90.0,0.0,0.0,0.0
mot/mot_02.wav,mot,train,32,5120,0.33246875,7.714261033937456e-09,-80.59769435001516,4.391543303309628e-06,0.0005234355410058004,0.1275
mot/mot_02.wav,mot,train,33,5280,0.34246875,9.745943026206605e-07,-60.107307445899934,4.936077143391958e-05,0.008984682915858754,0.185
mot/mot_02.wav,mot,train,34,5440,0.35246875,9.653561194469795e-06,-50.1526746037771,0.0001553509027530078,0.041511214334306476,0.1375
mot/mot_02.wav,mot,train,35,5600,0.36246875,1.6198307379258053e-05,-47.90503553839884,0.00020123560432524145,0.052864091135512534,0.0575
mot/mot_02.wav,mot,train,36,5760,0.37246875,5.198856135576644e-06,-52.84008671824722,0.0001140050013768765,0.03346821602701617,0.08
mot/mot_02.wav,mot,train,37,5920,0.38246875,5.339491470953184e-06,-52.72418774188412,0.00011553669840091052,0.03240538762041486,0.0775
mot/mot_02.wav,mot,train,38,6080,0.39246875,3.349826693630577e-06,-54.74848033503518,9.151265887338452e-05,0.025875676530581124,0.08
mot/mot_02.wav,mot,train,39,6240,0.40246875,5.240888202351304e-06,-52.80512245812097,0.00011446493133653756,0.031041582853180885,0.09
mot/mot_02.wav,mot,train,40,6400,0.41246875,4.429718419058569e-06,-53.53525849366909,0.00010523448126753143,0.029138931331690647,0.0775
mot/mot_02.wav,mot,train,41,6560,0.42246875,6.745942802737863e-06,-51.7089297156408,0.00012986476430057792,0.030543475042556147,0.0825
mot/mot_02.wav,mot,train,42,6720,0.43246875,4.01548038828714e-06,-53.961543492730826,0.00010019331799435456,0.02887138601786416,0.0925
mot/mot_02.wav,mot,train,43,6880,0.44246875,6.597427143497894e-06,-51.80559574201452,0.00012842728627026554,0.03350674827607094,0.095
mot/mot_02.wav,mot,train,44,7040,0.45246875,4.929150437914352e-06,-53.0713982852008,0.00011100845055573868,0.02896188466875871,0.1125
mot/mot_02.wav,mot,train,45,7200,0.46246875,1.2958371618949377e-06,-58.87114552929232,5.691742180332261e-05,0.016135305688006293,0.1575
mot/mot_02.wav,mot,train,46,7360,0.47246875,1.9596657144019294e-06,-57.07596445478613,6.9994030359773e-05,0.018265830440008925,0.1625
mot/mot_02.wav,mot,train,47,7520,0.48246875,4.5975605998723674e-06,-53.37378086004894,0.00010720961477256095,0.03039657828323627,0.1
mot/mot_02.wav,mot,train,48,7680,0.49246875,1.3432787600256843e-05,-48.71801522552559,0.00018325383761504726,0.04538851950193647,0.07
mot/mot_02.wav,mot,train,49,7840,0.50246875,4.186682562075944e-06,-53.78026246468786,0.00010230692256729191,0.028851153749265543,0.085
mot/mot_02.wav,mot,train,50,8000,0.51246875,3.0298400679792505e-06,-55.184369799724095,8.703217893370317e-05,0.02321736081201903,0.1075
mot/mot_02.wav,mot,train,51,8160,0.52246875,1.902603800138362e-06,-57.2042343689625,6.896745247104539e-05,0.01810631995585826,0.1375
mot/mot_02.wav,mot,train,52,8320,0.53246875,5.7218181460036104e-06,-52.42390054448413,0.0001196016110468794,0.030564270335840277,0.0975
mot/mot_02.wav,mot,train,53,8480,0.54246875,5.617346725528353e-06,-52.5039146265363,0.00011850471220091158,0.034084209154685456,0.0575
mot/mot_02.wav,mot,train,54,8640,0.55246875,3.832092881215827e-06,-54.16450657053819,9.787866061118515e-05,0.027793639582550645,0.0775
mot/mot_02.wav,mot,train,55,8800,0.56246875,4.207857007276938e-06,-53.75835828826813,0.00010256530855114873,0.02920638979664246,0.105
mot/mot_02.wav,mot,train,56,8960,0.57246875,3.2343715363098124e-06,-54.900758395998885,8.99217929134786e-05,0.01965790641318145,0.2075
mot/mot_02.wav,mot,train,57,9120,0.58246875,5.884908530125708e-07,-62.29522929359369,3.835657873861311e-05,0.009939209614889349,0.21
mot/mot_02.wav,mot,train,58,9280,0.59246875,2.2091028254160847e-06,-56.55587520218979,7.431525458168203e-05,0.01951269625791932,0.1625
mot/mot_02.wav,mot,train,59,9440,0.60246875,2.1471906355817765e-06,-56.67927180929869,7.326647656980948e-05,0.019508172341878495,0.135
mot/mot_02.wav,mot,train,60,9600,0.61246875,1.3357278263239555e-06,-58.739570112560635,5.778684595831381e-05,0.01641013774897291,0.14
mot/mot_02.wav,mot,train,61,9760,0.62246875,7.253361519004822e-06,-51.39400805276584,0.00013466032748182387,0.03334663318455382,0.1225
mot/mot_02.wav,mot,train,62,9920,0.63246875,1.1893532059353204e-05,-49.2465263879176,0.0001724350026774814,0.04637797985882828,0.0575
mot/mot_02.wav,mot,train,63,10080,0.64246875,5.835971296846992e-06,-52.33812442316294,0.00012078877531508249,0.034690396368104386,0.0475
mot/mot_02.wav,mot,train,64,10240,0.65246875,6.121225734932877e-06,-52.13090661405076,0.00012370555499787464,0.03408217412929598,0.05
mot/mot_02.wav,mot,train,65,10400,0.66246875,5.946529446235763e-06,-52.25663399092117,0.00012192753427995421,0.034936564786185224,0.0675
mot/mot_02.wav,mot,train,66,10560,0.67246875,8.306311175261834e-06,-50.805395214273815,0.00014410335852489553,0.03908822729583837,0.0725
mot/mot_02.wav,mot,train,67,10720,0.68246875,6.917281133192762e-06,-51.600017938519365,0.00013150362288918852,0.038752067625544076,0.05
mot/mot_02.wav,mot,train,68,10880,0.69246875,1.1402921441087174e-05,-49.429457831040594,0.00016884106018003422,0.0468109705019264,0.0725
mot/mot_02.wav,mot,train,69,11040,0.70246875,5.403888580007801e-06,-52.672132544556376,0.00011623132731763628,0.03523615084189239,0.0625
mot/mot_02.wav,mot,train,70,11200,0.71246875,1.3862322491400655e-05,-48.581326739983965,0.00018616070001077465,0.0508685500858683,0.0625
mot/mot_02.wav,mot,train,71,11360,0.72246875,7.074437742493309e-06,-51.502466860837586,0.000132989076078576,0.03792312814431846,0.0525
mot/mot_02.wav,mot,train,72,11520,0.73246875,6.043050309095498e-06,-52.18671929364178,0.00012291308218712418,0.033571136133690185,0.0925
mot/mot_02.wav,mot,train,73,11680,0.74246875,5.414008415907004e-06,-52.664008640655986,0.00011634010933365805,0.03378151535397106,0.0875
mot/mot_02.wav,mot,train,74,11840,0.75246875,6.171988677663031e-06,-52.095045196039216,0.000124217437158225,0.035443061255767995,0.075
mot/mot_02.wav,mot,train,75,12000,0.76246875,5.572549150353168e-06,-52.538681646921184,0.00011803123686500502,0.0340094260279976,0.06
mot/mot_02.wav,mot,train,76,12160,0.77246875,5.4134707772138065e-06,-52.66443985902529,0.00011633433260664935,0.03355055462015907,0.065
mot/mot_02.wav,mot,train,77,12320,0.78246875,8.137333683733788e-06,-50.89464507400731,0.00014263006067913759,0.041592806841206975,0.05
mot/mot_02.wav,mot,train,78,12480,0.79246875,1.4154969011548547e-05,-48.49060396735865,0.00018811545000044883,0.05648425935810906,0.05
mot/mot_02.wav,mot,train,79,12640,0.80246875,7.524375951389382e-05,-41.235237414942596,0.00043371580416758456,0.12062974839264776,0.04
mot/mot_02.wav,mot,train,80,12800,0.81246875,0.00017347165654129244,-37.60768970723743,0.00065854319626979,0.20156547685297424,0.0325
mot/mot_02.wav,mot,train,81,12960,0.82246875,0.0004131021477666593,-33.8394149577025,0.0010162457229512202,0.30877202308852075,0.03
mot/mot_02.wav,mot,train,82,13120,0.83246875,0.0008490220617916593,-30.710805129682576,0.0014568991572786183,0.4531914960583585,0.03
mot/mot_02.wav,mot,train,83,13280,0.84246875,0.0020920419353699215,-26.79429406610265,0.0022869422464121833,0.6919645678436884,0.03
mot/mot_02.wav,mot,train,84,13440,0.85246875,0.0029579214108462083,-25.29013222152274,0.002719338803296772,0.8280704223217906,0.0275
mot/mot_02.wav,mot,train,85,13600,0.86246875,0.0030827123334860895,-25.110668591442604,0.002776108937652704,0.8551036854974342,0.03
mot/mot_02.wav,mot,train,86,13760,0.87246875,0.00337757218924811,-24.71395231397804,0.0029058441928500353,0.8964187326178741,0.0275
mot/mot_02.wav,mot,train,87,13920,0.88246875,0.004188755091684395,-23.779149275641934,0.003236029624278954,0.965309742039941,0.03
mot/mot_02.wav,mot,train,88,14080,0.89246875,0.0037912446447540705,-24.21218075582793,0.003078654188421489,0.9528178857161521,0.0275
mot/mot_02.wav,mot,train,89,14240,0.90246875,0.0035651443311556733,-24.479227616795814,0.002985441479561973,0.9205170508062525,0.03
mot/mot_02.wav,mot,train,90,14400,0.91246875,0.006190137058678684,-22.082996647999625,0.00393387120362331,1.0396458871392027,0.0525
mot/mot_02.wav,mot,train,91,14560,0.92246875,0.009065991544966498,-20.42584642400786,0.004760775027494604,1.1809774450338457,0.0625
mot/mot_02.wav,mot,train,92,14720,0.93246875,0.009046899428519148,-20.4350018956422,0.004755759515713328,1.1773818880960314,0.0775
mot/mot_02.wav,mot,train,93,14880,0.94246875,0.01089555802094802,-19.627504823993952,0.005219089484993532,1.2072181023808402,0.095
mot/mot_02.wav,mot,train,94,15040,0.95246875,0.014239538677884796,-18.465040499256954,0.005966476908085038,1.4621389290824771,0.095
mot/mot_02.wav,mot,train,95,15200,0.96246875,0.01720331104839549,-17.643879329837603,0.006558069656613044,1.7656294622304598,0.085
mot/mot_02.wav,mot,train,96,15360,0.97246875,0.01708855876123582,-17.67294538455711,0.006536160715824662,1.8146495929221034,0.0775
mot/mot_02.wav,mot,train,97,15520,0.98246875,0.01666169944043952,-17.78280677946378,0.006454010272776051,1.763011558086602,0.0875
mot/mot_02.wav,mot,train,98,15680,0.99246875,0.017207446600904744,-17.642835442599228,0.006558857865685295,1.7027475949170272,0.095
mot/mot_02.wav,mot,train,99,15840,1.00246875,0.01662902534768685,-17.79133178573982,0.006447678913315793,1.6704150965609348,0.0925
mot/mot_02.wav,mot,train,100,16000,1.01246875,0.015068442076526797,-18.219316181700208,0.00613767913720789,1.680214188760928,0.08
mot/mot_02.wav,mot,train,101,16160,1.02246875,0.015097345562111775,-18.210993755343033,0.006143562802257289,1.7942276765330414,0.08
mot/mot_02.wav,mot,train,102,16320,1.03246875,0.01656209972913697,-17.808845783476585,0.006434691082161009,1.9083702210630535,0.0775
mot/mot_02.wav,mot,train,103,16480,1.04246875,0.01817182277297986,-17.406014835453664,0.006740145171466981,2.006967718688,0.08
mot/mot_02.wav,mot,train,104,16640,1.05246875,0.02246147508640827,-16.485617068850008,0.007493576430251491,2.1934632970825656,0.08
mot/mot_02.wav,mot,train,105,16800,1.06246875,0.02835340790689625,-15.473947187656783,0.008419235105830019,2.348316851530498,0.0775
mot/mot_02.wav,mot,train,106,16960,1.07246875,0.023877269346616804,-16.220153233199298,0.007726135733116654,2.1534085473112654,0.0775
mot/mot_02.wav,mot,train,107,17120,1.08246875,0.012596543361562768,-18.997485795284693,0.005611716172785908,1.701409081392079,0.0775
mot/mot_02.wav,mot,train,108,17280,1.09246875,0.013993131238087144,-18.540850616726587,0.005914628314206892,1.6927294819643937,0.0775
mot/mot_02.wav,mot,train,109,17440,1.10246875,0.016028012086021216,-17.951203116608202,0.006330089273861234,1.7859795923099757,0.075
mot/mot_02.wav,mot,train,110,17600,1.11246875,0.018116788715716606,-17.419187565636648,0.006729931038969977,1.8770254409559315,0.0775
mot/mot_02.wav,mot,train,111,17760,1.12246875,0.018582918930062683,-17.30886044385452,0.00681595901727385,1.9549591479180468,0.0775
mot/mot_02.wav,mot,train,112,17920,1.13246875,0.017298586210982427,-17.619893645896422,0.006576204492521204,1.874435631079858,0.085
mot/mot_02.wav,mot,train,113,18080,1.14246875,0.013103853068743187,-18.82600952083387,0.005723603119701607,1.6402169201381596,0.0975
mot/mot_02.wav,mot,train,114,18240,1.15246875,0.012431089552597373,-19.054907699746234,0.005574739803927483,1.5656456936430667,0.105
mot/mot_02.wav,mot,train,115,18400,1.16246875,0.011944681028915723,-19.22825406811996,0.005464586221507472,1.5018435223009263,0.1125
mot/mot_02.wav,mot,train,116,18560,1.17246875,0.013943135469103519,-18.55639521933361,0.005904052732891094,1.5861961225686143,0.12
mot/mot_02.wav,mot,train,117,18720,1.18246875,0.012568055316011685,-19.00731881940209,0.00560536691841214,1.5392128561637346,0.125
mot/mot_02.wav,mot,train,118,18880,1.19246875,0.008229627901477944,-20.846197479802022,0.00453586482974249,1.287984356482679,0.125
mot/mot_02.wav,mot,train,119,19040,1.20246875,0.006670977306861504,-21.75810471613293,0.004083802549971504,1.149962736133486,0.12
mot/mot_02.wav,mot,train,120,19200,1.21246875,0.006890491432275096,-21.61749739924337,0.004150449202277718,1.1623228980280862,0.115
mot/mot_02.wav,mot,train,121,19360,1.22246875,0.007327501167147957,-21.350440444445923,0.004280041228524545,1.1882420632289081,0.115
mot/mot_02.wav,mot,train,122,19520,1.23246875,0.007298634008475233,-21.367583540873703,0.004271602160921366,1.1633429535291562,0.12
mot/mot_02.wav,mot,train,123,19680,1.24246875,0.006822535800570267,-21.660541130796133,0.004129932142472279,1.0943794596259295,0.1225
mot/mot_02.wav,mot,train,124,19840,1.25246875,0.00511258462106861,-22.913594057432793,0.0035751169984591445,0.9238329130492434,0.115
mot/mot_02.wav,mot,train,125,20000,1.26246875,0.0048584019373522375,-23.13506469314383,0.003485111883911418,0.8809864230562047,0.11
mot/mot_02.wav,mot,train,126,20160,1.27246875,0.0049885209694730415,-23.020281108066104,0.0035314731237378267,0.9076136299043132,0.1
mot/mot_02.wav,mot,train,127,20320,1.28246875,0.004451256141718341,-23.515173165232213,0.0033358867418268046,0.877830954000149,0.1
mot/mot_02.wav,mot,train,128,20480,1.29246875,0.004134202439076786,-23.836081560845027,0.0032148881936533914,0.8664446308974241,0.1
mot/mot_02.wav,mot,train,129,20640,1.30246875,0.003923937612644698,-24.062777954812343,0.0031320670541372104,0.8580997621890534,0.1
mot/mot_02.wav,mot,train,130,20800,1.31246875,0.003391282210202274,-24.696359402448792,0.0029117358268746984,0.7978776696072419,0.1
mot/mot_02.wav,mot,train,131,20960,1.32246875,0.0029655106252898136,-25.27900369122024,0.002722825106984386,0.7752561954433677,0.1
mot/mot_02.wav,mot,train,132,21120,1.33246875,0.002899134118608147,-25.37731543217464,0.0026921803982126397,0.7805732766849518,0.1
mot/mot_02.wav,mot,train,133,21280,1.34246875,0.003192752392358828,-24.958346249850948,0.0028252222887583675,0.8227796837675767,0.1
mot/mot_02.wav,mot,train,134,21440,1.35246875,0.0033470708589723153,-24.753349635848146,0.0028926937527900855,0.8414287760374113,0.1
mot/mot_02.wav,mot,train,135,21600,1.36246875,0.003391866196704808,-24.695611602087695,0.0029119865198455196,0.8585752553237642,0.105
mot/mot_02.wav,mot,train,136,21760,1.37246875,0.003910090032771938,-24.078131314608328,0.003126535635800405,0.9189451253316243,0.115
mot/mot_02.wav,mot,train,137,21920,1.38246875,0.0049973275765694755,-23.012620945638886,0.003534588935282813,1.044735310716114,0.12
mot/mot_02.wav,mot,train,138,22080,1.39246875,0.006684319820209006,-21.74942713909892,0.004087884483510085,1.2038689239604303,0.125
mot/mot_02.wav,mot,train,139,22240,1.40246875,0.005505472877955555,-22.59205293636132,0.0037099436916062335,1.0704630648039049,0.1275
mot/mot_02.wav,mot,train,140,22400,1.41246875,0.002273690403270582,-26.432684802601422,0.0023841614895338896,0.6939101021171765,0.1275
mot/mot_02.wav,mot,train,141,22560,1.42246875,0.001454847405911472,-28.37182257472626,0.0019071230990103077,0.5535623630056101,0.1325
mot/mot_02.wav,mot,train,142,22720,1.43246875,0.0015068723999936149,-28.21923233414473,0.0019409227187046983,0.5063087042242891,0.14
mot/mot_02.wav,mot,train,143,22880,1.44246875,0.0006248603457784743,-32.042163401659025,0.001249860337976282,0.33661948498292293,0.135
mot/mot_02.wav,mot,train,144,23040,1.45246875,0.00028260072374982075,-35.48825193468521,0.0008405366198890753,0.22926872804690734,0.13
mot/mot_02.wav,mot,train,145,23200,1.46246875,0.00019148160629408383,-37.17870669912485,0.0006918843947764753,0.1916441879329504,0.13
mot/mot_02.wav,mot,train,146,23360,1.47246875,0.000178312927713153,-37.48814733702182,0.0006676693188120018,0.1846544594213882,0.1425
mot/mot_02.wav,mot,train,147,23520,1.48246875,0.00017096701052052532,-37.670851419708036,0.0006537717692752672,0.18336616620303883,0.135
mot/mot_02.wav,mot,train,148,23680,1.49246875,0.00012054619143713697,-39.18842903557473,0.0005489676480384272,0.15872318845580372,0.1275
mot/mot_02.wav,mot,train,149,23840,1.50246875,0.00010504260711079745,-39.78630373348341,0.0005124514784611258,0.1379321098056075,0.12
mot/mot_02.wav,mot,train,150,24000,1.51246875,3.6650538722224026e-05,-44.35907787883882,0.0003026984420269785,0.08449258432865131,0.0925
mot/mot_02.wav,mot,train,151,24160,1.52246875,1.2173710636126716e-05,-49.145413521360666,0.0001744542249139206,0.05007275151237707,0.0975
mot/mot_02.wav,mot,train,152,24320,1.53246875,6.896520219763798e-06,-51.613070177325795,0.0001313061329466735,0.03734407408761668,0.1175
mot/mot_02.wav,mot,train,153,24480,1.54246875,5.829279310941518e-06,-52.34310639015436,0.00012071950247310413,0.03156844619870629,0.13
mot/mot_02.wav,mot,train,154,24640,1.55246875,3.2130922833726037e-06,-54.9294165788253,8.962550255608897e-05,0.02585340343672886,0.1125
mot/mot_02.wav,mot,train,155,24800,1.56246875,4.412510083899436e-06,-53.55215876808175,0.00010502987770034102,0.02883032292103572,0.0775
mot/mot_02.wav,mot,train,156,24960,1.57246875,3.8333654954532595e-06,-54.16306492111844,9.789491170961414e-05,0.02678000269495287,0.0725
mot/mot_02.wav,mot,train,157,25120,1.58246875,4.584191777837014e-06,-53.38642495039857,0.00010705362882496106,0.029585742402062583,0.06
mot/mot_02.wav,mot,train,158,25280,1.59246875,6.187989247919317e-06,-52.08380271802802,0.00012437834666773108,0.032343014107327206,0.1125
mot/mot_02.wav,mot,train,159,25440,1.60246875,2.7633293959944166e-06,-55.58410207918958,8.311632505101536e-05,0.02189103005342577,0.1475
mot/mot_02.wav,mot,train,160,25600,1.61246875,3.5723757806506756e-06,-54.469213104469965,9.450364782179939e-05,0.02616378434890853,0.1125
mot/mot_02.wav,mot,train,161,25760,1.62246875,6.216958126879681e-06,-52.063522069191265,0.00012466914340444952,0.03410242242179641,0.085
mot/mot_02.wav,mot,train,162,25920,1.63246875,4.816440935865823e-06,-53.17183601298311,0.00010973195678408619,0.030817957823140944,0.07
mot/mot_02.wav,mot,train,163,26080,1.64246875,3.846198842464288e-06,-54.14855366603683,9.805864116007687e-05,0.02811554727236487,0.0925
mot/mot_02.wav,mot,train,164,26240,1.65246875,3.355327389190461e-06,-54.7413568300899,9.158776377320363e-05,0.024630932408996064,0.115
mot/mot_02.wav,mot,train,165,26400,1.66246875,3.5822055044503685e-06,-54.45728283408148,9.463357628836565e-05,0.02577674116052791,0.0875
mot/mot_02.wav,mot,train,166,26560,1.67246875,5.36554913320084e-06,-52.7030489012159,0.00011581827503896827,0.03278235758038837,0.0675
mot/mot_02.wav,mot,train,167,26720,1.68246875,4.5333944030934055e-06,-53.43480707491903,0.00010645884654519564,0.026559381911175624,0.095
mot/mot_02.wav,mot,train,168,26880,1.69246875,3.679843711520284e-06,-54.3405262228854,9.591459366958039e-05,0.025869706644178734,0.1075
mot/mot_02.wav,mot,train,169,27040,1.70246875,6.744228610315386e-06,-51.71003326567914,0.00012984826346851337,0.03529775838783149,0.0675
mot/mot_02.wav,mot,train,170,27200,1.71246875,4.9012928890354084e-06,-53.09600745247954,0.00011069431883610161,0.03188987781041977,0.0825
mot/mot_02.wav,mot,train,171,27360,1.72246875,4.128168760934757e-06,-53.84137366956984,0.00010158947732091593,0.028310109849248664,0.11
mot/mot_02.wav,mot,train,172,27520,1.73246875,4.2507147578698155e-06,-53.71435879435311,0.00010308630798837709,0.02916043549398093,0.075
mot/mot_02.wav,mot,train,173,27680,1.74246875,5.964861398825514e-06,-52.24326840552314,0.00012211532867360995,0.03296344745477092,0.0825
mot/mot_02.wav,mot,train,174,27840,1.75246875,7.3072379408486475e-06,-51.361873213748694,0.00013515951632098134,0.036922853571428396,0.0625
mot/mot_02.wav,mot,train,175,28000,1.76246875,1.1288781188411385e-05,-49.47314475221746,0.00016799390754140004,0.04673500840072574,0.065
mot/mot_02.wav,mot,train,176,28160,1.77246875,4.881739200144559e-06,-53.11336471899146,0.00011047329089133444,0.029291578030058187,0.1025
mot/mot_02.wav,mot,train,177,28320,1.78246875,2.656816608591006e-06,-55.754749890158244,8.149872098062347e-05,0.020468683409838942,0.125
mot/mot_02.wav,mot,train,178,28480,1.79246875,2.2980301093470185e-06,-56.38455340937056,7.579627479874949e-05,0.01923309827286197,0.13
mot/mot_02.wav,mot,train,179,28640,1.80246875,3.0033974866163227e-06,-55.222426100086714,8.665156499764332e-05,0.024357336174723944,0.0975
mot/mot_02.wav,mot,train,180,28800,1.81246875,7.768292620594631e-06,-51.09618521090646,0.00013935828483260899,0.03744169737968262,0.0875
mot/mot_02.wav,mot,train,181,28960,1.82246875,4.0213081272656375e-06,-53.95524663514134,0.00010026599781662821,0.029142955888317085,0.08
mot/mot_02.wav,mot,train,182,29120,1.83246875,6.367011145811975e-06,-51.95996185132134,0.00012616468548896692,0.034152069618174866,0.0675
mot/mot_02.wav,mot,train,183,29280,1.84246875,4.880848846638807e-06,-53.11415671474943,0.00011046321612463136,0.03416202780222184,0.04
mot/mot_02.wav,mot,train,184,29440,1.85246875,7.637806053638083e-06,-51.169745164030104,0.00013818290463764036,0.0404783804312715,0.0475
mot/mot_02.wav,mot,train,185,29600,1.86246875,7.841862061405762e-06,-51.055254232019614,0.00014001662456120847,0.037175871528739815,0.06
mot/mot_02.wav,mot,train,186,29760,1.87246875,3.833542560103829e-06,-54.16286437574708,9.789717258562463e-05,0.02787559002726431,0.08
mot/mot_02.wav,mot,train,187,29920,1.88246875,2.6520270467213687e-06,-55.76258322508448,8.142522715229859e-05,0.022432391337500406,0.0825
mot/mot_02.wav,mot,train,188,30080,1.89246875,2.4829528847910144e-06,-56.048566460434984,7.878694188745705e-05,0.02208180993117761,0.12
mot/mot_02.wav,mot,train,189,30240,1.90246875,3.0235392255015102e-06,-55.19340778718743,8.694163596202785e-05,0.02197043562983464,0.135
mot/mot_02.wav,mot,train,190,30400,1.91246875,5.380608484135289e-06,-52.690879006570825,0.00011598069326546649,0.029996199008786056,0.125
mot/mot_02.wav,mot,train,191,30560,1.92246875,1.2022728749385945e-05,-49.199608298241486,0.00017336903377900237,0.04603485561156756,0.09
mot/mot_02.wav,mot,train,192,30720,1.93246875,1.4855470208209174e-05,-48.280843636032955,0.00019271397334008484,0.053613393807837764,0.0625
mot/mot_02.wav,mot,train,193,30880,1.94246875,4.5815437898164304e-05,-43.38978679033727,0.00033843551046751987,0.10227320746449312,0.04
mot/mot_02.wav,mot,train,194,31040,1.95246875,0.00020462590079685508,-36.89037273362525,0.0007152375493443682,0.20582285202790504,0.015
mot/mot_02.wav,mot,train,195,31200,1.96246875,0.00019144336504870867,-37.17957412101705,0.0006918153023905815,0.20714998193258216,0.02
mot/mot_02.wav,mot,train,196,31360,1.97246875,5.714554875902636e-05,-42.43009992743235,0.0003779733745881658,0.1055268841385163,0.0425
mot/mot_02.wav,mot,train,197,31520,1.98246875,6.559061574890426e-06,-51.830920841747,0.00012805332458482312,0.03647864538615321,0.0575
mot/mot_02.wav,mot,train,198,31680,1.99246875,5.2530671051209285e-06,-52.79504384690867,0.00011459785234812352,0.02884338501300176,0.0875
mot/mot_02.wav,mot,train,199,31840,2.00246875,2.7272455014698434e-06,-55.64116552220689,8.257187023238972e-05,0.022802185318770752,0.1075
mot/mot_02.wav,mot,train,200,32000,2.01246875,2.5153085303470884e-06,-55.99236110121717,7.929862121038248e-05,0.021082355508427936,0.13
mot/mot_02.wav,mot,train,201,32160,2.02246875,2.6877935290756333e-06,-55.704425457223515,8.197245770799533e-05,0.022490291254094793,0.1225
mot/mot_02.wav,mot,train,202,32320,2.03246875,5.316783958315441e-06,-52.74269310407486,0.00011529076240440343,0.03367173273781987,0.08
mot/mot_02.wav,mot,train,203,32480,2.04246875,8.649673481608262e-06,-50.62950080054233,0.00014705163618273907,0.03681058391945926,0.1125
mot/mot_02.wav,mot,train,204,32640,2.05246875,2.64840408758391e-06,-55.7685179797906,8.136959025925948e-05,0.02280451797493372,0.11
mot/mot_02.wav,mot,train,205,32800,2.06246875,3.5291660293255e-06,-54.52204868571313,9.393037353973287e-05,0.026625004979188568,0.0775
mot/mot_02.wav,mot,train,206,32960,2.07246875,5.094929302966714e-06,-52.92776605701046,0.00011285975038700371,0.031513087551141426,0.0625
mot/mot_02.wav,mot,train,207,33120,2.08246875,4.624421589815479e-06,-53.348486768090424,0.00010752234174597713,0.031213557653755206,0.0625
mot/mot_02.wav,mot,train,208,33280,2.09246875,4.350602675084469e-06,-53.61350764940333,0.00010429049183751686,0.028562157977536688,0.0675
mot/mot_02.wav,mot,train,209,33440,2.10246875,4.574870813476128e-06,-53.39526245094933,0.00010694473822348775,0.029773269236057352,0.0825
mot/mot_02.wav,mot,train,210,33600,2.11246875,5.526704081288136e-06,-52.57455214422491,0.00011754471576051532,0.03336836500407727,0.0625
mot/mot_02.wav,mot,train,211,33760,2.12246875,6.405232878007932e-06,-51.933972780050865,0.00012654280775697933,0.033159397010964535,0.0925
mot/mot_02.wav,mot,train,212,33920,2.13246875,3.0533598432852625e-06,-55.1507979873114,8.736932876137459e-05,0.024721661942435212,0.1125
mot/mot_02.wav,mot,train,213,34080,2.14246875,3.759903412340275e-06,-54.24707820001234,9.695235185827463e-05,0.026758581406117886,0.1125
mot/mot_03.wav,mot,train,0,0,0.01246875,0.0,-90.0,0.0,0.0,0.0
mot/mot_03.wav,mot,train,1,160,0.02246875,0.0,-90.0,0.0,0.0,0.0
mot/mot_03.wav,mot,train,2,320,0.03246875,0.0,-90.0,0.0,0.0,0.0
mot/mot_03.wav,mot,train,3,480,0.04246875,0.0,-90.0,0.0,0.0,0.0
mot/mot_03.wav,mot,train,4,640,0.05246875,0.0,-90.0,0.0,0.0,0.0
mot/mot_03.wav,mot,train,5,800,0.06246875,0.0,-90.0,0.0,0.0,0.0
mot/mot_03.wav,mot,train,6,960,0.07246875,0.0,-90.0,0.0,0.0,0.0
mot/mot_03.wav,mot,train,7,1120,0.08246875,0.0,-90.0,0.0,0.0,0.0
mot/mot_03.wav,mot,train,8,1280,0.09246875,0.0,-90.0,0.0,0.0,0.0
mot/mot_03.wav,mot,train,9,1440,0.10246875,0.0,-90.0,0.0,0.0,0.0
mot/mot_03.wav,mot,train,10,1600,0.11246875,0.0,-90.0,0.0,0.0,0.0
mot/mot_03.wav,mot,train,11,1760,0.12246875,0.0,-90.0,0.0,0.0,0.0
mot/mot_03.wav,mot,train,12,1920,0.13246875,0.0,-90.0,0.0,0.0,0.0
mot/mot_03.wav,mot,train,13,2080,0.14246875,0.0,-90.0,0.0,0.0,0.0
mot/mot_03.wav,mot,train,14,2240,0.15246875,0.0,-90.0,0.0,0.0,0.0
mot/mot_03.wav,mot,train,15,2400,0.16246875,0.0,-90.0,0.0,0.0,0.0
mot/mot_03.wav,mot,train,16,2560,0.17246875,0.0,-90.0,0.0,0.0,0.0
mot/mot_03.wav,mot,train,17,2720,0.18246875,0.0,-90.0,0.0,0.0,0.0
mot/mot_03.wav,mot,train,18,2880,0.19246875,0.0,-90.0,0.0,0.0,0.0
mot/mot_03.wav,mot,train,19,3040,0.20246875,0.0,-90.0,0.0,0.0,0.0
mot/mot_03.wav,mot,train,20,3200,0.21246875,0.0,-90.0,0.0,0.0,0.0
mot/mot_03.wav,mot,train,21,3360,0.22246875,0.0,-90.0,0.0,0.0,0.0
mot/mot_03.wav,mot,train,22,3520,0.23246875,0.0,-90.0,0.0,0.0,0.0
mot/mot_03.wav,mot,train,23,3680,0.24246875,0.0,-90.0,0.0,0.0,0.0
mot/mot_03.wav,mot,train,24,3840,0.25246875,0.0,-90.0,0.0,0.0,0.0
mot/mot_03.wav,mot,train,25,4000,0.26246875,0.0,-90.0,0.0,0.0,0.0
mot/mot_03.wav,mot,train,26,4160,0.27246875,0.0,-90.0,0.0,0.0,0.0
mot/mot_03.wav,mot,train,27,4320,0.28246875,0.0,-90.0,0.0,0.0,0.0
mot/mot_03.wav,mot,train,28,4480,0.29246875,0.0,-90.0,0.0,0.0,0.0
mot/mot_03.wav,mot,train,29,4640,0.30246875,0.0,-90.0,0.0,0.0,0.0
mot/mot_03.wav,mot,train,30,4800,0.31246875,1.1924356120408155e-08,-78.88591083848655,5.4599350088641514e-06,0.0007385305668176642,0.1075
mot/mot_03.wav,mot,train,31,4960,0.32246875,7.11350714529965e-08,-71.41853533682298,1.3335579426200095e-05,0.002940265963158532,0.2275
mot/mot_03.wav,mot,train,32,5120,0.33246875,1.5100447118874592e-07,-68.18143637160225,1.94296468823256e-05,0.0051655964049172,0.2575
mot/mot_03.wav,mot,train,33,5280,0.34246875,1.1582813597832245e-06,-59.35811147149564,5.381174034964918e-05,0.011998649918972407,0.2225
mot/mot_03.wav,mot,train,34,5440,0.35246875,1.0645887134205908e-06,-59.72410388141037,5.158945418931544e-05,0.013040761038788245,0.175
mot/mot_03.wav,mot,train,35,5600,0.36246875,8.873374914322611e-07,-60.51422008521957,4.709929647649371e-05,0.012660982061843093,0.1575
mot/mot_03.wav,mot,train,36,5760,0.37246875,1.8467605801850098e-06,-57.333543022937434,6.794778473550499e-05,0.016325551619456577,0.1525
mot/mot_03.wav,mot,train,37,5920,0.38246875,1.9244264651147674e-06,-57.154730630733006,6.936184947640106e-05,0.019045351686666843,0.12
mot/mot_03.wav,mot,train,38,6080,0.39246875,2.2849649712940664e-06,-56.4093042874837,7.558050296362922e-05,0.020785104074469846,0.105
mot/mot_03.wav,mot,train,39,6240,0.40246875,2.2350799366919137e-06,-56.50512675095244,7.475091866813266e-05,0.020218866049098172,0.1125
mot/mot_03.wav,mot,train,40,6400,0.41246875,2.8458597234729026e-06,-55.456339318072274,8.434838059312257e-05,0.022343177437058007,0.105
mot/mot_03.wav,mot,train,41,6560,0.42246875,1.894824938392712e-06,-57.22201768158384,6.882632015429693e-05,0.018356459581624355,0.1225
mot/mot_03.wav,mot,train,42,6720,0.43246875,2.0594090044887734e-06,-56.86046560814735,7.175320558150649e-05,0.018430454414359823,0.1275
mot/mot_03.wav,mot,train,43,6880,0.44246875,1.7730395729284387e-06,-57.51036696729339,6.657776605084535e-05,0.017776418036552333,0.1425
mot/mot_03.wav,mot,train,44,7040,0.45246875,2.0708960434771333e-06,-56.83632038925286,7.195304099683927e-05,0.01819550871171748,0.1525
mot/mot_03.wav,mot,train,45,7200,0.46246875,1.922606480553686e-06,-57.158837684749386,6.932904298621333e-05,0.018660024620531065,0.1225
mot/mot_03.wav,mot,train,46,7360,0.47246875,2.850738312597135e-06,-55.44890329664969,8.442064783862321e-05,0.020123429771897957,0.1325
mot/mot_03.wav,mot,train,47,7520,0.48246875,1.702515335130658e-06,-57.68653952537755,6.524023557457962e-05,0.015887970491905754,0.1525
mot/mot_03.wav,mot,train,48,7680,0.49246875,1.654169166566388e-06,-57.811576125518435,6.430725399529956e-05,0.016871736063350587,0.145
mot/mot_03.wav,mot,train,49,7840,0.50246875,2.7926756461856556e-06,-55.538240181391096,8.355650253250275e-05,0.02187036002923658,0.145
mot/mot_03.wav,mot,train,50,8000,0.51246875,3.7344231658951993e-06,-54.276601921877585,9.662327832741962e-05,0.026569050832853727,0.1225
mot/mot_03.wav,mot,train,51,8160,0.52246875,2.8672397485146674e-06,-55.42384549968943,8.466462880853295e-05,0.021739331245881593,0.155
mot/mot_03.wav,mot,train,52,8320,0.53246875,1.0603730276827625e-06,-59.741319531466,5.1487207821039454e-05,0.013999486992589634,0.1675
mot/mot_03.wav,mot,train,53,8480,0.54246875,8.299618222625773e-07,-60.80418928997566,4.555112024590003e-05,0.012603994827093377,0.1975
mot/mot_03.wav,mot,train,54,8640,0.55246875,1.030580573813892e-06,-59.86496844863751,5.075875722015591e-05,0.013594410135666082,0.155
mot/mot_03.wav,mot,train,55,8800,0.56246875,1.7890945297806104e-06,-57.47124034563062,6.687851915564165e-05,0.017062439789916197,0.13
mot/mot_03.wav,mot,train,56,8960,0.57246875,2.0740977108536065e-06,-56.829614486938425,7.200864029499527e-05,0.020017651693525818,0.0975
mot/mot_03.wav,mot,train,57,9120,0.58246875,1.800078089857062e-06,-57.444674569423796,6.708349442778495e-05,0.017251737003058452,0.135
mot/mot_03.wav,mot,train,58,9280,0.59246875,8.527124637076759e-07,-60.68688378084061,4.61712157005768e-05,0.012649229001926924,0.165
mot/mot_03.wav,mot,train,59,9440,0.60246875,1.3183855487100455e-06,-58.79628277076738,5.741048573017924e-05,0.01523025067576516,0.1475
mot/mot_03.wav,mot,train,60,9600,0.61246875,1.5548293460781425e-06,-58.08038041100247,6.234639817339375e-05,0.01666037791806054,0.1125
mot/mot_03.wav,mot,train,61,9760,0.62246875,1.4730045412830598e-06,-58.315011784504165,6.068369923799676e-05,0.017100821722936397,0.11
mot/mot_03.wav,mot,train,62,9920,0.63246875,1.7094811037201369e-06,-57.668817192546584,6.537356315285516e-05,0.017910136149846653,0.1225
mot/mot_03.wav,mot,train,63,10080,0.64246875,1.2262666984471603e-06,-59.11061050086417,5.536846346177489e-05,0.015903007333518186,0.1275
mot/mot_03.wav,mot,train,64,10240,0.65246875,1.3252378622185533e-06,-58.77378577752715,5.755948797154456e-05,0.01593155820669239,0.14
mot/mot_03.wav,mot,train,65,10400,0.66246875,1.7739473753633912e-06,-57.508145186247134,6.659480789377261e-05,0.01722432873117139,0.17
mot/mot_03.wav,mot,train,66,10560,0.67246875,1.2606982792986446e-06,-58.990444892299685,5.6140410563573645e-05,0.015504589967001641,0.1575
mot/mot_03.wav,mot,train,67,10720,0.68246875,2.8096084183816447e-06,-55.51199657267781,8.380943291750703e-05,0.02084442995271129,0.1475
mot/mot_03.wav,mot,train,68,10880,0.69246875,2.5845964156275168e-06,-55.874392629608415,8.038340027063294e-05,0.0219180987906567,0.115
mot/mot_03.wav,mot,train,69,11040,0.70246875,3.581891653154989e-06,-54.45766324724868,9.462943058524379e-05,0.02554563076242656,0.1
mot/mot_03.wav,mot,train,70,11200,0.71246875,4.168986925133729e-06,-53.79865306741153,0.00010209048590752383,0.02742145984597176,0.12
mot/mot_03.wav,mot,train,71,11360,0.72246875,2.2596935646923593e-06,-56.45758301954694,7.516138577574857e-05,0.020338384537502155,0.1525
mot/mot_03.wav,mot,train,72,11520,0.73246875,1.0225434125750505e-06,-59.89893732442657,5.0560444335840505e-05,0.01291367294745384,0.175
mot/mot_03.wav,mot,train,73,11680,0.74246875,9.035797388756558e-07,-60.43553143975734,4.752840568743222e-05,0.01270108349587289,0.1725
mot/mot_03.wav,mot,train,74,11840,0.75246875,1.8942410222326367e-06,-57.223355519389116,6.8815714452308e-05,0.017398710372429738,0.1575
mot/mot_03.wav,mot,train,75,12000,0.76246875,2.5903092791635264e-06,-55.864807498014535,8.047218897177345e-05,0.020238839008139543,0.1275
mot/mot_03.wav,mot,train,76,12160,0.77246875,2.068569065053768e-06,-56.84120075872908,7.191260433772664e-05,0.020317470157060084,0.0975
mot/mot_03.wav,mot,train,77,12320,0.78246875,3.298620791312919e-06,-54.81535968517058,9.081052790443571e-05,0.024104081869716285,0.0825
mot/mot_03.wav,mot,train,78,12480,0.79246875,2.814597211761947e-06,-55.504294735430186,8.388380671741638e-05,0.024607927545431073,0.09
mot/mot_03.wav,mot,train,79,12640,0.80246875,3.168438203131655e-06,-54.990177115684716,8.900053655922046e-05,0.02399731084126082,0.0975
mot/mot_03.wav,mot,train,80,12800,0.81246875,2.230117274214869e-06,-56.514776012958094,7.466788590510095e-05,0.020489697212213817,0.1225
mot/mot_03.wav,mot,train,81,12960,0.82246875,2.085001512244943e-06,-56.80685381067975,7.219767157334339e-05,0.018675427348007312,0.11
mot/mot_03.wav,mot,train,82,13120,0.83246875,1.0611267934781221e-06,-59.73823635400529,5.1505504401911314e-05,0.013957777076624087,0.145
mot/mot_03.wav,mot,train,83,13280,0.84246875,1.0816993003425475e-06,-59.65492143868719,5.20023869726801e-05,0.01406467631582092,0.1325
mot/mot_03.wav,mot,train,84,13440,0.85246875,2.1640402186700805e-06,-56.64534031604265,7.355338569145e-05,0.018932844348724907,0.1325
mot/mot_03.wav,mot,train,85,13600,0.86246875,1.565019934461328e-06,-58.052027139438145,6.255037838537286e-05,0.016425779994841107,0.1475
mot/mot_03.wav,mot,train,86,13760,0.87246875,1.785537437769046e-06,-57.47987878512114,6.681200187408408e-05,0.017804103905841865,0.1325
mot/mot_03.wav,mot,train,87,13920,0.88246875,4.34434485176898e-06,-53.619757517176545,0.00010421546012671272,0.025962430974320244,0.1525
mot/mot_03.wav,mot,train,88,14080,0.89246875,3.0425709958725136e-06,-55.166165632206315,8.721483526144669e-05,0.022169669203727677,0.145
mot/mot_03.wav,mot,train,89,14240,0.90246875,2.8338964921773455e-06,-55.47462793454272,8.417090489262524e-05,0.021855755159274817,0.1275
mot/mot_03.wav,mot,train,90,14400,0.91246875,2.1408931548389383e-06,-56.69202197099495,7.315895630131246e-05,0.018827304646325718,0.1425
mot/mot_03.wav,mot,train,91,14560,0.92246875,1.3313335927995343e-06,-58.75387021882578,5.7691715020432836e-05,0.01420499298471523,0.18
mot/mot_03.wav,mot,train,92,14720,0.93246875,8.281434518464475e-07,-60.81370324750495,4.550119371638637e-05,0.011901354967247785,0.2075
mot/mot_03.wav,mot,train,93,14880,0.94246875,7.797419401177994e-07,-61.074924904540644,4.415149884539027e-05,0.012272943916609439,0.195
mot/mot_03.wav,mot,train,94,15040,0.95246875,1.4220578254779484e-06,-58.467774521463944,5.9625033028878656e-05,0.016052492143318733,0.2
mot/mot_03.wav,mot,train,95,15200,0.96246875,1.8407624781113555e-06,-57.34766379077776,6.783735103376597e-05,0.01761647483606917,0.185
mot/mot_03.wav,mot,train,96,15360,0.97246875,9.444003173295213e-07,-60.243842562594246,4.859013061645135e-05,0.013831137623225088,0.19
mot/mot_03.wav,mot,train,97,15520,0.98246875,2.379747803252005e-06,-56.2328660772701,7.713215612265752e-05,0.01908320056503268,0.155
mot/mot_03.wav,mot,train,98,15680,0.99246875,1.861700003464763e-06,-57.298570846265335,6.822206394314018e-05,0.017844613087482065,0.1775
mot/mot_03.wav,mot,train,99,15840,1.00246875,1.167076802183563e-06,-59.325286010010664,5.401566444522281e-05,0.014185679031829039,0.1775
mot/mot_03.wav,mot,train,100,16000,1.01246875,1.6438490412850575e-06,-57.83873953972527,6.410633824523628e-05,0.016622004429838647,0.185
mot/mot_03.wav,mot,train,101,16160,1.02246875,1.1644336052179493e-06,-59.33512463206312,5.3954462401592634e-05,0.01483442386863904,0.16
mot/mot_03.wav,mot,train,102,16320,1.03246875,1.133347593081667e-06,-59.4525384612539,5.3229399608714054e-05,0.014218788530841239,0.1575
mot/mot_03.wav,mot,train,103,16480,1.04246875,1.4639357809035587e-06,-58.34181413269272,6.049660694831485e-05,0.014674508331918402,0.1825
mot/mot_03.wav,mot,train,104,16640,1.05246875,1.0714848455133246e-06,-59.69608835792598,5.175627608110259e-05,0.013959746355993105,0.1775
mot/mot_03.wav,mot,train,105,16800,1.06246875,1.5971088620114471e-06,-57.963936401906466,6.318838623535672e-05,0.01693774753436328,0.155
mot/mot_03.wav,mot,train,106,16960,1.07246875,2.9789349676257548e-06,-55.257932136114825,8.629795721258057e-05,0.02386550932196751,0.105
mot/mot_03.wav,mot,train,107,17120,1.08246875,2.6632799625196318e-06,-55.74420141442782,8.159779351366726e-05,0.022132144075884472,0.1375
mot/mot_03.wav,mot,train,108,17280,1.09246875,1.0943778121651558e-06,-59.60436060332404,5.230625708663247e-05,0.014385747534650498,0.1825
mot/mot_03.wav,mot,train,109,17440,1.10246875,1.5620913121742708e-06,-58.06015650761954,6.249182570893315e-05,0.015262867127351528,0.19
mot/mot_03.wav,mot,train,110,17600,1.11246875,1.596997823036065e-06,-57.96423816664123,6.318618961126048e-05,0.016604390753646246,0.1725
mot/mot_03.wav,mot,train,111,17760,1.12246875,1.5481107143558489e-06,-58.09917542269491,6.221154865368344e-05,0.017371584131170507,0.125
mot/mot_03.wav,mot,train,112,17920,1.13246875,2.513482740001974e-06,-55.9955134113179,7.926983568801524e-05,0.02009910717261606,0.1075
mot/mot_03.wav,mot,train,113,18080,1.14246875,1.2570390962154927e-06,-59.003058620649824,5.6058877446295084e-05,0.015772765088930267,0.115
mot/mot_03.wav,mot,train,114,18240,1.15246875,8.961344739232396e-07,-60.47142454497,4.7332189731810416e-05,0.012800957926350717,0.1625
mot/mot_03.wav,mot,train,115,18400,1.16246875,1.0181284802401447e-06,-59.91771061585357,5.045117640452363e-05,0.013355583032892327,0.1875
mot/mot_03.wav,mot,train,116,18560,1.17246875,1.902707642263542e-06,-57.20399746655697,6.896933453107153e-05,0.01803753513217423,0.175
mot/mot_03.wav,mot,train,117,18720,1.18246875,2.222581047717287e-06,-56.52947036246573,7.454161669358411e-05,0.019591359852428616,0.16
mot/mot_03.wav,mot,train,118,18880,1.19246875,1.6132412771884773e-06,-57.92031551695637,6.350671769955674e-05,0.016731721106533527,0.17
mot/mot_03.wav,mot,train,119,19040,1.20246875,1.054059139795761e-06,-59.76723195942493,5.1333691173433094e-05,0.013606730485014543,0.1725
mot/mot_03.wav,mot,train,120,19200,1.21246875,2.2674694912763326e-05,-46.44439394801314,0.0002380897672767738,0.06193540250572312,0.1125
mot/mot_03.wav,mot,train,121,19360,1.22246875,0.002444759119510451,-26.117637475357736,0.0024722252726594573,0.667010281085273,0.0625
mot/mot_03.wav,mot,train,122,19520,1.23246875,0.023238552767122122,-16.337909034117576,0.007622098262145753,2.20858742751218,0.03
mot/mot_03.wav,mot,train,123,19680,1.24246875,0.048839749717925776,-13.112265613959833,0.01104985856447106,3.3483847633770814,0.03
mot/mot_03.wav,mot,train,124,19840,1.25246875,0.06545182388594502,-11.840782402232728,0.012791777035066808,3.9173261683979446,0.0275
mot/mot_03.wav,mot,train,125,20000,1.26246875,0.0709914864423923,-11.48793724216661,0.01332211380021882,4.085209646540327,0.03
mot/mot_03.wav,mot,train,126,20160,1.27246875,0.06902405523653149,-11.609995227411245,0.013136214755070378,3.9443740443784483,0.03
mot/mot_03.wav,mot,train,127,20320,1.28246875,0.04605351925664501,-13.367371674301346,0.010730041851810855,3.3017462672476245,0.03
mot/mot_03.wav,mot,train,128,20480,1.29246875,0.03436936573629412,-14.638284697675381,0.009269488353773109,2.7663548084094627,0.04
mot/mot_03.wav,mot,train,129,20640,1.30246875,0.02534751072398638,-15.960646673989674,0.007960450791881447,2.126497057554152,0.065
mot/mot_03.wav,mot,train,130,20800,1.31246875,0.02259566329550331,-16.45974886214587,0.007515926971356114,1.9124769355599494,0.0925
mot/mot_03.wav,mot,train,131,20960,1.32246875,0.02556545673560605,-15.923464270615108,0.007994600792973663,2.01902962413213,0.0875
mot/mot_03.wav,mot,train,132,21120,1.33246875,0.027885328145262823,-15.546242249350971,0.008349450303053313,2.0682265186180233,0.0825
mot/mot_03.wav,mot,train,133,21280,1.34246875,0.02609225971623025,-15.834882906181056,0.008076549343040976,1.9823019636194097,0.075
mot/mot_03.wav,mot,train,134,21440,1.35246875,0.021369586745743636,-16.702038560051236,0.007309170053047,1.895722865384458,0.0775
mot/mot_03.wav,mot,train,135,21600,1.36246875,0.02162624314803352,-16.650188983795434,0.00735293192339517,2.033406333545205,0.0675
mot/mot_03.wav,mot,train,136,21760,1.37246875,0.022800814442144157,-16.420496207324092,0.007549969278438184,2.119489623765754,0.0625
mot/mot_03.wav,mot,train,137,21920,1.38246875,0.02061060584814387,-16.85909220888411,0.007178197170624368,1.8854283176509665,0.0775
mot/mot_03.wav,mot,train,138,22080,1.39246875,0.013494529521604785,-18.6984222006805,0.005808297840504735,1.5706039063955983,0.0675
mot/mot_03.wav,mot,train,139,22240,1.40246875,0.007006785904380436,-21.544810903926773,0.004185327318257329,1.072278400297239,0.07
mot/mot_03.wav,mot,train,140,22400,1.41246875,0.0015239103010875527,-28.17040310272843,0.0019518646860678848,0.5491848312274173,0.0725
mot/mot_03.wav,mot,train,141,22560,1.42246875,0.0008179961679513599,-30.872481999291978,0.0014300316149926196,0.3858944015577581,0.0875
mot/mot_03.wav,mot,train,142,22720,1.43246875,0.0004169377077521819,-33.79927783974624,0.001020952628372372,0.30105781691729266,0.095
mot/mot_03.wav,mot,train,143,22880,1.44246875,0.0003283884612562014,-34.836107887989996,0.0009060745847558597,0.25545554098617557,0.095
mot/mot_03.wav,mot,train,144,23040,1.45246875,0.00022351122409892027,-36.50698719898794,0.0007475145886518207,0.21177202557966845,0.0925
mot/mot_03.wav,mot,train,145,23200,1.46246875,0.00019286517382828398,-37.14743935175743,0.0006943795320793305,0.19749975098614583,0.075
mot/mot_03.wav,mot,train,146,23360,1.47246875,0.00015991777717252732,-37.961005397331995,0.0006322930040189583,0.1789542390814876,0.07
mot/mot_03.wav,mot,train,147,23520,1.48246875,0.00014167780523573306,-38.486951141677565,0.0005951424309266922,0.1579160234804873,0.0725
mot/mot_03.wav,mot,train,148,23680,1.49246875,8.570020126570822e-05,-40.67013090569077,0.0004628720159658289,0.126750707129786,0.055
mot/mot_03.wav,mot,train,149,23840,1.50246875,2.2721769340875062e-05,-46.43538740031117,0.0002383367855623375,0.070987802006242,0.06
mot/mot_03.wav,mot,train,150,24000,1.51246875,8.171916303073602e-06,-50.8762294856675,0.00014293281903637108,0.04119585935337167,0.07
mot/mot_03.wav,mot,train,151,24160,1.52246875,6.224798584254885e-06,-52.05804933631278,0.00012474773128452963,0.03509618826053547,0.06
mot/mot_03.wav,mot,train,152,24320,1.53246875,6.9571555070304006e-06,-51.57505869481716,0.00013188210177115015,0.037703910722199196,0.07
mot/mot_03.wav,mot,train,153,24480,1.54246875,6.710880529872371e-06,-51.73155782465255,0.00012952683631078514,0.03587309878712057,0.0975
mot/mot_03.wav,mot,train,154,24640,1.55246875,7.787414269987411e-06,-51.085509561781265,0.00013952969459928065,0.038087874523063794,0.105
mot/mot_03.wav,mot,train,155,24800,1.56246875,5.213441935078519e-06,-52.827921642239815,0.00011416481435931256,0.03054143621357845,0.1275
mot/mot_03.wav,mot,train,156,24960,1.57246875,2.556174153721269e-06,-55.9223969378649,7.994019880074838e-05,0.02082760604207957,0.1475
mot/mot_03.wav,mot,train,157,25120,1.58246875,1.4921303806840026e-06,-58.25902267868183,6.107639439022253e-05,0.015872651654588805,0.17
mot/mot_03.wav,mot,train,158,25280,1.59246875,1.4883424941116495e-06,-58.270054189713214,6.0998821589266165e-05,0.01612644134085254,0.165
mot/mot_03.wav,mot,train,159,25440,1.60246875,1.8411984435040458e-06,-57.34663588972637,6.784538384267654e-05,0.017940909839493417,0.155
mot/mot_03.wav,mot,train,160,25600,1.61246875,1.4348187910642749e-06,-58.429003672014694,5.989196087673776e-05,0.01517716567903776,0.1775
mot/mot_03.wav,mot,train,161,25760,1.62246875,2.69496586117166e-06,-55.6928561154274,8.208175590793091e-05,0.02167858760104801,0.1375
mot/mot_03.wav,mot,train,162,25920,1.63246875,7.020441033014771e-06,-51.53573747063738,0.00013248057435917513,0.03837484257392909,0.06
mot/mot_03.wav,mot,train,163,26080,1.64246875,9.860690342692594e-06,-50.06048638447676,0.0001570086808324033,0.043935643320596504,0.0775
mot/mot_03.wav,mot,train,164,26240,1.65246875,2.4276263042933584e-06,-56.14639305478464,7.790420887688544e-05,0.02255245390357749,0.105
mot/mot_03.wav,mot,train,165,26400,1.66246875,1.5216739633196682e-06,-58.17393078337907,6.16780747778266e-05,0.017096518926169334,0.115
mot/mot_03.wav,mot,train,166,26560,1.67246875,2.2383155429480358e-06,-56.498847054805495,7.480500556359909e-05,0.01995679854639528,0.1225
mot/mot_03.wav,mot,train,167,26720,1.68246875,2.3361704583340537e-06,-56.31309611777991,7.642268083386721e-05,0.020241428615007107,0.1175
mot/mot_03.wav,mot,train,168,26880,1.69246875,2.0396710437031384e-06,-56.902269979388684,7.140852616640289e-05,0.018366704576137788,0.1425
mot/mot_03.wav,mot,train,169,27040,1.70246875,1.5226286627850545e-06,-58.17120865905882,6.169742018077123e-05,0.015700058857933706,0.1725
mot/mot_03.wav,mot,train,170,27200,1.71246875,1.545878263506207e-06,-58.10543863138261,6.216667643332332e-05,0.015916955404627058,0.185
mot/mot_03.wav,mot,train,171,27360,1.72246875,1.3450923523098894e-06,-58.70925143141253,5.7989058284944786e-05,0.015934614889572804,0.15
mot/mot_03.wav,mot,train,172,27520,1.73246875,1.470298132638757e-06,-58.322993162317836,6.062792534465362e-05,0.01676403628666301,0.1475
mot/mot_03.wav,mot,train,173,27680,1.74246875,9.524884624730564e-07,-60.20684557693593,4.8797757696257327e-05,0.01303130395186862,0.155
mot/mot_03.wav,mot,train,174,27840,1.75246875,1.487647159271563e-06,-58.272082269893204,6.098457098462617e-05,0.01428493357981581,0.16
mot/mot_03.wav,mot,train,175,28000,1.76246875,9.79859131582971e-07,-60.08393360376544,4.9493917090461e-05,0.0139104766582028,0.1275
mot/mot_03.wav,mot,train,176,28160,1.77246875,1.6784465139794006e-06,-57.748338227562186,6.477743654196654e-05,0.016609337147408223,0.125
mot/mot_03.wav,mot,train,177,28320,1.78246875,1.398310795756404e-06,-58.540858152499254,5.912509610470845e-05,0.01642216329367984,0.14
mot/mot_03.wav,mot,train,178,28480,1.79246875,1.9848914009557737e-06,-57.02044504710331,7.044308697373671e-05,0.01700713233358857,0.1975
mot/mot_03.wav,mot,train,179,28640,1.80246875,1.5103704032802926e-06,-58.20629086695394,6.144856392301394e-05,0.015556178298180564,0.19
mot/mot_03.wav,mot,train,180,28800,1.81246875,1.2003704898780583e-06,-59.20323040143386,5.478071033397747e-05,0.015151821308239973,0.17
mot/mot_03.wav,mot,train,181,28960,1.82246875,1.4006225904182892e-06,-58.53368911450721,5.917395099235578e-05,0.015916502336140517,0.1625
mot/mot_03.wav,mot,train,182,29120,1.83246875,1.5166401186489823e-06,-58.18831201440966,6.157597174728512e-05,0.01633112110185742,0.155
mot/mot_03.wav,mot,train,183,29280,1.84246875,1.7047419633859955e-06,-57.68086666224423,6.528288373275946e-05,0.017570311963090876,0.135
mot/mot_03.wav,mot,train,184,29440,1.85246875,0.00010448465911881512,-39.80943313313303,0.0005110886887782177,0.12666874147078186,0.095
mot/mot_03.wav,mot,train,185,29600,1.86246875,0.0016662268458372262,-27.782656119184335,0.0020409721003955606,0.5874791203850531,0.0175
mot/mot_03.wav,mot,train,186,29760,1.87246875,0.006702808157033564,-21.7374314570058,0.004093533973547051,1.232516159547142,0.0125
mot/mot_03.wav,mot,train,187,29920,1.88246875,0.011777464384562427,-19.289481635334237,0.0054262013380822925,1.591639155740308,0.0125
mot/mot_03.wav,mot,train,188,30080,1.89246875,0.009373385252272225,-20.281034864865696,0.00484081223873438,1.4772797006706098,0.01
mot/mot_03.wav,mot,train,189,30240,1.90246875,0.005006831812616902,-23.004369102528134,0.0035379484919289394,1.0702051704363584,0.01
mot/mot_03.wav,mot,train,190,30400,1.91246875,0.0013192351614650104,-28.79677452792988,0.0018160638490049093,0.5232249489124173,0.0125
mot/mot_03.wav,mot,train,191,30560,1.92246875,0.0001453116384945546,-38.37696611512415,0.0006027263858803483,0.2006029760758501,0.01
mot/mot_03.wav,mot,train,192,30720,1.93246875,0.00014373584638994403,-38.42431887867123,0.0005994494273705331,0.17719978264227954,0.0175
mot/mot_03.wav,mot,train,193,30880,1.94246875,0.00016189587877178823,-37.907615239782864,0.0006361915567888893,0.1950916373067709,0.0125
mot/mot_03.wav,mot,train,194,31040,1.95246875,0.00014699488031331422,-38.32694836559755,0.0006062072259411674,0.18135104886294107,0.015
mot/mot_03.wav,mot,train,195,31200,1.96246875,6.0186277063164304e-05,-42.20495304177984,0.0003878990753506777,0.12133091538359897,0.0075
mot/mot_03.wav,mot,train,196,31360,1.97246875,2.9939343565265348e-05,-45.23743220437762,0.00027358428118801596,0.0774680199001894,0.0275
mot/mot_03.wav,mot,train,197,31520,1.98246875,3.7368123420814325e-06,-54.27382506286325,9.665418177814957e-05,0.029902991703030582,0.06
mot/mot_03.wav,mot,train,198,31680,1.99246875,3.5017740944581613e-06,-54.555878708735406,9.35651390002997e-05,0.02539777371195824,0.0775
mot/mot_03.wav,mot,train,199,31840,2.00246875,4.530222704947009e-06,-53.43784592168043,0.00010642159913460952,0.02970048282632804,0.07
mot/mot_03.wav,mot,train,200,32000,2.01246875,2.6689796019612827e-06,-55.73492056534113,8.168505986349772e-05,0.02439637273626736,0.07
mot/mot_03.wav,mot,train,201,32160,2.02246875,2.956563980637149e-06,-55.29065851556461,8.597330953030059e-05,0.0220906345958762,0.1475
mot/mot_03.wav,mot,train,202,32320,2.03246875,1.929778409869679e-06,-57.14267566144461,6.94582322311344e-05,0.019325083637151363,0.16
mot/mot_03.wav,mot,train,203,32480,2.04246875,1.9972038323971255e-06,-56.99360212421289,7.066123110300877e-05,0.019337448727251124,0.13
mot/mot_03.wav,mot,train,204,32640,2.05246875,2.2388799181302255e-06,-56.497752639387485,7.481443574154366e-05,0.01939327586928823,0.115
mot/mot_03.wav,mot,train,205,32800,2.06246875,2.546155748199131e-06,-55.93944498885841,7.97833903171445e-05,0.022033059957124908,0.125
mot/mot_03.wav,mot,train,206,32960,2.07246875,2.0263464905102356e-06,-56.930720203958714,7.11748988497742e-05,0.019407949966460072,0.1175
mot/mot_04.wav,mot,test,0,0,0.01246875,0.0,-90.0,0.0,0.0,0.0
mot/mot_04.wav,mot,test,1,160,0.02246875,0.0,-90.0,0.0,0.0,0.0
mot/mot_04.wav,mot,test,2,320,0.03246875,0.0,-90.0,0.0,0.0,0.0
mot/mot_04.wav,mot,test,3,480,0.04246875,0.0,-90.0,0.0,0.0,0.0
mot/mot_04.wav,mot,test,4,640,0.05246875,0.0,-90.0,0.0,0.0,0.0
mot/mot_04.wav,mot,test,5,800,0.06246875,0.0,-90.0,0.0,0.0,0.0
mot/mot_04.wav,mot,test,6,960,0.07246875,0.0,-90.0,0.0,0.0,0.0
mot/mot_04.wav,mot,test,7,1120,0.08246875,0.0,-90.0,0.0,0.0,0.0
mot/mot_04.wav,mot,test,8,1280,0.09246875,0.0,-90.0,0.0,0.0,0.0
mot/mot_04.wav,mot,test,9,1440,0.10246875,0.0,-90.0,0.0,0.0,0.0
mot/mot_04.wav,mot,test,10,1600,0.11246875,0.0,-90.0,0.0,0.0,0.0
mot/mot_04.wav,mot,test,11,1760,0.12246875,0.0,-90.0,0.0,0.0,0.0
mot/mot_04.wav,mot,test,12,1920,0.13246875,0.0,-90.0,0.0,0.0,0.0
mot/mot_04.wav,mot,test,13,2080,0.14246875,0.0,-90.0,0.0,0.0,0.0
mot/mot_04.wav,mot,test,14,2240,0.15246875,0.0,-90.0,0.0,0.0,0.0
mot/mot_04.wav,mot,test,15,2400,0.16246875,0.0,-90.0,0.0,0.0,0.0
mot/mot_04.wav,mot,test,16,2560,0.17246875,0.0,-90.0,0.0,0.0,0.0
mot/mot_04.wav,mot,test,17,2720,0.18246875,0.0,-90.0,0.0,0.0,0.0
mot/mot_04.wav,mot,test,18,2880,0.19246875,0.0,-90.0,0.0,0.0,0.0
mot/mot_04.wav,mot,test,19,3040,0.20246875,0.0,-90.0,0.0,0.0,0.0
mot/mot_04.wav,mot,test,20,3200,0.21246875,0.0,-90.0,0.0,0.0,0.0
mot/mot_04.wav,mot,test,21,3360,0.22246875,0.0,-90.0,0.0,0.0,0.0
mot/mot_04.wav,mot,test,22,3520,0.23246875,0.0,-90.0,0.0,0.0,0.0
mot/mot_04.wav,mot,test,23,3680,0.24246875,0.0,-90.0,0.0,0.0,0.0
mot/mot_04.wav,mot,test,24,3840,0.25246875,0.0,-90.0,0.0,0.0,0.0
mot/mot_04.wav,mot,test,25,4000,0.26246875,0.0,-90.0,0.0,0.0,0.0
mot/mot_04.wav,mot,test,26,4160,0.27246875,0.0,-90.0,0.0,0.0,0.0
mot/mot_04.wav,mot,test,27,4320,0.28246875,0.0,-90.0,0.0,0.0,0.0
mot/mot_04.wav,mot,test,28,4480,0.29246875,0.0,-90.0,0.0,0.0,0.0
mot/mot_04.wav,mot,test,29,4640,0.30246875,0.0,-90.0,0.0,0.0,0.0
mot/mot_04.wav,mot,test,30,4800,0.31246875,7.46176546611715e-09,-80.72539016133382,4.319075556793708e-06,0.0005521733683150175,0.145
mot/mot_04.wav,mot,test,31,4960,0.32246875,6.697165085853534e-08,-71.67672182041169,1.293944075863939e-05,0.0027591150734338193,0.305
mot/mot_04.wav,mot,test,32,5120,0.33246875,2.3109583740636904e-07,-66.34332648461167,2.4036214209311803e-05,0.005879357829916923,0.33
mot/mot_04.wav,mot,test,33,5280,0.34246875,2.9017175295802066e-06,-55.37195224352047,8.517214229987711e-05,0.01765377188929376,0.2275
mot/mot_04.wav,mot,test,34,5440,0.35246875,1.4562687479321938e-06,-58.364603487234774,6.0337980326080555e-05,0.016184900832345767,0.1525
mot/mot_04.wav,mot,test,35,5600,0.36246875,1.5867398917636023e-06,-57.992206434859206,6.298293204836534e-05,0.015674816905927334,0.1625
mot/mot_04.wav,mot,test,36,5760,0.37246875,1.379068291810964e-06,-58.60099422277875,5.871686920747231e-05,0.015844696191728805,0.1175
mot/mot_04.wav,mot,test,37,5920,0.38246875,1.7130915762745065e-06,-57.659659793741525,6.544256214946253e-05,0.017817872341853235,0.125
mot/mot_04.wav,mot,test,38,6080,0.39246875,1.959665816874329e-06,-57.0759642278061,6.999403218979332e-05,0.01864732938963841,0.1125
mot/mot_04.wav,mot,test,39,6240,0.40246875,1.0736098241705825e-06,-59.687491933936315,5.180757242359901e-05,0.01495618890242215,0.13
mot/mot_04.wav,mot,test,40,6400,0.41246875,1.708566811345201e-06,-57.67113921932867,6.535607874071854e-05,0.016621977897588704,0.1575
mot/mot_04.wav,mot,test,41,6560,0.42246875,9.440862969501194e-07,-60.24528533736138,4.8582051648477125e-05,0.013432335951351857,0.1675
mot/mot_04.wav,mot,test,42,6720,0.43246875,9.725539800506227e-07,-60.116399634164864,4.930907573790607e-05,0.013003041494962432,0.175
mot/mot_04.wav,mot,test,43,6880,0.44246875,1.224202035874512e-06,-59.11792290213219,5.5321831944416665e-05,0.014110502765283866,0.1675
mot/mot_04.wav,mot,test,44,7040,0.45246875,1.2306771184604494e-06,-59.09503126627162,5.546794386085645e-05,0.014748359974392493,0.1525
mot/mot_04.wav,mot,test,45,7200,0.46246875,1.5453647882251172e-06,-58.106880480467794,6.215635100746176e-05,0.016996525463044462,0.1375
mot/mot_04.wav,mot,test,46,7360,0.47246875,1.7038257714391219e-06,-57.6831999811952,6.526533864615892e-05,0.017681469798187105,0.1475
mot/mot_04.wav,mot,test,47,7520,0.48246875,1.3530227226724991e-06,-58.68374047431911,5.815975246406442e-05,0.015306025735586471,0.155
mot/mot_04.wav,mot,test,48,7680,0.49246875,1.3386717897661562e-06,-58.73001587719279,5.785049243018931e-05,0.013981010042737057,0.2225
mot/mot_04.wav,mot,test,49,7840,0.50246875,1.0639684445557385e-06,-59.72663260355147,5.157442303496324e-05,0.013614557499843562,0.1825
mot/mot_04.wav,mot,test,50,8000,0.51246875,1.3919743524271186e-06,-58.56056879772676,5.899098135365944e-05,0.016859490801165028,0.175
mot/mot_04.wav,mot,test,51,8160,0.52246875,1.8395682509109187e-06,-57.35048073656366,6.781534212313093e-05,0.01720044841401173,0.1825
mot/mot_04.wav,mot,test,52,8320,0.53246875,1.8470770380111243e-06,-57.33279928956941,6.795360619590259e-05,0.016850486559300593,0.18
mot/mot_04.wav,mot,test,53,8480,0.54246875,1.335919535944522e-06,-58.738947304694065,5.779099272258009e-05,0.015543036661364782,0.1775
mot/mot_04.wav,mot,test,54,8640,0.55246875,1.0112843861622403e-06,-59.946974618138135,5.028131825445312e-05,0.014078992232376106,0.1675
mot/mot_04.wav,mot,test,55,8800,0.56246875,1.2877507184656377e-06,-58.89831079593529,5.67395523084567e-05,0.015083065222992943,0.165
mot/mot_04.wav,mot,test,56,8960,0.57246875,1.2813230572578193e-06,-58.92002548678591,5.659777065525239e-05,0.014870145198771745,0.17
mot/mot_04.wav,mot,test,57,9120,0.58246875,1.356621810235883e-06,-58.67221193680209,5.823705457515608e-05,0.01549013676017082,0.175
mot/mot_04.wav,mot,test,58,9280,0.59246875,1.0655929549737722e-06,-59.72001289231916,5.161378098371045e-05,0.013583820784696232,0.1975
mot/mot_04.wav,mot,test,59,9440,0.60246875,1.4041580936488306e-06,-58.52274810750531,5.924858845679006e-05,0.014554062751025944,0.21
mot/mot_04.wav,mot,test,60,9600,0.61246875,2.0434081448176664e-06,-56.894323975063124,7.147391385704414e-05,0.014772623508285338,0.1975
mot/mot_04.wav,mot,test,61,9760,0.62246875,1.1751388291917317e-06,-59.295414119390166,5.4201910233674693e-05,0.013837673654584012,0.1825
mot/mot_04.wav,mot,test,62,9920,0.63246875,1.5888000802242524e-06,-57.98657485436989,6.30238066175047e-05,0.016109467845808047,0.1925
mot/mot_04.wav,mot,test,63,10080,0.64246875,1.0277411822232402e-06,-59.876938742858236,5.0688785303635955e-05,0.013834115206299335,0.1925
mot/mot_04.wav,mot,test,64,10240,0.65246875,1.244812587155609e-06,-59.04547285514689,5.578558476783247e-05,0.014716638630729511,0.1875
mot/mot_04.wav,mot,test,65,10400,0.66246875,1.4598572321285956e-06,-58.353922250844576,6.0412275907480006e-05,0.015739201767891047,0.17
mot/mot_04.wav,mot,test,66,10560,0.67246875,1.1612646100485426e-06,-59.34694985886039,5.388099409923091e-05,0.014097065624792751,0.185
mot/mot_04.wav,mot,test,67,10720,0.68246875,1.1441854428290143e-06,-59.41124181205113,5.34833021332129e-05,0.01352469999837877,0.18
mot/mot_04.wav,mot,test,68,10880,0.69246875,1.4164691968808422e-06,-58.484863700153234,5.950775573151878e-05,0.017007962504564652,0.135
mot/mot_04.wav,mot,test,69,11040,0.70246875,2.0200495046051696e-06,-56.94423048526487,7.106422279539068e-05,0.019241085001472896,0.1325
mot/mot_04.wav,mot,test,70,11200,0.71246875,1.8624870841645604e-06,-57.296736129962696,6.82364837195719e-05,0.01788513316776684,0.1475
mot/mot_04.wav,mot,test,71,11360,0.72246875,1.5816793567745465e-06,-58.00607062199283,6.28824171922197e-05,0.016559776392631485,0.1725
mot/mot_04.wav,mot,test,72,11520,0.73246875,1.3468344501110708e-06,-58.70363447428679,5.8026598429320986e-05,0.01399827296129726,0.19
mot/mot_04.wav,mot,test,73,11680,0.74246875,1.3212353610305508e-06,-58.78691232521378,5.7472501273012094e-05,0.0147361326397659,0.1975
mot/mot_04.wav,mot,test,74,11840,0.75246875,1.9994243719368594e-06,-56.98877862916005,7.070050162369535e-05,0.019136894330559574,0.15
mot/mot_04.wav,mot,test,75,12000,0.76246875,3.717298377046709e-06,-54.296557629488646,9.640148309345024e-05,0.0244784334154102,0.135
mot/mot_04.wav,mot,test,76,12160,0.77246875,2.5080397335320256e-06,-56.00492461077948,7.918395881635412e-05,0.02068700845121013,0.1225
mot/mot_04.wav,mot,test,77,12320,0.78246875,1.7213830776000975e-06,-57.63870250103405,6.56007446146783e-05,0.01604735938005627,0.16
mot/mot_04.wav,mot,test,78,12480,0.79246875,8.769673574377615e-07,-60.56521630731928,4.68232676518246e-05,0.012649085277790413,0.1675
mot/mot_04.wav,mot,test,79,12640,0.80246875,1.137582352556954e-06,-59.43635551814239,5.332875285802571e-05,0.013375381369623693,0.1575
mot/mot_04.wav,mot,test,80,12800,0.81246875,1.3774901446485509e-06,-58.605963344838884,5.868326304510833e-05,0.01600652629164999,0.1475
mot/mot_04.wav,mot,test,81,12960,0.82246875,1.9983680067916925e-06,-56.99107261605061,7.068182239429902e-05,0.018309444992604063,0.2075
mot/mot_04.wav,mot,test,82,13120,0.83246875,1.0653855583511762e-06,-59.720857450372414,5.160875793775646e-05,0.013662456899565367,0.225
mot/mot_04.wav,mot,test,83,13280,0.84246875,1.651371876104158e-06,-57.81892205463012,6.42528574482131e-05,0.01716054048933939,0.1925
mot/mot_04.wav,mot,test,84,13440,0.85246875,2.1647770733752663e-06,-56.6438624798102,7.35659070727614e-05,0.01917573391325203,0.1575
mot/mot_04.wav,mot,test,85,13600,0.86246875,1.4949986431309368e-06,-58.25068800375979,6.113506855993001e-05,0.015613541039549088,0.1975
mot/mot_04.wav,mot,test,86,13760,0.87246875,1.370496940153834e-06,-58.62805156980915,5.853411270690438e-05,0.015159181334082037,0.1925
mot/mot_04.wav,mot,test,87,13920,0.88246875,1.3630455428159987e-06,-58.65171129193115,5.837477072366107e-05,0.01580771884511698,0.17
mot/mot_04.wav,mot,test,88,14080,0.89246875,1.7522806646522532e-06,-57.56148556608389,6.618686925388324e-05,0.017762493616127778,0.1675
mot/mot_04.wav,mot,test,89,14240,0.90246875,1.8927382004203818e-06,-57.226800601645934,6.878841109555413e-05,0.01752885762538985,0.1775
mot/mot_04.wav,mot,test,90,14400,0.91246875,1.4408094663898995e-06,-58.410921273854896,6.001686151386749e-05,0.01637508210820375,0.16
mot/mot_04.wav,mot,test,91,14560,0.92246875,2.042244466477609e-06,-56.896796685655275,7.14535595068155e-05,0.018687729488223975,0.1525
mot/mot_04.wav,mot,test,92,14720,0.93246875,1.9460077626227455e-06,-57.10632316966099,6.974969108574505e-05,0.017495685359150706,0.1625
mot/mot_04.wav,mot,test,93,14880,0.94246875,1.4690403488030009e-06,-58.32670744828689,6.060198736021371e-05,0.016040915973411785,0.175
mot/mot_04.wav,mot,test,94,15040,0.95246875,1.9811762221365376e-06,-57.02857737893429,7.037713091154927e-05,0.01853671220832654,0.18
mot/mot_04.wav,mot,test,95,15200,0.96246875,2.3725169781631234e-06,-56.2460765735359,7.70148845705024e-05,0.019469024560399666,0.1825
mot/mot_04.wav,mot,test,96,15360,0.97246875,1.3832651343572598e-06,-58.58780719589976,5.8806146242490244e-05,0.015060973662204583,0.2
mot/mot_04.wav,mot,test,97,15520,0.98246875,1.4880043425382298e-06,-58.2710403566781,6.0991891726241566e-05,0.015332825905080682,0.22
mot/mot_04.wav,mot,test,98,15680,0.99246875,1.2174406249312079e-06,-59.14195629296668,5.516884593978761e-05,0.015530913894375513,0.1825
mot/mot_04.wav,mot,test,99,15840,1.00246875,2.030701407966516e-06,-56.921401184359006,7.125134047803094e-05,0.019987854632237352,0.1475
mot/mot_04.wav,mot,test,100,16000,1.01246875,2.5137799608103146e-06,-55.99500009012233,7.927452240175141e-05,0.021633691206948552,0.13
mot/mot_04.wav,mot,test,101,16160,1.02246875,2.1470947108938436e-06,-56.6794657422398,7.326483997958782e-05,0.017620129911914154,0.1625
mot/mot_04.wav,mot,test,102,16320,1.03246875,1.4888141306791958e-06,-58.26867910819681,6.100848569418839e-05,0.0160590288002568,0.165
mot/mot_04.wav,mot,test,103,16480,1.04246875,2.812378913624201e-06,-55.50771771918018,8.385074408769729e-05,0.02148935833147087,0.145
mot/mot_04.wav,mot,test,104,16640,1.05246875,1.5924212681199456e-06,-57.97669390405364,6.309558756600864e-05,0.0168704106654832,0.1475
mot/mot_04.wav,mot,test,105,16800,1.06246875,1.8296700741309722e-06,-57.37389917792836,6.763264881200078e-05,0.017808022027691855,0.1625
mot/mot_04.wav,mot,test,106,16960,1.07246875,2.0615429708251184e-06,-56.85596994633635,7.179037140914369e-05,0.018672710716836117,0.1625
mot/mot_04.wav,mot,test,107,17120,1.08246875,1.4702006734084737e-06,-58.32328084981563,6.062591593964733e-05,0.015185671078356295,0.17
mot/mot_04.wav,mot,test,108,17280,1.09246875,1.1695542288789373e-06,-59.31608461713331,5.4072965261740024e-05,0.014123946166211293,0.1775
mot/mot_04.wav,mot,test,109,17440,1.10246875,1.130709365021539e-06,-59.46265090262124,5.316740930827688e-05,0.014372549888747869,0.1725
mot/mot_04.wav,mot,test,110,17600,1.11246875,1.7392953233250414e-06,-57.593770468855766,6.594117308869023e-05,0.017419235313401286,0.1625
mot/mot_04.wav,mot,test,111,17760,1.12246875,1.5172781056470632e-06,-58.18648670676697,6.158892160216526e-05,0.015781742553461632,0.185
mot/mot_04.wav,mot,test,112,17920,1.13246875,1.3829088201503995e-06,-58.58892522747769,5.879857183959487e-05,0.01587681277699288,0.1825
mot/mot_04.wav,mot,test,113,18080,1.14246875,2.3494559705229855e-06,-56.28847879739717,7.663967592772991e-05,0.01919614387023002,0.145
mot/mot_04.wav,mot,test,114,18240,1.15246875,2.994790703911319e-06,-55.23488531196697,8.652731799714063e-05,0.021831647263385004,0.145
mot/mot_04.wav,mot,test,115,18400,1.16246875,1.3239524318195519e-06,-58.7779971340198,5.7531565940350344e-05,0.01557308785223338,0.1875
mot/mot_04.wav,mot,test,116,18560,1.17246875,1.2651376823173784e-06,-58.975190657092796,5.623916967553349e-05,0.013561193405916843,0.23
mot/mot_04.wav,mot,test,117,18720,1.18246875,1.1080577490241377e-06,-59.55045839396789,5.263216100978891e-05,0.013918722078148715,0.1925
mot/mot_04.wav,mot,test,118,18880,1.19246875,9.867990521182473e-07,-60.05331394918763,4.966887989773494e-05,0.013219631863805658,0.175
mot/mot_04.wav,mot,test,119,19040,1.20246875,8.181490206508633e-07,-60.866370836374635,4.522579520171158e-05,0.012669274872603591,0.1425
mot/mot_04.wav,mot,test,120,19200,1.21246875,1.8122716766425051e-06,-57.41537122089045,6.731032009733918e-05,0.018433197381257087,0.115
mot/mot_04.wav,mot,test,121,19360,1.22246875,2.292553165660695e-06,-56.39491188261255,7.570589748594054e-05,0.020779975584354307,0.1025
mot/mot_04.wav,mot,test,122,19520,1.23246875,2.107926147190643e-06,-56.75938628619532,7.2593493978294e-05,0.01969924545900533,0.1175
mot/mot_04.wav,mot,test,123,19680,1.24246875,2.1468625062611283e-06,-56.679935231043636,7.32608781386957e-05,0.018140040163821917,0.1575
mot/mot_04.wav,mot,test,124,19840,1.25246875,1.3024441485532661e-06,-58.84907573237339,5.706233759129716e-05,0.01478575077217966,0.175
mot/mot_04.wav,mot,test,125,20000,1.26246875,9.967122344087953e-07,-60.00994702229257,4.991773819016631e-05,0.013230886275475185,0.2
mot/mot_04.wav,mot,test,126,20160,1.27246875,8.21550359511149e-07,-60.84837503483419,4.531970762017196e-05,0.012516341548595707,0.1925
mot/mot_04.wav,mot,test,127,20320,1.28246875,1.0444377081693036e-06,-59.80701839273179,5.1098867604118775e-05,0.013825570096618188,0.21
mot/mot_04.wav,mot,test,128,20480,1.29246875,1.1558778397699608e-06,-59.36712497845832,5.375587967306369e-05,0.013516619822371366,0.1975
mot/mot_04.wav,mot,test,129,20640,1.30246875,1.3312287919097443e-06,-58.75421184676754,5.768944426647184e-05,0.014746335211166466,0.1675
mot/mot_04.wav,mot,test,130,20800,1.31246875,1.5342374422783115e-06,-58.13824446312861,6.193216939277825e-05,0.016029931096565284,0.1775
mot/mot_04.wav,mot,test,131,20960,1.32246875,7.634017519290613e-07,-61.16678326258244,4.3686432445584904e-05,0.012006029254641913,0.1675
mot/mot_04.wav,mot,test,132,21120,1.33246875,1.4833798885291073e-06,-58.28454938424575,6.0897041975146615e-05,0.014265231340420449,0.19
mot/mot_04.wav,mot,test,133,21280,1.34246875,8.048532188406196e-07,-60.937440550344945,4.4856806028757206e-05,0.011250577547054847,0.2325
mot/mot_04.wav,mot,test,134,21440,1.35246875,7.083043296428398e-07,-61.4916738917973,4.208040902970287e-05,0.010341555237701876,0.2375
mot/mot_04.wav,mot,test,135,21600,1.36246875,1.0701832182776943e-06,-59.70136239829584,5.172483006926398e-05,0.013177034166638239,0.215
mot/mot_04.wav,mot,test,136,21760,1.37246875,1.2019716329321353e-06,-59.19744613563143,5.481723344287212e-05,0.014671418288266798,0.17
mot/mot_04.wav,mot,test,137,21920,1.38246875,1.3128937617803101e-06,-58.81439749340818,5.7290788129076875e-05,0.015662566107832173,0.1475
mot/mot_04.wav,mot,test,138,22080,1.39246875,1.3426464796387636e-06,-58.717149813847826,5.793631157656577e-05,0.015434351508248572,0.125
mot/mot_04.wav,mot,test,139,22240,1.40246875,2.0910544306145112e-06,-56.79427020278946,7.230239329743019e-05,0.018591810794466198,0.1225
mot/mot_04.wav,mot,test,140,22400,1.41246875,2.2637056988193385e-06,-56.44988227065352,7.522808150583362e-05,0.019644189382546823,0.1525
mot/mot_04.wav,mot,test,141,22560,1.42246875,1.7028089785445755e-06,-57.68579097488521,6.524586152670098e-05,0.01657412762654715,0.1725
mot/mot_04.wav,mot,test,142,22720,1.43246875,2.548554504221322e-06,-55.93535699276213,7.982096379118273e-05,0.019130232513073726,0.165
mot/mot_04.wav,mot,test,143,22880,1.44246875,1.4579829029511823e-06,-58.35949797344015,6.03734814084624e-05,0.016359164874214446,0.1475
mot/mot_04.wav,mot,test,144,23040,1.45246875,1.4987591199388276e-06,-58.23978488465642,6.12119089707801e-05,0.01619523132404723,0.1575
mot/mot_04.wav,mot,test,145,23200,1.46246875,1.434743361897908e-06,-58.42923182985346,5.9890386580358366e-05,0.01609313664518946,0.14
mot/mot_04.wav,mot,test,146,23360,1.47246875,1.628242930953882e-06,-57.88014154668335,6.380131132966395e-05,0.01734043997096913,0.12
mot/mot_04.wav,mot,test,147,23520,1.48246875,2.334680592309233e-06,-56.31586547896119,7.639830810150891e-05,0.02000428000550803,0.1225
mot/mot_04.wav,mot,test,148,23680,1.49246875,2.1719240721457883e-06,-56.62955448840184,7.368724571026163e-05,0.018803334112475967,0.1175
mot/mot_04.wav,mot,test,149,23840,1.50246875,1.4131600134128896e-06,-58.495014469673315,5.943820348506694e-05,0.015694590945485375,0.1675
mot/mot_04.wav,mot,test,150,24000,1.51246875,2.323402954788103e-06,-56.33688581156448,7.621356432401163e-05,0.018506679017342705,0.1575
mot/mot_04.wav,mot,test,151,24160,1.52246875,1.332745428206226e-06,-58.74927056233424,5.772229699618307e-05,0.0152560667045331,0.185
mot/mot_04.wav,mot,test,152,24320,1.53246875,1.1377829597742225e-06,-59.435590400598514,5.333345478623672e-05,0.013929637072685488,0.17
mot/mot_04.wav,mot,test,153,24480,1.54246875,1.4734773363545859e-06,-58.31361898440625,6.069343737906484e-05,0.01666892802717606,0.1725
mot/mot_04.wav,mot,test,154,24640,1.55246875,1.4686802116186721e-06,-58.32777153304903,6.059455857621772e-05,0.016709272376787883,0.1775
mot/mot_04.wav,mot,test,155,24800,1.56246875,1.300683506209751e-06,-58.85494598114538,5.7023756150611275e-05,0.015473628547796157,0.1825
mot/mot_04.wav,mot,test,156,24960,1.57246875,2.3032809105620818e-06,-56.37464577996026,7.58828193757006e-05,0.019611127281322704,0.1575
mot/mot_04.wav,mot,test,157,25120,1.58246875,2.2886737216108934e-06,-56.40226400192715,7.5641815843006e-05,0.020274670316806513,0.1375
mot/mot_04.wav,mot,test,158,25280,1.59246875,1.5644015045845232e-06,-58.05374253094108,6.253801852842244e-05,0.016882969945053533,0.16
mot/mot_04.wav,mot,test,159,25440,1.60246875,1.476051627488266e-06,-58.30604324497521,6.074643255962168e-05,0.016922170740408735,0.1625
mot/mot_04.wav,mot,test,160,25600,1.61246875,3.0488202311182404e-06,-55.15725758992323,8.7304356006992e-05,0.023161660800369875,0.1225
mot/mot_04.wav,mot,test,161,25760,1.62246875,3.285025446940215e-06,-54.833290777168656,9.062319580190568e-05,0.026917533170286174,0.07
mot/mot_04.wav,mot,test,162,25920,1.63246875,0.00022280667193091857,-36.520698591899624,0.000746335500848845,0.18617403408280758,0.0525
mot/mot_04.wav,mot,test,163,26080,1.64246875,0.005909915541488233,-22.284186520844052,0.003843798753020322,1.1031095065105019,0.04
mot/mot_04.wav,mot,test,164,26240,1.65246875,0.030364415742700716,-15.176350566411843,0.008712694150304588,2.5628896464931588,0.03
mot/mot_04.wav,mot,test,165,26400,1.66246875,0.04657281936211555,-13.318674612166102,0.010790368316479696,3.2669244809797937,0.0275
mot/mot_04.wav,mot,test,166,26560,1.67246875,0.04205036752911727,-13.762301936957787,0.010253093134405498,3.1780525266075417,0.03
mot/mot_04.wav,mot,test,167,26720,1.68246875,0.046815979341759045,-13.296058779169535,0.010818500282127722,3.362329761264232,0.0275
mot/mot_04.wav,mot,test,168,26880,1.69246875,0.06407318763460851,-11.93323662585993,0.012656341062349785,3.7888849080197784,0.03
mot/mot_04.wav,mot,test,169,27040,1.70246875,0.05104701856721433,-12.920296095672528,0.011296793634391832,3.418816665569458,0.03
mot/mot_04.wav,mot,test,170,27200,1.71246875,0.05257744606836469,-12.792005051645907,0.01146488618220485,3.30010014983974,0.03
mot/mot_04.wav,mot,test,171,27360,1.72246875,0.054217794735534286,-12.658581429590324,0.011642357443354663,3.2284146451146007,0.0325
mot/mot_04.wav,mot,test,172,27520,1.73246875,0.03513407335524174,-14.54271483928563,0.009372042647582455,2.6169952258981883,0.0425
mot/mot_04.wav,mot,test,173,27680,1.74246875,0.022808785193808606,-16.418978257868027,0.007551288829366913,2.133543330549926,0.055
mot/mot_04.wav,mot,test,174,27840,1.75246875,0.013424928579153072,-18.720879837263915,0.005793299702922565,1.7249073255749214,0.0575
mot/mot_04.wav,mot,test,175,28000,1.76246875,0.009834737109353297,-20.07237200480494,0.004958512153195073,1.4295245203645464,0.065
mot/mot_04.wav,mot,test,176,28160,1.77246875,0.011677938827110042,-19.326337668670057,0.005403225616960216,1.4770983802397752,0.0725
mot/mot_04.wav,mot,test,177,28320,1.78246875,0.016390145687633712,-17.85417159587231,0.006401200217075255,1.7268837371083117,0.095
mot/mot_04.wav,mot,test,178,28480,1.79246875,0.021916140971034004,-16.59235894902917,0.007402050555595051,1.9791004462228456,0.0975
mot/mot_04.wav,mot,test,179,28640,1.80246875,0.023433204572952247,-16.301682975140533,0.00765395397375635,2.014541965855368,0.095
mot/mot_04.wav,mot,test,180,28800,1.81246875,0.02095759942368165,-16.78658444131608,0.007238369882729407,1.8792561884919725,0.09
mot/mot_04.wav,mot,test,181,28960,1.82246875,0.017370590417668294,-17.60185394848393,0.00658987678520401,1.7575949051713522,0.0825
mot/mot_04.wav,mot,test,182,29120,1.83246875,0.014633902839680257,-18.34639803070116,0.006048533466816617,1.666378150963492,0.0775
mot/mot_04.wav,mot,test,183,29280,1.84246875,0.013097192626948959,-18.82821751893698,0.005722148334967593,1.5779143017545736,0.0675
mot/mot_04.wav,mot,test,184,29440,1.85246875,0.012213217800987396,-19.131698624039043,0.0055256714073919095,1.458345304951557,0.07
mot/mot_04.wav,mot,test,185,29600,1.86246875,0.011842209362687602,-19.26567228464036,0.005441095790989073,1.4132893332189607,0.07
mot/mot_04.wav,mot,test,186,29760,1.87246875,0.012597514439863278,-18.99715100688541,0.005611932474616761,1.4558448026222348,0.075
mot/mot_04.wav,mot,test,187,29920,1.88246875,0.013390175102306844,-18.732137112809568,0.00578579620759037,1.5252965122612738,0.0625
mot/mot_04.wav,mot,test,188,30080,1.89246875,0.013840278745719818,-18.588551316426557,0.0058822357028853875,1.5405962882742892,0.07
mot/mot_04.wav,mot,test,189,30240,1.90246875,0.012567109148299338,-19.007645783949712,0.005605155918504707,1.4862927766540888,0.0875
mot/mot_04.wav,mot,test,190,30400,1.91246875,0.013081263095317165,-18.833502863562124,0.005718667479255366,1.485415351865751,0.1025
mot/mot_04.wav,mot,test,191,30560,1.92246875,0.012590834500318436,-18.999454501035284,0.005610444389778415,1.4792734987022556,0.11
mot/mot_04.wav,mot,test,192,30720,1.93246875,0.013116228316614811,-18.821909989811857,0.0057263051605321415,1.5217899185130745,0.1125
mot/mot_04.wav,mot,test,193,30880,1.94246875,0.013750033148048901,-18.616962232671156,0.005863026766962799,1.578430056432274,0.1125
mot/mot_04.wav,mot,test,194,31040,1.95246875,0.012148409709211652,-19.154805340299383,0.005510991224183644,1.4966894754821154,0.1075
mot/mot_04.wav,mot,test,195,31200,1.96246875,0.009558164190959478,-20.196254679664897,0.004888293206979169,1.3658545760737106,0.0975
mot/mot_04.wav,mot,test,196,31360,1.97246875,0.009954887368468092,-20.019636056747572,0.004988709093660426,1.3750020053896153,0.085
mot/mot_04.wav,mot,test,197,31520,1.98246875,0.010569270287397247,-19.759549546766745,0.005140347820769828,1.421904972842417,0.0825
mot/mot_04.wav,mot,test,198,31680,1.99246875,0.011416094109915863,-19.42482421678661,0.00534230617568758,1.4342546531336875,0.08
mot/mot_04.wav,mot,test,199,31840,2.00246875,0.012645796015964342,-18.98053793545583,0.005622676412520185,1.4291428760170963,0.0925
mot/mot_04.wav,mot,test,200,32000,2.01246875,0.013761146145931852,-18.61345361276211,0.00586539558468392,1.4542017620713505,0.0825
mot/mot_04.wav,mot,test,201,32160,2.02246875,0.014992918518746559,-18.241137902722304,0.006122278685004987,1.566957350784596,0.0725
mot/mot_04.wav,mot,test,202,32320,2.03246875,0.01540931619444608,-18.122166049710145,0.006206713340095159,1.6637661656059264,0.06
mot/mot_04.wav,mot,test,203,32480,2.04246875,0.011861565716795808,-19.258579440643985,0.005445540771309083,1.6011759876035778,0.0575
mot/mot_04.wav,mot,test,204,32640,2.05246875,0.012141453739379656,-19.15729274757078,0.0055094132490174615,1.6700990654609544,0.0525
mot/mot_04.wav,mot,test,205,32800,2.06246875,0.01390746391239562,-18.567520270817013,0.005896495550832634,1.73415129528196,0.065
mot/mot_04.wav,mot,test,206,32960,2.07246875,0.013248277211149139,-18.77840560367603,0.005755058038618972,1.6630881362762846,0.0625
mot/mot_04.wav,mot,test,207,33120,2.08246875,0.014399809436956207,-18.416432250384844,0.005999960299234531,1.7008046148702252,0.0625
mot/mot_04.wav,mot,test,208,33280,2.09246875,0.008540541037047763,-20.685145653498047,0.004620752383824458,1.3655087081910446,0.055
mot/mot_04.wav,mot,test,209,33440,2.10246875,0.006770046820016808,-21.694082636788032,0.004114014711937965,1.1282348307419436,0.055
mot/mot_04.wav,mot,test,210,33600,2.11246875,0.002165553487326513,-26.644308845513002,0.002326775390603116,0.6693066945393773,0.06
mot/mot_04.wav,mot,test,211,33760,2.12246875,0.0009096053267330616,-30.411465275906586,0.001507983195142656,0.4258686868626077,0.07
mot/mot_04.wav,mot,test,212,33920,2.13246875,0.0004097781045182454,-33.874501909416324,0.0010121488335692599,0.27975113094708637,0.08
mot/mot_04.wav,mot,test,213,34080,2.14246875,0.00015229090942962562,-38.17323168124236,0.0006170310150827623,0.1803770567692774,0.0925
mot/mot_04.wav,mot,test,214,34240,2.15246875,0.00013264936472182792,-38.77291551588478,0.0005758675297362839,0.1542859722544774,0.11
mot/mot_04.wav,mot,test,215,34400,2.16246875,7.566074769166278e-05,-41.21123631268506,0.00043491593351952163,0.12041942161352842,0.1125
mot/mot_04.wav,mot,test,216,34560,2.17246875,6.907599956454802e-05,-41.6066653475339,0.0004155598620071121,0.11228817069261499,0.095
mot/mot_04.wav,mot,test,217,34720,2.18246875,7.876721134895979e-05,-41.03649016281305,0.00044375446856611986,0.12272516341617627,0.08
mot/mot_04.wav,mot,test,218,34880,2.19246875,7.390321817999057e-05,-41.31330772971715,0.0004298349048762518,0.11811745227773518,0.07
mot/mot_04.wav,mot,test,219,35040,2.20246875,3.877171805410285e-05,-44.114737529127844,0.0003113346995361377,0.08539273028947128,0.085
mot/mot_04.wav,mot,test,220,35200,2.21246875,1.5594892887361663e-05,-48.06989756209592,0.00019745184784753005,0.0571327911204493,0.105
mot/mot_04.wav,mot,test,221,35360,2.22246875,8.175063806320745e-06,-50.87455727945066,0.00014296034245832605,0.04019433678477284,0.1225
mot/mot_04.wav,mot,test,222,35520,2.23246875,5.5904451067246085e-06,-52.524759343734075,0.0001182206105838213,0.030782205107300724,0.1275
mot/mot_04.wav,mot,test,223,35680,2.24246875,2.4711081751672924e-06,-56.06932529193926,7.859879412508967e-05,0.02000301018787751,0.145
mot/mot_04.wav,mot,test,224,35840,2.25246875,1.5011171511383514e-06,-58.23296195088925,6.126004307740795e-05,0.01640406899797485,0.14
mot/mot_04.wav,mot,test,225,36000,2.26246875,2.4057370597455474e-06,-56.18571354568872,7.755219306611432e-05,0.01843976812775553,0.1525
mot/mot_04.wav,mot,test,226,36160,2.27246875,1.110041170126049e-06,-59.5426984778525,5.2679245679063426e-05,0.014548422759003173,0.15
mot/mot_04.wav,mot,test,227,36320,2.28246875,2.047146475280315e-06,-56.88638987573534,7.15392632629159e-05,0.019588547835363436,0.1575
mot/mot_04.wav,mot,test,228,36480,2.29246875,1.90938810753339e-06,-57.18878394093806,6.909030517253108e-05,0.017742504110241364,0.1275
mot/mot_04.wav,mot,test,229,36640,2.30246875,1.2065072104982658e-06,-59.18110267226339,5.492056105181068e-05,0.014327553543551263,0.165
mot/mot_04.wav,mot,test,230,36800,2.31246875,1.1674684754891422e-06,-59.32383000093145,5.4024727567317317e-05,0.013644600065108141,0.17
mot/mot_04.wav,mot,test,231,36960,2.32246875,1.149018441340554e-06,-59.39295195378365,5.35961388847311e-05,0.014464965415326034,0.1975
mot/mot_04.wav,mot,test,232,37120,2.33246875,1.1621511069686065e-06,-59.343638616604295,5.390155626159152e-05,0.015360601986250675,0.135
mot/mot_04.wav,mot,test,233,37280,2.34246875,1.6539303248448769e-06,-57.812202859803314,6.430261123867516e-05,0.01750797206064644,0.1425
mot/mot_04.wav,mot,test,234,37440,2.35246875,9.44538208144079e-07,-60.24320917108874,4.859367778178759e-05,0.013013161308927351,0.15
mot/mot_04.wav,mot,test,235,37600,2.36246875,7.963536341047492e-07,-60.983490220444665,4.461932412376809e-05,0.0117819765031273,0.21
mot/mot_04.wav,mot,test,236,37760,2.37246875,1.1193738236633622e-06,-59.50637046556217,5.290023212764198e-05,0.014267397388075987,0.175
mot/mot_04.wav,mot,test,237,37920,2.38246875,1.69201524983759e-06,-57.71339129965202,6.503874325810713e-05,0.017583254029072348,0.175
mot/mot_04.wav,mot,test,238,38080,2.39246875,9.165068197048531e-07,-60.37390699011374,4.7867181338179215e-05,0.012716111919293005,0.1675
mot/mot_04.wav,mot,test,239,38240,2.40246875,1.1196240508450016e-06,-59.50540060935752,5.290614451188542e-05,0.013255901157949977,0.1975
mot/mot_04.wav,mot,test,240,38400,2.41246875,6.351123060495771e-07,-61.964662026034254,3.9846966824639775e-05,0.01091554638112448,0.2
mot/mot_04.wav,mot,test,241,38560,2.42246875,8.107168797322292e-07,-60.905954227425894,4.501990892183783e-05,0.011893713114471306,0.215
mot/mot_04.wav,mot,test,242,38720,2.43246875,1.3178579254241745e-06,-58.79801986506425,5.739899662503201e-05,0.014694476744953312,0.1775
mot/mot_04.wav,mot,test,243,38880,2.44246875,1.5938102460642074e-06,-57.97290982819743,6.312309890333742e-05,0.015336439066720092,0.175
mot/mot_04.wav,mot,test,244,39040,2.45246875,1.3412907031805277e-06,-58.72153417762432,5.7907052747928034e-05,0.014555878460314427,0.185
mot/mot_04.wav,mot,test,245,39200,2.46246875,2.2529301482431397e-06,-56.470595473416545,7.50488199148251e-05,0.019564830584759052,0.155
mot/mot_04.wav,mot,test,246,39360,2.47246875,1.890816918382931e-06,-57.23120894986701,6.875348933659533e-05,0.017919525794348534,0.165
mot/mot_04.wav,mot,test,247,39520,2.48246875,1.7260065757558961e-06,-57.627060088083006,6.568878473065048e-05,0.01661037773664964,0.1525
mot/mot_04.wav,mot,test,248,39680,2.49246875,1.8550927900756957e-06,-57.31400316258032,6.810089555350383e-05,0.018740389666867155,0.1975
mot/mot_04.wav,mot,test,249,39840,2.50246875,2.442150978326367e-06,-56.12049694292214,7.813691474467057e-05,0.019509431609492783,0.17
mot/mot_04.wav,mot,test,250,40000,2.51246875,2.268318635451789e-06,-56.44104520464601,7.530469167740793e-05,0.020928112771845336,0.135
mot/mot_04.wav,mot,test,251,40160,2.52246875,8.391665703424702e-06,-50.76100075355785,0.00014484185948323693,0.03859062237720349,0.065
mot/mot_04.wav,mot,test,252,40320,2.53246875,5.9861250918374005e-05,-42.228469570071894,0.00038685026469673637,0.10735581018382315,0.03
mot/mot_04.wav,mot,test,253,40480,2.54246875,0.0003844246122030993,-34.15187685342914,0.0009803374574643919,0.2861664498884023,0.015
mot/mot_04.wav,mot,test,254,40640,2.55246875,0.0010440405610388464,-29.812822126646303,0.0016155808251514735,0.4809552394083403,0.01
mot/mot_04.wav,mot,test,255,40800,2.56246875,0.0011128283943237728,-29.535714113912668,0.0016679541318062173,0.5010573896452625,0.01
mot/mot_04.wav,mot,test,256,40960,2.57246875,0.0005574674601304874,-32.53779698645302,0.0011805374413063816,0.3433888755473014,0.02
mot/mot_04.wav,mot,test,257,41120,2.58246875,6.776105585764494e-05,-41.69013426259309,0.00041158551923520383,0.1099126217873004,0.065
mot/mot_04.wav,mot,test,258,41280,2.59246875,4.7405081606343935e-06,-53.240834976376014,0.00010886354027674271,0.028409423253567212,0.115
mot/mot_04.wav,mot,test,259,41440,2.60246875,2.1844609625551865e-06,-56.60456946620353,7.389961032636077e-05,0.0202448351616503,0.135
mot/mot_04.wav,mot,test,260,41600,2.61246875,3.2135488397303783e-06,-54.92879971469058,8.963186988636321e-05,0.024685509131185362,0.0975
mot/mot_04.wav,mot,test,261,41760,2.62246875,3.960571632949012e-06,-54.02132486774322,9.950592486064601e-05,0.027802843131168944,0.1
mot/mot_04.wav,mot,test,262,41920,2.63246875,2.122252133555345e-06,-56.72998430841055,7.283975792030314e-05,0.019580601819425177,0.125
mot/mot_04.wav,mot,test,263,42080,2.64246875,1.463584292056208e-06,-58.34285628064724,6.0489343938751065e-05,0.016583142432175152,0.1525
mot/mot_04.wav,mot,test,264,42240,2.65246875,1.5764205073734782e-06,-58.02052517395345,6.277779279676609e-05,0.01762134498297113,0.13
mot/mot_04.wav,mot,test,265,42400,2.66246875,1.8849370609285062e-06,-57.24472804996118,6.864650502626674e-05,0.01751797725511331,0.1375
mot/mot_04.wav,mot,test,266,42560,2.67246875,9.105538182079544e-07,-60.402176854722455,4.771147184399037e-05,0.01357252963623782,0.155
mot/mot_04.wav,mot,test,267,42720,2.68246875,1.3892344949615295e-06,-58.56911939833295,5.893289605478271e-05,0.014112352833082478,0.175
mot/mot_04.wav,mot,test,268,42880,2.69246875,8.556770386707442e-07,-60.67182873244164,4.625140642917641e-05,0.012436302085931508,0.1925
mot/mot_04.wav,mot,test,269,43040,2.70246875,1.1075550956970925e-06,-59.55242717377996,5.262022177112836e-05,0.012899123549917008,0.1775
mot/mot_04.wav,mot,test,270,43200,2.71246875,1.1032923726597056e-06,-59.569159274924964,5.25188626271482e-05,0.013919898528131514,0.1975
mot/mot_04.wav,mot,test,271,43360,2.72246875,1.4230465772041259e-06,-58.4647580571888,5.96457579632476e-05,0.015221361992916398,0.1875
mot/mot_04.wav,mot,test,272,43520,2.73246875,1.0429302523853407e-06,-59.81328516674809,5.1061978329901715e-05,0.013579944342561486,0.19
mot/mot_04.wav,mot,test,273,43680,2.74246875,1.4411802038708038e-06,-58.409804700902235,6.002458254479584e-05,0.015559543681798363,0.1775
mot/mot_05.wav,mot,test,0,0,0.01246875,0.0,-90.0,0.0,0.0,0.0
mot/mot_05.wav,mot,test,1,160,0.02246875,0.0,-90.0,0.0,0.0,0.0
mot/mot_05.wav,mot,test,2,320,0.03246875,0.0,-90.0,0.0,0.0,0.0
mot/mot_05.wav,mot,test,3,480,0.04246875,0.0,-90.0,0.0,0.0,0.0
mot/mot_05.wav,mot,test,4,640,0.05246875,0.0,-90.0,0.0,0.0,0.0
mot/mot_05.wav,mot,test,5,800,0.06246875,0.0,-90.0,0.0,0.0,0.0
mot/mot_05.wav,mot,test,6,960,0.07246875,0.0,-90.0,0.0,0.0,0.0
mot/mot_05.wav,mot,test,7,1120,0.08246875,0.0,-90.0,0.0,0.0,0.0
mot/mot_05.wav,mot,test,8,1280,0.09246875,0.0,-90.0,0.0,0.0,0.0
mot/mot_05.wav,mot,test,9,1440,0.10246875,0.0,-90.0,0.0,0.0,0.0
mot/mot_05.wav,mot,test,10,1600,0.11246875,0.0,-90.0,0.0,0.0,0.0
mot/mot_05.wav,mot,test,11,1760,0.12246875,0.0,-90.0,0.0,0.0,0.0
mot/mot_05.wav,mot,test,12,1920,0.13246875,0.0,-90.0,0.0,0.0,0.0
mot/mot_05.wav,mot,test,13,2080,0.14246875,0.0,-90.0,0.0,0.0,0.0
mot/mot_05.wav,mot,test,14,2240,0.15246875,0.0,-90.0,0.0,0.0,0.0
mot/mot_05.wav,mot,test,15,2400,0.16246875,0.0,-90.0,0.0,0.0,0.0
mot/mot_05.wav,mot,test,16,2560,0.17246875,0.0,-90.0,0.0,0.0,0.0
mot/mot_05.wav,mot,test,17,2720,0.18246875,0.0,-90.0,0.0,0.0,0.0
mot/mot_05.wav,mot,test,18,2880,0.19246875,0.0,-90.0,0.0,0.0,0.0
mot/mot_05.wav,mot,test,19,3040,0.20246875,0.0,-90.0,0.0,0.0,0.0
mot/mot_05.wav,mot,test,20,3200,0.21246875,0.0,-90.0,0.0,0.0,0.0
mot/mot_05.wav,mot,test,21,3360,0.22246875,0.0,-90.0,0.0,0.0,0.0
mot/mot_05.wav,mot,test,22,3520,0.23246875,0.0,-90.0,0.0,0.0,0.0
mot/mot_05.wav,mot,test,23,3680,0.24246875,0.0,-90.0,0.0,0.0,0.0
mot/mot_05.wav,mot,test,24,3840,0.25246875,0.0,-90.0,0.0,0.0,0.0
mot/mot_05.wav,mot,test,25,4000,0.26246875,0.0,-90.0,0.0,0.0,0.0
mot/mot_05.wav,mot,test,26,4160,0.27246875,0.0,-90.0,0.0,0.0,0.0
mot/mot_05.wav,mot,test,27,4320,0.28246875,0.0,-90.0,0.0,0.0,0.0
mot/mot_05.wav,mot,test,28,4480,0.29246875,0.0,-90.0,0.0,0.0,0.0
mot/mot_05.wav,mot,test,29,4640,0.30246875,0.0,-90.0,0.0,0.0,0.0
mot/mot_05.wav,mot,test,30,4800,0.31246875,0.0,-90.0,0.0,0.0,0.0
mot/mot_05.wav,mot,test,31,4960,0.32246875,3.0971692456484664e-09,-83.87516095863046,2.782610844893904e-06,0.0003100571082243627,0.095
mot/mot_05.wav,mot,test,32,5120,0.33246875,5.959943735238917e-08,-72.17531408109078,1.220649799823737e-05,0.002464365966428293,0.2025
mot/mot_05.wav,mot,test,33,5280,0.34246875,1.7440332822705547e-07,-67.55962170280517,2.0880812258330342e-05,0.005379189145221551,0.27
mot/mot_05.wav,mot,test,34,5440,0.35246875,7.337434905760341e-07,-61.338642528489956,4.282941426683402e-05,0.01060745021813396,0.24
mot/mot_05.wav,mot,test,35,5600,0.36246875,1.2962084050562977e-06,-58.86990246047674,5.6925574328598075e-05,0.014550152584561486,0.175
mot/mot_05.wav,mot,test,36,5760,0.37246875,1.6104641144388517e-06,-57.927793613118794,6.345203137880716e-05,0.017214928320073673,0.1475
mot/mot_05.wav,mot,test,37,5920,0.38246875,2.156008433945616e-06,-56.66148156794126,7.341676296912061e-05,0.018728926535817085,0.1475
mot/mot_05.wav,mot,test,38,6080,0.39246875,2.809636423814622e-06,-55.51195329897119,8.380985061158714e-05,0.021863496852361504,0.1525
mot/mot_05.wav,mot,test,39,6240,0.40246875,2.9473951862055495e-06,-55.30414306536897,8.583989728275468e-05,0.02404012274934862,0.145
mot/mot_05.wav,mot,test,40,6400,0.41246875,3.1071148983949663e-06,-55.075029349108355,8.813505117708513e-05,0.023170912952992277,0.1425
mot/mot_05.wav,mot,test,41,6560,0.42246875,2.090554145138964e-06,-56.7953088813298,7.229374359408573e-05,0.017811572167129596,0.1725
mot/mot_05.wav,mot,test,42,6720,0.43246875,1.3787302308238871e-06,-58.60205819915792,5.870967192090003e-05,0.014654212535737864,0.175
mot/mot_05.wav,mot,test,43,6880,0.44246875,1.1012562514789266e-06,-59.57717429380658,5.24703785835143e-05,0.014176637132990787,0.17
mot/mot_05.wav,mot,test,44,7040,0.45246875,2.5640878894569346e-06,-55.90897749752073,8.00638477943843e-05,0.020710036770659274,0.165
mot/mot_05.wav,mot,test,45,7200,0.46246875,1.8858711033029317e-06,-57.242577665209524,6.866351111221541e-05,0.018283069746919754,0.1625
mot/mot_05.wav,mot,test,46,7360,0.47246875,1.3146731081969141e-06,-58.80852002014905,5.732959768297947e-05,0.01592914823588427,0.1475
mot/mot_05.wav,mot,test,47,7520,0.48246875,2.5630353702208423e-06,-55.910759881291234,8.004741360938595e-05,0.021149866509186398,0.1375
mot/mot_05.wav,mot,test,48,7680,0.49246875,1.6189434764866912e-06,-57.905001387155096,6.361885484050093e-05,0.01878132815001117,0.125
mot/mot_05.wav,mot,test,49,7840,0.50246875,2.1719797966856644e-06,-56.6294431152058,7.36881909922761e-05,0.018910276592432947,0.1575
mot/mot_05.wav,mot,test,50,8000,0.51246875,1.558469931891345e-06,-58.07022994449356,6.241934659805694e-05,0.01607375588962414,0.185
mot/mot_05.wav,mot,test,51,8160,0.52246875,1.084165945765411e-06,-59.64503843548688,5.2061644849289264e-05,0.01319757582319948,0.195
mot/mot_05.wav,mot,test,52,8320,0.53246875,1.0517990782868632e-06,-59.776545039496334,5.1278628060013054e-05,0.01356314910505085,0.1725
mot/mot_05.wav,mot,test,53,8480,0.54246875,1.9549293029928043e-06,-57.0864684682602,6.990939319921186e-05,0.01802155663471114,0.1375
mot/mot_05.wav,mot,test,54,8640,0.55246875,1.7755921784842873e-06,-57.50412254221086,6.662567407697064e-05,0.01730595167999263,0.15
mot/mot_05.wav,mot,test,55,8800,0.56246875,1.4852978998473994e-06,-58.27894135869167,6.0936399217696635e-05,0.015448586050794797,0.1775
mot/mot_05.wav,mot,test,56,8960,0.57246875,1.2992969349173846e-06,-58.859574611772445,5.69933534483931e-05,0.015025859971884539,0.16
mot/mot_05.wav,mot,test,57,9120,0.58246875,1.6044128558542416e-06,-57.94413263594077,6.333270987124745e-05,0.0168730062876893,0.1425
mot/mot_05.wav,mot,test,58,9280,0.59246875,1.6529269746850244e-06,-57.81483669627161,6.428310381984181e-05,0.015827977895776536,0.2
mot/mot_05.wav,mot,test,59,9440,0.60246875,8.613210760341695e-07,-60.64330999155678,4.6403692634158154e-05,0.011692491426650919,0.2575
mot/mot_05.wav,mot,test,60,9600,0.61246875,1.5050823007655983e-06,-58.22151295205872,6.134089787339272e-05,0.014456554464338016,0.245
mot/mot_05.wav,mot,test,61,9760,0.62246875,2.053629311743703e-06,-56.87266520447643,7.165244782531338e-05,0.019731146798832633,0.1275
mot/mot_05.wav,mot,test,62,9920,0.63246875,2.3295656972537093e-06,-56.325386500570296,7.631457425114992e-05,0.020609977977784338,0.1225
mot/mot_05.wav,mot,test,63,10080,0.64246875,1.0979801682930204e-06,-59.59010144590721,5.239227443748316e-05,0.01416683909414383,0.1425
mot/mot_05.wav,mot,test,64,10240,0.65246875,8.965297375357189e-07,-60.46951153185616,4.7342627132841895e-05,0.01327640643709296,0.17
mot/mot_05.wav,mot,test,65,10400,0.66246875,1.2535406838594983e-06,-59.0151525026074,5.598081555005023e-05,0.014391669615886355,0.21
mot/mot_05.wav,mot,test,66,10560,0.67246875,9.277575630269786e-07,-60.320976366849244,4.816008624958479e-05,0.012498667063971321,0.195
mot/mot_05.wav,mot,test,67,10720,0.68246875,1.2601368444695962e-06,-58.99237786088675,5.6127908487436e-05,0.014186773557227965,0.1775
mot/mot_05.wav,mot,test,68,10880,0.69246875,1.0649232328615606e-06,-59.7227407180582,5.159755887785682e-05,0.013673422443540674,0.185
mot/mot_05.wav,mot,test,69,11040,0.70246875,1.3249901454540446e-06,-58.77459703526142,5.7554108138647334e-05,0.015197907505881264,0.205
mot/mot_05.wav,mot,test,70,11200,0.71246875,1.2915396284530604e-06,-58.88556132833898,5.6822962533932094e-05,0.01604302177522973,0.1725
mot/mot_05.wav,mot,test,71,11360,0.72246875,1.522543666766235e-06,-58.171450938116095,6.169569812325319e-05,0.017316217052350417,0.1675
mot/mot_05.wav,mot,test,72,11520,0.73246875,4.049870089344379e-06,-53.924516843369126,0.00010062144514645447,0.023400038763350384,0.1425
mot/mot_05.wav,mot,test,73,11680,0.74246875,1.850467488531191e-06,-57.32483909688247,6.801594461100998e-05,0.018904614556960117,0.14
mot/mot_05.wav,mot,test,74,11840,0.75246875,2.110035495227296e-06,-56.75504464346655,7.262980612715582e-05,0.02057729894115574,0.1525
mot/mot_05.wav,mot,test,75,12000,0.76246875,3.5103829490827794e-06,-54.54521804085148,9.368007991407217e-05,0.024478301935662868,0.1325
mot/mot_05.wav,mot,test,76,12160,0.77246875,3.129715871177481e-06,-55.0435634508797,8.845501499600631e-05,0.0227827017274715,0.125
mot/mot_05.wav,mot,test,77,12320,0.78246875,1.5177642147791116e-06,-58.18509644286426,6.159878681392824e-05,0.01669050454149064,0.1375
mot/mot_05.wav,mot,test,78,12480,0.79246875,1.83619812038005e-06,-57.35844007576447,6.775319402766282e-05,0.01861435003783225,0.1575
mot/mot_05.wav,mot,test,79,12640,0.80246875,2.1623847241294096e-06,-56.64866241213254,7.352524607455267e-05,0.019166387631609518,0.165
mot/mot_05.wav,mot,test,80,12800,0.81246875,1.6109199785966144e-06,-57.92656521908433,6.346101123123973e-05,0.017166308928312266,0.2025
mot/mot_05.wav,mot,test,81,12960,0.82246875,2.486465782455944e-06,-56.04242884689886,7.8842656323464e-05,0.020823224499792098,0.16
mot/mot_05.wav,mot,test,82,13120,0.83246875,2.5952075749923354e-06,-55.85660587268501,8.054823981615512e-05,0.020141316207115074,0.1775
mot/mot_05.wav,mot,test,83,13280,0.84246875,1.6223383996461898e-06,-57.89590938103621,6.36855242509275e-05,0.016683090056366204,0.16
mot/mot_05.wav,mot,test,84,13440,0.85246875,1.966747134608543e-06,-57.06030711341647,7.012038103519802e-05,0.019432460949820807,0.14
mot/mot_05.wav,mot,test,85,13600,0.86246875,3.499920966922661e-06,-54.5581769329575,9.354037853946632e-05,0.024928499873618004,0.0775
mot/mot_05.wav,mot,test,86,13760,0.87246875,2.960087305899397e-06,-55.285487875072334,8.602452129915338e-05,0.0241718700131716,0.0825
mot/mot_05.wav,mot,test,87,13920,0.88246875,5.261252012876579e-06,-52.78828357090137,0.0001146870961886796,0.03459106669208633,0.0675
mot/mot_05.wav,mot,test,88,14080,0.89246875,0.0004072197850150135,-33.90170063218073,0.0010089843718004425,0.27257210171645246,0.05
mot/mot_05.wav,mot,test,89,14240,0.90246875,0.008140707428196258,-20.893377998934703,0.004511293447614625,1.2392542386832102,0.0275
mot/mot_05.wav,mot,test,90,14400,0.91246875,0.019228242989626127,-17.160603756906774,0.006933297013258939,2.0916832638143688,0.0275
mot/mot_05.wav,mot,test,91,14560,0.92246875,0.021869196527363022,-16.601671527571582,0.007394118697884661,2.280087827971316,0.0275
mot/mot_05.wav,mot,test,92,14720,0.93246875,0.02330814145750147,-16.324923362006565,0.007633502056314237,2.3494291044189204,0.0275
mot/mot_05.wav,mot,test,93,14880,0.94246875,0.02471351613995055,-16.07065442951823,0.007860266557177076,2.4179308256242926,0.0275
mot/mot_05.wav,mot,test,94,15040,0.95246875,0.029422640031878423,-15.31318346765117,0.00857651444817159,2.5797956965549003,0.035
mot/mot_05.wav,mot,test,95,15200,0.96246875,0.02553548781896469,-15.928558241469144,0.007989913613263394,2.298730539462051,0.0525
mot/mot_05.wav,mot,test,96,15360,0.97246875,0.02089005904987736,-16.800603116093086,0.007226696868189049,1.9449302174265601,0.09
mot/mot_05.wav,mot,test,97,15520,0.98246875,0.025102237697801472,-16.00287545023098,0.007921842856589853,2.1351409638692553,0.11
mot/mot_05.wav,mot,test,98,15680,0.99246875,0.029851439506151416,-15.250347067866073,0.008638784565283391,2.3450648884835217,0.11
mot/mot_05.wav,mot,test,99,15840,1.00246875,0.027638839940305363,-15.584801734463245,0.008312466532309373,2.339641462399851,0.105
mot/mot_05.wav,mot,test,100,16000,1.01246875,0.026216794539041185,-15.814203929190258,0.00809580053778519,2.2547977009580578,0.0925
mot/mot_05.wav,mot,test,101,16160,1.02246875,0.01925705691458084,-17.15410063476464,0.006938489913983597,1.8896828844333093,0.095
mot/mot_05.wav,mot,test,102,16320,1.03246875,0.026537243621116535,-15.761441722013021,0.008145127933482158,2.021906604774884,0.09
mot/mot_05.wav,mot,test,103,16480,1.04246875,0.04206138996052108,-13.761163693936293,0.010254436839792944,2.8135013794333026,0.09
mot/mot_05.wav,mot,test,104,16640,1.05246875,0.046654091728873706,-13.311102517759991,0.010799779133027872,2.9638612496601446,0.09
mot/mot_05.wav,mot,test,105,16800,1.06246875,0.01566319058586383,-18.051197399215912,0.006257633455601212,1.6801848259043983,0.0925
mot/mot_05.wav,mot,test,106,16960,1.07246875,0.007687014487710092,-21.14242243918341,0.004383781041438456,1.1630500098359546,0.0875
mot/mot_05.wav,mot,test,107,17120,1.08246875,0.00395598709341732,-24.027450241959244,0.003144831908630937,0.8744608560824234,0.0875
mot/mot_05.wav,mot,test,108,17280,1.09246875,0.0011620904494564286,-29.34759694293746,0.0017044723886414446,0.493937157421516,0.115
mot/mot_05.wav,mot,test,109,17440,1.10246875,0.00037331511822274413,-34.27923258656398,0.0009660682147534202,0.28841167739441365,0.135
mot/mot_05.wav,mot,test,110,17600,1.11246875,0.00033187925133873356,-34.79018589681751,0.0009108776692546777,0.24445953575732338,0.1475
mot/mot_05.wav,mot,test,111,17760,1.12246875,0.00015614604016151674,-38.06466243606076,0.0006247920457270497,0.17651909490929124,0.115
mot/mot_05.wav,mot,test,112,17920,1.13246875,0.00014641462684863443,-38.344125688244105,0.0006050095595290921,0.16567462946758293,0.1175
mot/mot_05.wav,mot,test,113,18080,1.14246875,0.00016525487515671585,-37.8184309158341,0.0006427574876201674,0.17011967161123806,0.1225
mot/mot_05.wav,mot,test,114,18240,1.15246875,7.608589778190753e-05,-41.18690122610771,0.0004361361535745103,0.12698760183119498,0.115
mot/mot_05.wav,mot,test,115,18400,1.16246875,7.683062744074994e-05,-41.14459967527101,0.00043826540885846197,0.1164168464498328,0.1125
mot/mot_05.wav,mot,test,116,18560,1.17246875,5.112198783817088e-05,-42.913837721479524,0.0003574982092198885,0.09510204285469051,0.12
mot/mot_05.wav,mot,test,117,18720,1.18246875,1.9004377037259113e-05,-47.21123510245205,0.00021797004976176838,0.06037473166491565,0.1275
mot/mot_05.wav,mot,test,118,18880,1.19246875,9.121035117906904e-06,-50.39908260149912,0.00015100525750703933,0.04079989101932445,0.1225
mot/mot_05.wav,mot,test,119,19040,1.20246875,5.519821224242485e-06,-52.579963159973495,0.00011747149892891557,0.03171371361986877,0.1325
mot/mot_05.wav,mot,test,120,19200,1.21246875,4.205334888627454e-06,-53.76096153786368,0.00010253456598420181,0.028943891103715882,0.135
mot/mot_05.wav,mot,test,121,19360,1.22246875,4.799707704632804e-06,-53.18694735632475,0.0001095411761009622,0.03067778674012965,0.1325
mot/mot_05.wav,mot,test,122,19520,1.23246875,5.703507781663785e-06,-52.43781823100211,0.00011941008941525612,0.028956210902733977,0.13
mot/mot_05.wav,mot,test,123,19680,1.24246875,2.4837431390272215e-06,-56.0471849991609,7.879947872649954e-05,0.021581564747527635,0.135
mot/mot_05.wav,mot,test,124,19840,1.25246875,2.3050979326291344e-06,-56.371222535472484,7.591274485600449e-05,0.019049291148051477,0.1425
mot/mot_05.wav,mot,test,125,20000,1.26246875,1.797978674484134e-06,-57.449739848527585,6.704436356779245e-05,0.017392173807905614,0.1575
mot/mot_05.wav,mot,test,126,20160,1.27246875,3.024483832791838e-06,-55.19205163454757,8.695521595614374e-05,0.0214091112938233,0.1375
mot/mot_05.wav,mot,test,127,20320,1.28246875,2.4162845220820796e-06,-56.16672228740937,7.772201300278576e-05,0.020235801376282024,0.1175
mot/mot_05.wav,mot,test,128,20480,1.29246875,2.4823697016347566e-06,-56.04958621795409,7.877768880899523e-05,0.020400426445658426,0.125
mot/mot_05.wav,mot,test,129,20640,1.30246875,2.379316416479632e-06,-56.23365308154761,7.71251647725895e-05,0.021361287168182475,0.105
mot/mot_05.wav,mot,test,130,20800,1.31246875,2.9837449732296763e-06,-55.25092770548237,8.636760059810733e-05,0.02253755086918287,0.1325
mot/mot_05.wav,mot,test,131,20960,1.32246875,2.5107669272296875e-06,-56.000206622733,7.922699866885164e-05,0.02112507143061736,0.1575
mot/mot_05.wav,mot,test,132,21120,1.33246875,3.0783402875374068e-06,-55.11542316022478,8.772599796436355e-05,0.021647606145837377,0.1825
mot/mot_05.wav,mot,test,133,21280,1.34246875,1.6094281661735838e-06,-57.9305864230048,6.343161999692236e-05,0.016899121872519123,0.19
mot/mot_05.wav,mot,test,134,21440,1.35246875,1.2963483214977246e-06,-58.86943405723948,5.692864660032163e-05,0.01455556996037807,0.2025
mot/mot_05.wav,mot,test,135,21600,1.36246875,1.0247970858293175e-06,-59.88938539048823,5.061613097198653e-05,0.013620119808659313,0.215
mot/mot_05.wav,mot,test,136,21760,1.37246875,2.1886381730815015e-06,-56.59627644254243,7.397023342334235e-05,0.01890059404549383,0.18
mot/mot_05.wav,mot,test,137,21920,1.38246875,2.673518335448953e-06,-55.72754420406089,8.17544851284771e-05,0.02244681838566783,0.1375
mot/mot_05.wav,mot,test,138,22080,1.39246875,2.646479985012188e-06,-55.77167314480768,8.134002681663236e-05,0.023176889070820897,0.11
mot/mot_05.wav,mot,test,139,22240,1.40246875,3.2449091100620963e-06,-54.88663645184814,9.006815627709518e-05,0.025216838406610105,0.0875
mot/mot_05.wav,mot,test,140,22400,1.41246875,4.131167349165307e-06,-53.838220982493894,0.00010162636652421097,0.023642610258927,0.125
mot/mot_05.wav,mot,test,141,22560,1.42246875,1.374818887732861e-06,-58.61438732695801,5.862633554412345e-05,0.01703990980784667,0.145
mot/mot_05.wav,mot,test,142,22720,1.43246875,2.4893101798889943e-06,-56.037465561072786,7.88877395399468e-05,0.0206452702555681,0.1475
mot/mot_05.wav,mot,test,143,22880,1.44246875,1.7614387919837906e-06,-57.538859567565765,6.635960352473089e-05,0.01681292191712843,0.18
mot/mot_05.wav,mot,test,144,23040,1.45246875,1.3897355422683315e-06,-58.567554461782336,5.894352259299429e-05,0.015153959168038088,0.17
mot/mot_05.wav,mot,test,145,23200,1.46246875,1.106941754297293e-06,-59.554830703406054,5.2605649751174375e-05,0.014807821124372407,0.1575
mot/mot_05.wav,mot,test,146,23360,1.47246875,1.3911269661342826e-06,-58.56321153966165,5.897302277597534e-05,0.01593867815013639,0.1625
mot/mot_05.wav,mot,test,147,23520,1.48246875,3.4046731935466728e-06,-54.67797029024294,9.225878269230892e-05,0.024594164331164396,0.115
mot/mot_05.wav,mot,test,148,23680,1.49246875,6.890570924643341e-06,-51.616817699443516,0.00013124948499559284,0.036828846627938235,0.0775
mot/mot_05.wav,mot,test,149,23840,1.50246875,5.737457015097569e-06,-52.41204867168568,0.00011976494703269368,0.03284884377496508,0.0775
mot/mot_05.wav,mot,test,150,24000,1.51246875,2.993216119160091e-06,-55.23716855973178,8.650456807533478e-05,0.02345498456176774,0.1075
mot/mot_05.wav,mot,test,151,24160,1.52246875,1.5883017693282452e-06,-57.9879363311921,6.301392245623671e-05,0.01795907023539071,0.1575
mot/mot_05.wav,mot,test,152,24320,1.53246875,1.537731164617537e-06,-58.12837250163135,6.200264439154061e-05,0.016111695296416366,0.185
mot/mot_05.wav,mot,test,153,24480,1.54246875,1.6565118620413985e-06,-57.805433548684746,6.43527750380937e-05,0.01793603112680448,0.145
mot/mot_05.wav,mot,test,154,24640,1.55246875,2.3284829578634948e-06,-56.327404624353,7.629683738307071e-05,0.020030824182776415,0.16
mot/mot_05.wav,mot,test,155,24800,1.56246875,1.4582318821368633e-06,-58.35875690196546,6.037863616662899e-05,0.016344235142074143,0.145
mot/mot_05.wav,mot,test,156,24960,1.57246875,1.7780760358418567e-06,-57.49805490229243,6.667225877083092e-05,0.01718138555221052,0.16
mot/mot_05.wav,mot,test,157,25120,1.58246875,1.8679066825226912e-06,-57.28412383092671,6.83356913062766e-05,0.019962451518361412,0.1175
mot/mot_05.wav,mot,test,158,25280,1.59246875,3.3088405298082756e-06,-54.80192930300623,9.095109303642639e-05,0.024832945585832468,0.095
mot/mot_05.wav,mot,test,159,25440,1.60246875,1.929094912468416e-06,-57.14421334024463,6.944593063075071e-05,0.019619241285724155,0.1325
mot/mot_05.wav,mot,test,160,25600,1.61246875,3.213842108916004e-06,-54.92840351794306,8.963595970529914e-05,0.02119953472709773,0.1325
mot/mot_05.wav,mot,test,161,25760,1.62246875,2.6711481544149014e-06,-55.73139466532898,8.171823778103181e-05,0.019857261432337202,0.115
mot/mot_05.wav,mot,test,162,25920,1.63246875,3.4984639050413084e-06,-54.559984816254136,9.352090548429945e-05,0.025124335868069718,0.0925
mot/mot_05.wav,mot,test,163,26080,1.64246875,4.448798990550283e-06,-53.516596068317696,0.00010546088126113733,0.028294062929590226,0.0975
mot/mot_05.wav,mot,test,164,26240,1.65246875,2.5476931906399464e-06,-55.93682441357621,7.980747444068047e-05,0.022239393087207876,0.145
mot/mot_05.wav,mot,test,165,26400,1.66246875,4.406484556326194e-06,-53.55809200778854,0.00010495814113643345,0.02790636095515618,0.14
mot/mot_05.wav,mot,test,166,26560,1.67246875,8.058311293610077e-06,-50.93702069133401,0.0001419358243503915,0.03978162684064622,0.0975
mot/mot_05.wav,mot,test,167,26720,1.68246875,1.6913324215820192e-05,-47.71745349055611,0.00020562906054240115,0.0558201685776777,0.065
mot/mot_05.wav,mot,test,168,26880,1.69246875,1.4698053428292763e-05,-48.327106315174944,0.0001916902020728548,0.05739311466652053,0.06
mot/mot_05.wav,mot,test,169,27040,1.70246875,1.2269867568866474e-05,-49.11124730911823,0.00017514185371340053,0.0512471142487248,0.075
mot/mot_05.wav,mot,test,170,27200,1.71246875,5.985624594637768e-06,-52.2281797445645,0.0001223276807864615,0.03324132789402282,0.11
mot/mot_05.wav,mot,test,171,27360,1.72246875,4.1644852916332e-06,-53.80334394689156,0.00010203535283950853,0.027718453272359833,0.1
mot/mot_05.wav,mot,test,172,27520,1.73246875,2.299589935562206e-06,-56.38160784457461,7.582199442711538e-05,0.020880705325493285,0.1325
mot/mot_05.wav,mot,test,173,27680,1.74246875,8.824838374454258e-07,-60.53801391117568,4.697030544518062e-05,0.012947837859819728,0.1625
mot/mot_05.wav,mot,test,174,27840,1.75246875,1.1010376189132286e-06,-59.57803580250498,5.246516984898716e-05,0.01401749804327434,0.1775
mot/mot_05.wav,mot,test,175,28000,1.76246875,1.8364784665128926e-06,-57.357777417291686,6.775836602429423e-05,0.01635640743878171,0.1775
mot/mot_05.wav,mot,test,176,28160,1.77246875,1.0166532429669169e-06,-59.92400179091664,5.041461204271329e-05,0.013703142949533644,0.165
mot/mot_05.wav,mot,test,177,28320,1.78246875,2.810336581520602e-06,-55.510871562614746,8.382029261343285e-05,0.022439142001365115,0.145
mot/mot_05.wav,mot,test,178,28480,1.79246875,6.108840072903327e-06,-52.13970157411225,0.0001235803389793794,0.03483082291943109,0.0675
mot/mot_05.wav,mot,test,179,28640,1.80246875,7.099412307709289e-06,-51.4871643187755,0.00013322361190597266,0.03822961123829132,0.0625
mot/mot_05.wav,mot,test,180,28800,1.81246875,2.0800731419008615e-05,-46.81900515305192,0.00022803909434025021,0.06654231742471606,0.0475
mot/mot_05.wav,mot,test,181,28960,1.82246875,6.611646916699692e-05,-41.79683778631197,0.00040656017133690347,0.12294804426029973,0.02
mot/mot_05.wav,mot,test,182,29120,1.83246875,0.00010716569651731116,-39.69940156489266,0.0005176043288973518,0.15595470835259273,0.025
mot/mot_05.wav,mot,test,183,29280,1.84246875,9.135929638616621e-05,-40.39242500181111,0.0004779102854777406,0.13450360153983384,0.0225
mot/mot_05.wav,mot,test,184,29440,1.85246875,3.717596248148837e-05,-44.297260968507814,0.00030486047005756737,0.08695242411624413,0.03
mot/mot_05.wav,mot,test,185,29600,1.86246875,1.4614168102592633e-05,-48.351961850545074,0.0001911424083150612,0.05478092799626438,0.0375
mot/mot_05.wav,mot,test,186,29760,1.87246875,8.528315748202897e-06,-50.69085808070376,0.00014601640103258003,0.03901369154421937,0.065
mot/mot_05.wav,mot,test,187,29920,1.88246875,2.4857676583571482e-06,-56.04364789481605,7.883158723438765e-05,0.02393954830688683,0.095
mot/mot_05.wav,mot,test,188,30080,1.89246875,5.421111075226144e-06,-52.65831589879163,0.00011641639784869381,0.032537300186866375,0.1225
mot/mot_05.wav,mot,test,189,30240,1.90246875,1.7508081726335605e-05,-47.567366301383025,0.0002092132986113431,0.05025645036260008,0.105
mot/mot_05.wav,mot,test,190,30400,1.91246875,6.196006507883704e-06,-52.07818047768911,0.00012445889389557204,0.03798349132830754,0.0775
mot/mot_05.wav,mot,test,191,30560,1.92246875,7.692681209848557e-06,-51.13865812787711,0.0001386784158570518,0.037982957328458966,0.0525
mot/mot_05.wav,mot,test,192,30720,1.93246875,8.06262652748956e-06,-50.93469595085864,0.00014197382265306483,0.041585453726509,0.05
mot/mot_05.wav,mot,test,193,30880,1.94246875,2.301157248586167e-05,-46.3803483052877,0.000239851894332011,0.06326159752757093,0.0425
mot/mot_05.wav,mot,test,194,31040,1.95246875,1.5124749321186681e-05,-48.20283101436108,0.00019445275339518005,0.059485699906381875,0.0325
mot/mot_05.wav,mot,test,195,31200,1.96246875,2.321970525102328e-05,-46.34124594159181,0.00024093414686913558,0.06978815851417634,0.03
mot/mot_05.wav,mot,test,196,31360,1.97246875,2.0030557346093214e-05,-46.98285285328349,0.00022377755330960485,0.06419396191826242,0.03
mot/mot_05.wav,mot,test,197,31520,1.98246875,9.071005834382827e-06,-50.42296679147878,0.00015059055277791188,0.04526841344058623,0.0525
mot/mot_05.wav,mot,test,198,31680,1.99246875,3.319856076666713e-06,-54.787499459806284,9.110236106526977e-05,0.027472610128096143,0.0775
mot/mot_05.wav,mot,test,199,31840,2.00246875,3.939870667984486e-06,-54.04407817634353,9.924553727982541e-05,0.02537198829302897,0.08
mot/mot_05.wav,mot,test,200,32000,2.01246875,2.626954803031531e-06,-55.80382108276183,8.103941638226936e-05,0.022802618088849057,0.095
mot/mot_05.wav,mot,test,201,32160,2.02246875,2.5034663757649643e-06,-56.012847946463616,7.91117307319996e-05,0.02052264007108532,0.1075
mot/mot_05.wav,mot,test,202,32320,2.03246875,1.974940674068268e-06,-57.04226098873677,7.026629124388642e-05,0.017264190277567936,0.1575
mot/mot_05.wav,mot,test,203,32480,2.04246875,1.5757535030293673e-06,-58.0223619547361,6.276451033484941e-05,0.01620913189104549,0.1975
mot/mot_05.wav,mot,test,204,32640,2.05246875,1.4854097111854045e-06,-58.278614659577684,6.093869278187309e-05,0.01616527922746652,0.1875
mot/mot_05.wav,mot,test,205,32800,2.06246875,1.6017958599323901e-06,-57.951217880329736,6.32810370476889e-05,0.015713011904071747,0.2025
mot/mot_05.wav,mot,test,206,32960,2.07246875,7.670849727651854e-07,-61.145907315809005,4.37916936406091e-05,0.012074919309050889,0.1775
mot/mot_05.wav,mot,test,207,33120,2.08246875,1.0253738461523803e-06,-59.88694423094954,5.063037245943339e-05,0.013303472488524367,0.1675
mot/mot_05.wav,mot,test,208,33280,2.09246875,1.3127082605929672e-06,-58.815010692374365,5.728674062540491e-05,0.01472784739691976,0.1425
mot/mot_05.wav,mot,test,209,33440,2.10246875,1.4245512204952373e-06,-58.46017173739434,5.9677282538987084e-05,0.015566864652048366,0.1425
mot/mot_05.wav,mot,test,210,33600,2.11246875,2.3955882614701436e-06,-56.20406572195413,7.738844005195711e-05,0.021742493097836404,0.135
mot/mot_05.wav,mot,test,211,33760,2.12246875,1.1903526400366382e-05,-49.24287877520655,0.00017250743752347594,0.04717084256004929,0.1025
mot/mot_05.wav,mot,test,212,33920,2.13246875,2.6697409550951057e-05,-45.73514609190436,0.0002583476802244945,0.07664970500874807,0.055
mot/mot_05.wav,mot,test,213,34080,2.14246875,0.00015798195493367726,-38.01389767334008,0.0006284543637641425,0.1823683522057863,0.0325
mot/mot_05.wav,mot,test,214,34240,2.15246875,0.00043473288341674043,-33.61776509320456,0.001042512450065634,0.3160338734855166,0.015
mot/mot_05.wav,mot,test,215,34400,2.16246875,0.0004776518282817792,-33.20887646362624,0.001092762357836528,0.33566891868088444,0.01
mot/mot_05.wav,mot,test,216,34560,2.17246875,0.00024587685967494713,-36.09280575994509,0.0007840230539897203,0.22584487256923336,0.0075
mot/mot_05.wav,mot,test,217,34720,2.18246875,3.800559286354331e-05,-44.2014106138571,0.00030824338137072513,0.08603142599020029,0.02
mot/mot_05.wav,mot,test,218,34880,2.19246875,6.792737032755593e-06,-51.6789126750918,0.000130314398981421,0.03953009233684676,0.0375
mot/mot_05.wav,mot,test,219,35040,2.20246875,1.3270071706632541e-05,-48.770940042280245,0.0001821405481121141,0.052204631689531086,0.0275
mot/mot_05.wav,mot,test,220,35200,2.21246875,1.3363159800021774e-05,-48.740583399889545,0.00018277827961783215,0.05423912644176956,0.025
mot/mot_05.wav,mot,test,221,35360,2.22246875,6.168648329728475e-06,-52.09739590069036,0.0001241838186895587,0.03625485346516503,0.07
mot/mot_05.wav,mot,test,222,35520,2.23246875,1.7345421493042822e-06,-57.60564834606811,6.585100890085669e-05,0.018535484571365217,0.115
mot/mot_05.wav,mot,test,223,35680,2.24246875,2.0153614442317293e-06,-56.954316154976716,7.098171321248398e-05,0.018393083594538673,0.1375
mot/mot_05.wav,mot,test,224,35840,2.25246875,1.6328861300609872e-06,-57.8677821390482,6.389221646767678e-05,0.017608940605854672,0.1325
mot/mot_05.wav,mot,test,225,36000,2.26246875,1.683406430007146e-06,-57.73553109384703,6.48730766575616e-05,0.01698203783233593,0.155
mot/mot_05.wav,mot,test,226,36160,2.27246875,2.439302268599058e-06,-56.12556376343987,7.809132904169096e-05,0.019470131720581027,0.1525
mot/mot_05.wav,mot,test,227,36320,2.28246875,2.3702711744338713e-06,-56.250187780226355,7.697842513383006e-05,0.02069607706802354,0.1525
mot/mot_05.wav,mot,test,228,36480,2.29246875,1.7160058213030616e-06,-57.65228232413043,6.549820267196386e-05,0.017889741038941198,0.1675
mot/mot_05.wav,mot,test,229,36640,2.30246875,3.0840661776255053e-06,-55.10735515498058,8.780754776250026e-05,0.021260331015445715,0.17
mot/mot_05.wav,mot,test,230,36800,2.31246875,2.039425714486209e-06,-56.90279211905654,7.140423157079364e-05,0.01798720224223639,0.2075
hai/hai_01.wav,hai,train,0,0,0.01246875,0.0,-90.0,0.0,0.0,0.0
hai/hai_01.wav,hai,train,1,160,0.02246875,0.0,-90.0,0.0,0.0,0.0
hai/hai_01.wav,hai,train,2,320,0.03246875,0.0,-90.0,0.0,0.0,0.0
hai/hai_01.wav,hai,train,3,480,0.04246875,0.0,-90.0,0.0,0.0,0.0
hai/hai_01.wav,hai,train,4,640,0.05246875,0.0,-90.0,0.0,0.0,0.0
hai/hai_01.wav,hai,train,5,800,0.06246875,0.0,-90.0,0.0,0.0,0.0
hai/hai_01.wav,hai,train,6,960,0.07246875,0.0,-90.0,0.0,0.0,0.0
hai/hai_01.wav,hai,train,7,1120,0.08246875,0.0,-90.0,0.0,0.0,0.0
hai/hai_01.wav,hai,train,8,1280,0.09246875,0.0,-90.0,0.0,0.0,0.0
hai/hai_01.wav,hai,train,9,1440,0.10246875,0.0,-90.0,0.0,0.0,0.0
hai/hai_01.wav,hai,train,10,1600,0.11246875,0.0,-90.0,0.0,0.0,0.0
hai/hai_01.wav,hai,train,11,1760,0.12246875,0.0,-90.0,0.0,0.0,0.0
hai/hai_01.wav,hai,train,12,1920,0.13246875,0.0,-90.0,0.0,0.0,0.0
hai/hai_01.wav,hai,train,13,2080,0.14246875,0.0,-90.0,0.0,0.0,0.0
hai/hai_01.wav,hai,train,14,2240,0.15246875,0.0,-90.0,0.0,0.0,0.0
hai/hai_01.wav,hai,train,15,2400,0.16246875,0.0,-90.0,0.0,0.0,0.0
hai/hai_01.wav,hai,train,16,2560,0.17246875,0.0,-90.0,0.0,0.0,0.0
hai/hai_01.wav,hai,train,17,2720,0.18246875,0.0,-90.0,0.0,0.0,0.0
hai/hai_01.wav,hai,train,18,2880,0.19246875,0.0,-90.0,0.0,0.0,0.0
hai/hai_01.wav,hai,train,19,3040,0.20246875,0.0,-90.0,0.0,0.0,0.0
hai/hai_01.wav,hai,train,20,3200,0.21246875,0.0,-90.0,0.0,0.0,0.0
hai/hai_01.wav,hai,train,21,3360,0.22246875,0.0,-90.0,0.0,0.0,0.0
hai/hai_01.wav,hai,train,22,3520,0.23246875,0.0,-90.0,0.0,0.0,0.0
hai/hai_01.wav,hai,train,23,3680,0.24246875,0.0,-90.0,0.0,0.0,0.0
hai/hai_01.wav,hai,train,24,3840,0.25246875,0.0,-90.0,0.0,0.0,0.0
hai/hai_01.wav,hai,train,25,4000,0.26246875,0.0,-90.0,0.0,0.0,0.0
hai/hai_01.wav,hai,train,26,4160,0.27246875,0.0,-90.0,0.0,0.0,0.0
hai/hai_01.wav,hai,train,27,4320,0.28246875,0.0,-90.0,0.0,0.0,0.0
hai/hai_01.wav,hai,train,28,4480,0.29246875,0.0,-90.0,0.0,0.0,0.0
hai/hai_01.wav,hai,train,29,4640,0.30246875,0.0,-90.0,0.0,0.0,0.0
hai/hai_01.wav,hai,train,30,4800,0.31246875,0.0,-90.0,0.0,0.0,0.0
hai/hai_01.wav,hai,train,31,4960,0.32246875,2.3928412344156196e-09,-84.6943646237977,2.445833822245299e-06,0.0002909130147576128,0.0825
hai/hai_01.wav,hai,train,32,5120,0.33246875,5.6406273963179594e-08,-72.41040640725919,1.1875002522439689e-05,0.0022580472839968044,0.2025
hai/hai_01.wav,hai,train,33,5280,0.34246875,1.1140254586946786e-07,-69.4922385207176,1.668850995965996e-05,0.004125168625983002,0.315
hai/hai_01.wav,hai,train,34,5440,0.35246875,5.518488160489094e-07,-62.57393616131963,3.71432637246954e-05,0.009009087235605524,0.24
hai/hai_01.wav,hai,train,35,5600,0.36246875,1.5194110741661982e-06,-58.18038975801532,6.163219682451287e-05,0.01575513949792855,0.1425
hai/hai_01.wav,hai,train,36,5760,0.37246875,2.430314813461158e-06,-56.1415880384812,7.794733500032502e-05,0.020371336523311807,0.0825
hai/hai_01.wav,hai,train,37,5920,0.38246875,1.9186222845540816e-06,-57.167842170628646,6.925717083006787e-05,0.01885363909496194,0.1175
hai/hai_01.wav,hai,train,38,6080,0.39246875,1.777742623772107e-06,-57.49886887869971,6.666600752580184e-05,0.0171118278429541,0.105
hai/hai_01.wav,hai,train,39,6240,0.40246875,2.413327201615478e-06,-56.17203872504427,7.767443597502781e-05,0.022234392737552556,0.08
hai/hai_01.wav,hai,train,40,6400,0.41246875,4.446315538606047e-06,-53.51902056111236,0.0001054314414513769,0.028292871092817272,0.085
hai/hai_01.wav,hai,train,41,6560,0.42246875,1.5752962278703475e-06,-58.02362163724424,6.275540271304033e-05,0.017130074467281573,0.1425
hai/hai_01.wav,hai,train,42,6720,0.43246875,1.5137083815896254e-06,-58.19670971423794,6.151642832588757e-05,0.01571818204763409,0.14
hai/hai_01.wav,hai,train,43,6880,0.44246875,2.3863326226804282e-06,-56.22087067323036,7.723879567096493e-05,0.022358868733646745,0.11
hai/hai_01.wav,hai,train,44,7040,0.45246875,2.9824111878283403e-06,-55.252868859949025,8.634829453770845e-05,0.023362779270405178,0.11
hai/hai_01.wav,hai,train,45,7200,0.46246875,1.9513008282940097e-06,-57.094532614634616,6.984448489848732e-05,0.018439177065341192,0.1225
hai/hai_01.wav,hai,train,46,7360,0.47246875,1.186032913388075e-06,-59.255372390027375,5.445256911726193e-05,0.015099979349955925,0.1175
hai/hai_01.wav,hai,train,47,7520,0.48246875,1.2200368736724654e-06,-59.13271220747439,5.522763967599162e-05,0.014884524647135708,0.1475
hai/hai_01.wav,hai,train,48,7680,0.49246875,1.9264341050283725e-06,-57.150204606501575,6.93980205954819e-05,0.017971432580476197,0.15
hai/hai_01.wav,hai,train,49,7840,0.50246875,2.151039541147769e-06,-56.67149753291652,7.333211338062898e-05,0.020751069612790145,0.115
hai/hai_01.wav,hai,train,50,8000,0.51246875,3.6529295781878238e-06,-54.37239827016089,9.556319346625855e-05,0.026367025035850755,0.1
hai/hai_01.wav,hai,train,51,8160,0.52246875,1.533851188454248e-06,-58.13933725180976,6.192437299751705e-05,0.017069544853592807,0.1225
hai/hai_01.wav,hai,train,52,8320,0.53246875,1.0090761514401882e-06,-59.95645882748499,5.022639125599679e-05,0.013716076718476595,0.1525
hai/hai_01.wav,hai,train,53,8480,0.54246875,1.531628723295053e-06,-58.14563039505125,6.187949424678286e-05,0.016473629354079467,0.135
hai/hai_01.wav,hai,train,54,8640,0.55246875,3.041938082277478e-06,-55.16706884578674,8.720576360363858e-05,0.023030092189907484,0.115
hai/hai_01.wav,hai,train,55,8800,0.56246875,2.7050899748165093e-06,-55.67657767636141,8.22357886630953e-05,0.02360537375922942,0.075
hai/hai_01.wav,hai,train,56,8960,0.57246875,2.301293654387634e-06,-56.37839283509662,7.585007670377852e-05,0.02129551681976722,0.1175
hai/hai_01.wav,hai,train,57,9120,0.58246875,1.3749279809703351e-06,-58.61404297412808,5.8628661526815004e-05,0.015774686544499456,0.1325
hai/hai_01.wav,hai,train,58,9280,0.59246875,1.1492243309783913e-06,-59.39217449903054,5.360094054628126e-05,0.014162439544220539,0.14
hai/hai_01.wav,hai,train,59,9440,0.60246875,1.6138734505240313e-06,-57.9186150546446,6.35191595214395e-05,0.01673362958927694,0.1225
hai/hai_01.wav,hai,train,60,9600,0.61246875,1.8635247314540396e-06,-57.29431851689756,6.82554893663147e-05,0.018662595530271567,0.1175
hai/hai_01.wav,hai,train,61,9760,0.62246875,1.7040442312746997e-06,-57.682643503082176,6.526952258280085e-05,0.018203526413068813,0.1325
hai/hai_01.wav,hai,train,62,9920,0.63246875,2.5725723213509914e-06,-55.89463622897652,8.019620192613537e-05,0.021076302591808503,0.14
hai/hai_01.wav,hai,train,63,10080,0.64246875,1.3456266282724176e-06,-58.70752802019095,5.800057388234227e-05,0.016013533521037418,0.18
hai/hai_01.wav,hai,train,64,10240,0.65246875,1.090158020063868e-06,-59.62112350903615,5.2205316301691625e-05,0.014382609716254385,0.1725
hai/hai_01.wav,hai,train,65,10400,0.66246875,2.0953081068456024e-06,-56.78544886159188,7.237589562218907e-05,0.018423128038766272,0.1875
hai/hai_01.wav,hai,train,66,10560,0.67246875,1.275593123111116e-06,-58.93947499404051,5.64710793927103e-05,0.014873745200399028,0.205
hai/hai_01.wav,hai,train,67,10720,0.68246875,1.446325034209949e-06,-58.394339258871824,6.013162716511896e-05,0.015372200130497346,0.24
hai/hai_01.wav,hai,train,68,10880,0.69246875,2.8706777155110146e-06,-55.41864301974652,8.471537221058252e-05,0.02189287649126216,0.25
hai/hai_01.wav,hai,train,69,11040,0.70246875,5.285371826437379e-06,-52.76842293249186,0.00011494968275768946,0.028775247224904377,0.24
hai/hai_01.wav,hai,train,70,11200,0.71246875,4.768356448170969e-06,-53.215402184156176,0.00010918283345117685,0.028698254181600373,0.2075
hai/hai_01.wav,hai,train,71,11360,0.72246875,1.5076287366315838e-05,-48.21676787631466,0.0001941409756228437,0.05683200152195426,0.13
hai/hai_01.wav,hai,train,72,11520,0.73246875,0.00036857965906471275,-34.334674577274946,0.0009599214278584378,0.27058345931882666,0.0675
hai/hai_01.wav,hai,train,73,11680,0.74246875,0.001973804655820928,-27.046956109164505,0.002221376068915914,0.6579294719757185,0.0325
hai/hai_01.wav,hai,train,74,11840,0.75246875,0.0034740473078054782,-24.59164146836679,0.0029470524714557927,0.8811022581519012,0.03
hai/hai_01.wav,hai,train,75,12000,0.76246875,0.004483579324521921,-23.483750453353608,0.0033479767489193834,1.0032454432434292,0.0375
hai/hai_01.wav,hai,train,76,12160,0.77246875,0.006854829931101511,-21.64003252266906,0.00413969501627279,1.231875888100014,0.055
hai/hai_01.wav,hai,train,77,12320,0.78246875,0.006993784788241607,-21.552876737724603,0.004181442570525633,1.2540856537017535,0.07
hai/hai_01.wav,hai,train,78,12480,0.79246875,0.006527031752986634,-21.8528420798647,0.004039502368171924,1.2069416732376208,0.075
hai/hai_01.wav,hai,train,79,12640,0.80246875,0.006274787158032823,-22.024009317354327,0.003960677706539887,1.1807832893903503,0.075
hai/hai_01.wav,hai,train,80,12800,0.81246875,0.006387218672856577,-21.946881470847195,0.003996003839104943,1.180184026593678,0.08
hai/hai_01.wav,hai,train,81,12960,0.82246875,0.0065836941541498745,-21.815302865344858,0.004056998322081818,1.1762302192637848,0.0925
hai/hai_01.wav,hai,train,82,13120,0.83246875,0.005861565666157671,-22.31986291229005,0.003828043124808572,1.1196678444740706,0.0925
hai/hai_01.wav,hai,train,83,13280,0.84246875,0.005016109034023881,-22.99632945334187,0.003541224729533513,1.038724601731258,0.095
hai/hai_01.wav,hai,train,84,13440,0.85246875,0.004152114822095461,-23.817305404689986,0.003221845287290911,0.9541294174464586,0.1
hai/hai_01.wav,hai,train,85,13600,0.86246875,0.0035878785292192917,-24.45162147755498,0.0029949451285538153,0.8780450031109508,0.095
hai/hai_01.wav,hai,train,86,13760,0.87246875,0.002964968602852825,-25.27979754704762,0.002722576262867959,0.7987899533075946,0.1
hai/hai_01.wav,hai,train,87,13920,0.88246875,0.0026838303311441,-25.712447814446048,0.0025902848931845797,0.7673625464162275,0.13
hai/hai_01.wav,hai,train,88,14080,0.89246875,0.003087728908606017,-25.103606954904766,0.002778366835303618,0.7961177351977822,0.145
hai/hai_01.wav,hai,train,89,14240,0.90246875,0.0026105637374008736,-25.832655325826025,0.002554683804994697,0.7423290106330462,0.1425
hai/hai_01.wav,hai,train,90,14400,0.91246875,0.002560772822578916,-25.91628778401426,0.0025302039555038422,0.7285284456190478,0.13
hai/hai_01.wav,hai,train,91,14560,0.92246875,0.0026065203464670237,-25.839387140076795,0.002552704617884247,0.7449524988223188,0.1375
hai/hai_01.wav,hai,train,92,14720,0.93246875,0.0026299612308530364,-25.800504884113423,0.0025641573815061726,0.7545858317421321,0.1075
hai/hai_01.wav,hai,train,93,14880,0.94246875,0.002990085145826906,-25.243162992614163,0.002734083551131396,0.8034142447718878,0.1275
hai/hai_01.wav,hai,train,94,15040,0.95246875,0.004094845657780933,-23.87762356889275,0.003199549053296782,0.9276765170940918,0.1525
hai/hai_01.wav,hai,train,95,15200,0.96246875,0.004581213422667146,-23.390193806967797,0.0033842330824971063,0.9868002873271277,0.175
hai/hai_01.wav,hai,train,96,15360,0.97246875,0.005426226155260541,-22.655020295550262,0.0036831461263641648,1.048013313767131,0.18
hai/hai_01.wav,hai,train,97,15520,0.98246875,0.005397958569684628,-22.677703726006623,0.0036735400398269203,1.0658514551098262,0.1875
hai/hai_01.wav,hai,train,98,15680,0.99246875,0.004725614641217183,-23.255416046856002,0.003437155306797026,1.0076082268290831,0.185
hai/hai_01.wav,hai,train,99,15840,1.00246875,0.003821999558911481,-24.177092537718078,0.0030911161248453126,0.906943499910206,0.1925
hai/hai_01.wav,hai,train,100,16000,1.01246875,0.003194549279377251,-24.955902720695615,0.0028260171971244493,0.8107646354626932,0.1775
hai/hai_01.wav,hai,train,101,16160,1.02246875,0.00286143153576106,-25.434164890329264,0.002674617512730119,0.7709778005510122,0.1525
hai/hai_01.wav,hai,train,102,16320,1.03246875,0.0027698912863393338,-25.575371191514375,0.0026314878331180507,0.7591184246969767,0.135
hai/hai_01.wav,hai,train,103,16480,1.04246875,0.0026494977168700787,-25.76836286474762,0.002573663593435474,0.7488443725721985,0.1375
hai/hai_01.wav,hai,train,104,16640,1.05246875,0.002882798598558692,-25.401855470898248,0.00268458497656467,0.7784184664799083,0.14
hai/hai_01.wav,hai,train,105,16800,1.06246875,0.0032252739865386284,-24.91433251557367,0.0028395747861865816,0.8326755782418078,0.1575
hai/hai_01.wav,hai,train,106,16960,1.07246875,0.0036284990521024624,-24.40272866346305,0.003011851196566018,0.8665339002924024,0.17
hai/hai_01.wav,hai,train,107,17120,1.08246875,0.003546295878223563,-24.50224910253052,0.0029775392013471308,0.8587821135899492,0.1775
hai/hai_01.wav,hai,train,108,17280,1.09246875,0.0030689657001911376,-25.13007823852862,0.0027699123181930945,0.8073765496722966,0.175
hai/hai_01.wav,hai,train,109,17440,1.10246875,0.002745015927319807,-25.614549731013504,0.002619644979438916,0.768834853720878,0.17
hai/hai_01.wav,hai,train,110,17600,1.11246875,0.0028697182726967695,-25.421605855941557,0.002678487573564963,0.7698632249504507,0.1875
hai/hai_01.wav,hai,train,111,17760,1.12246875,0.0029752096543329276,-25.264822794226408,0.0027272741218719323,0.7827506010415322,0.19
hai/hai_01.wav,hai,train,112,17920,1.13246875,0.0028605241937181497,-25.435542228870954,0.002674193426866384,0.7607266372464473,0.155
hai/hai_01.wav,hai,train,113,18080,1.14246875,0.002672994832110191,-25.73001718420027,0.002585050692012727,0.7353527196958771,0.09
hai/hai_01.wav,hai,train,114,18240,1.15246875,0.0027648121848648324,-25.583342081290116,0.0026290740693563734,0.742893807807232,0.065
hai/hai_01.wav,hai,train,115,18400,1.16246875,0.0031494763807121033,-25.01761506370211,0.002806009791818314,0.7931004831754513,0.0675
hai/hai_01.wav,hai,train,116,18560,1.17246875,0.003186351521886911,-24.967061777373626,0.002822388847185532,0.8114976361981958,0.055
hai/hai_01.wav,hai,train,117,18720,1.18246875,0.0034245582702178328,-24.6539531288063,0.0029259862739843094,0.8473918061338539,0.0475
hai/hai_01.wav,hai,train,118,18880,1.19246875,0.003592541212845287,-24.445981201462583,0.0029968905605832884,0.8623983720014865,0.055
hai/hai_01.wav,hai,train,119,19040,1.20246875,0.0038373897800054067,-24.159639722485654,0.0030973334418518,0.8890261682235318,0.05
hai/hai_01.wav,hai,train,120,19200,1.21246875,0.003829159165065288,-24.16896467721447,0.0030940100052623005,0.8880682983669893,0.0425
hai/hai_01.wav,hai,train,121,19360,1.22246875,0.003480585672677311,-24.583475470786517,0.0029498244323507253,0.848925087020779,0.0425
hai/hai_01.wav,hai,train,122,19520,1.23246875,0.0031285973885509326,-25.04650182724861,0.002796693310210709,0.8061596351576742,0.0475
hai/hai_01.wav,hai,train,123,19680,1.24246875,0.002901255595418412,-25.374138592544867,0.0026931652360273088,0.7593464501447174,0.0575
hai/hai_01.wav,hai,train,124,19840,1.25246875,0.0022723459436988593,-26.435253594791895,0.0023834564940957382,0.6785189105167875,0.0525
hai/hai_01.wav,hai,train,125,20000,1.26246875,0.0018457636826488622,-27.33823668175432,0.0021481175960878294,0.6076282100804791,0.0475
hai/hai_01.wav,hai,train,126,20160,1.27246875,0.0012387085400818278,-29.070305176175996,0.0017597645723802288,0.5044837310953283,0.0425
hai/hai_01.wav,hai,train,127,20320,1.28246875,0.0008071738682440225,-30.930323685165067,0.001420540274195018,0.40380480405119423,0.0425
hai/hai_01.wav,hai,train,128,20480,1.29246875,0.0004912461352688636,-33.0869996921815,0.001108203653744274,0.31844152369272527,0.0425
hai/hai_01.wav,hai,train,129,20640,1.30246875,0.00032407564182567155,-34.89352270084085,0.0009001050519601469,0.2530550072930613,0.0375
hai/hai_01.wav,hai,train,130,20800,1.31246875,0.00023372334735192256,-36.3129604426237,0.0007644006595888091,0.21716100194750676,0.0325
hai/hai_01.wav,hai,train,131,20960,1.32246875,0.0002236208551984193,-36.50485753879357,0.0007476978921971415,0.21126357673109764,0.0325
hai/hai_01.wav,hai,train,132,21120,1.33246875,0.00012393765154284974,-39.067932333007924,0.0005566364422647194,0.15999468684482246,0.0325
hai/hai_01.wav,hai,train,133,21280,1.34246875,5.440460924738159e-05,-42.64356322000325,0.000368797401181806,0.10031690652422338,0.04
hai/hai_01.wav,hai,train,134,21440,1.35246875,1.2724052765037242e-05,-48.9534040816472,0.00017835395121104859,0.049242412198359516,0.065
hai/hai_01.wav,hai,train,135,21600,1.36246875,3.38189583254011e-06,-54.70711374972744,9.194965786423719e-05,0.024906559226859092,0.1225
hai/hai_01.wav,hai,train,136,21760,1.37246875,1.0171000610869395e-06,-59.922095364959524,5.042568941241507e-05,0.01348632907978757,0.1825
hai/hai_01.wav,hai,train,137,21920,1.38246875,6.744063261427351e-07,-61.704348758948406,4.1061122918849136e-05,0.010796628370456123,0.235
hai/hai_01.wav,hai,train,138,22080,1.39246875,1.3968042822196956e-06,-58.54553633384633,5.909323739269358e-05,0.013639473855039608,0.25
hai/hai_01.wav,hai,train,139,22240,1.40246875,1.24319703439932e-06,-59.05110838152926,5.574937296506841e-05,0.014903808775375206,0.2
hai/hai_01.wav,hai,train,140,22400,1.41246875,2.155002360657317e-06,-56.66350767965872,7.339963148165862e-05,0.020118902914201882,0.1475
hai/hai_01.wav,hai,train,141,22560,1.42246875,2.027543863905962e-06,-56.92815596958249,7.119592446035732e-05,0.01976206509697585,0.145
hai/hai_01.wav,hai,train,142,22720,1.43246875,1.5590402356813958e-06,-58.06864200421781,6.243076636726069e-05,0.016733169723966913,0.1825
hai/hai_01.wav,hai,train,143,22880,1.44246875,8.084121310940372e-07,-60.9183029089118,4.495587089285551e-05,0.012361026853039029,0.1825
hai/hai_01.wav,hai,train,144,23040,1.45246875,1.7047574946081128e-06,-57.680827118787484,6.528318111520212e-05,0.016469602077814942,0.165
hai/hai_01.wav,hai,train,145,23200,1.46246875,1.1426973538312914e-06,-59.41688883716129,5.3448511528182226e-05,0.01462201294415064,0.125
hai/hai_01.wav,hai,train,146,23360,1.47246875,1.670747490013272e-06,-57.76829320183815,6.462869892728137e-05,0.017066732847301487,0.1575
hai/hai_01.wav,hai,train,147,23520,1.48246875,1.3123055492050652e-06,-58.8163422067675,5.7277952765550754e-05,0.0156930411812531,0.1525
hai/hai_01.wav,hai,train,148,23680,1.49246875,1.1105907474113895e-06,-59.54055076832503,5.269228471539713e-05,0.014115988941104385,0.135
hai/hai_01.wav,hai,train,149,23840,1.50246875,1.0823916493525843e-06,-59.65214516223497,5.201902655165186e-05,0.013785161150275123,0.1425
hai/hai_01.wav,hai,train,150,24000,1.51246875,1.682338069115138e-06,-57.738286547865386,6.485248779181755e-05,0.018033766260813794,0.1225
hai/hai_01.wav,hai,train,151,24160,1.52246875,2.030536437040013e-06,-56.92175383889623,7.124844624691848e-05,0.01879313736113656,0.135
hai/hai_01.wav,hai,train,152,24320,1.53246875,8.137204400190677e-07,-60.88991387806043,4.510322715779514e-05,0.011848931675873349,0.2025
hai/hai_01.wav,hai,train,153,24480,1.54246875,1.4748267385746471e-06,-58.30964625506024,6.072122237271428e-05,0.014477002952334304,0.1875
hai/hai_01.wav,hai,train,154,24640,1.55246875,1.6154513269933628e-06,-57.91437367907635,6.355020312700351e-05,0.016747267707936563,0.1625
hai/hai_01.wav,hai,train,155,24800,1.56246875,2.5717980826048913e-06,-55.89594296592411,8.018413313438157e-05,0.020941955344829902,0.1675
hai/hai_01.wav,hai,train,156,24960,1.57246875,2.043442751249749e-06,-56.89425046109612,7.147451908284779e-05,0.020226977982705494,0.12
hai/hai_01.wav,hai,train,157,25120,1.58246875,6.462120655266124e-06,-51.895577364760314,0.00012710350757616924,0.03283211677270738,0.085
hai/hai_01.wav,hai,train,158,25280,1.59246875,8.310365240048527e-05,-40.803746626743646,0.00045580602343673916,0.11811172881232684,0.0575
hai/hai_01.wav,hai,train,159,25440,1.60246875,0.00042628434899404934,-33.70299593368303,0.00103233273341744,0.30668500273945964,0.0175
hai/hai_01.wav,hai,train,160,25600,1.61246875,0.0015141811156577797,-28.198218876703358,0.0019456240102199728,0.5642230994317452,0.01
hai/hai_01.wav,hai,train,161,25760,1.62246875,0.0019315074731976918,-27.141033823392853,0.0021974459454089487,0.6784151941369921,0.01
hai/hai_01.wav,hai,train,162,25920,1.63246875,0.001483081767476684,-28.288346113078493,0.001925540033001576,0.5616778231855107,0.0075
hai/hai_01.wav,hai,train,163,26080,1.64246875,0.0003406244610957578,-34.677228924858284,0.0009228007112802821,0.2618420870404904,0.02
hai/hai_01.wav,hai,train,164,26240,1.65246875,3.0010935662866934e-05,-45.227059932258655,0.00027391118844831316,0.08979393427420035,0.025
hai/hai_01.wav,hai,train,165,26400,1.66246875,4.586594617545514e-05,-43.385001742630195,0.00033862200967839915,0.09967180735529493,0.0225
hai/hai_01.wav,hai,train,166,26560,1.67246875,4.1414139739714775e-05,-43.8284086894022,0.000321769093216373,0.09395745372487352,0.04
hai/hai_01.wav,hai,train,167,26720,1.68246875,1.2664605025376539e-05,-48.97374059493138,0.0001779368218313493,0.052477096464211004,0.04
hai/hai_01.wav,hai,train,168,26880,1.69246875,7.484645107399014e-06,-51.25770766528543,0.0001367903972086401,0.037728904592565435,0.07
hai/hai_01.wav,hai,train,169,27040,1.70246875,6.548637863264865e-06,-51.83782711967547,0.00012795153245726354,0.035117906944854366,0.0525
hai/hai_01.wav,hai,train,170,27200,1.71246875,4.704233133063341e-06,-53.274188534493476,0.00010844622092382174,0.03206355878392782,0.06
hai/hai_01.wav,hai,train,171,27360,1.72246875,3.0667763116652886e-06,-55.13176310352486,8.756106885576045e-05,0.024700913757233923,0.1125
hai/hai_01.wav,hai,train,172,27520,1.73246875,1.1526826225662892e-06,-59.379136489147804,5.368152900594136e-05,0.015025340352204304,0.175
hai/hai_01.wav,hai,train,173,27680,1.74246875,1.0325020857385254e-06,-59.85688642574363,5.080605489846967e-05,0.012737474005514636,0.21
hai/hai_01.wav,hai,train,174,27840,1.75246875,8.580722356536128e-07,-60.659703166963766,4.6316094277626994e-05,0.01225601108539891,0.185
hai/hai_01.wav,hai,train,175,28000,1.76246875,1.4165448839003064e-06,-58.48463181097049,5.950934556648028e-05,0.01601847177401189,0.14
hai/hai_01.wav,hai,train,176,28160,1.77246875,2.265595685607473e-06,-56.44625942233283,7.52594792303181e-05,0.019805295614414867,0.135
hai/hai_01.wav,hai,train,177,28320,1.78246875,2.0777392826585736e-06,-56.82199976855643,7.207182671922805e-05,0.018383322651128232,0.155
hai/hai_01.wav,hai,train,178,28480,1.79246875,1.7377525366194868e-06,-57.59762223418852,6.591192108828809e-05,0.017021260058517833,0.135
hai/hai_01.wav,hai,train,179,28640,1.80246875,1.3440880893023737e-06,-58.712492729513876,5.796740655968606e-05,0.016033320901371283,0.135
hai/hai_01.wav,hai,train,180,28800,1.81246875,1.3765642536599586e-06,-58.60888135228144,5.866353751820543e-05,0.015577606894650377,0.14
hai/hai_01.wav,hai,train,181,28960,1.82246875,1.2757089943550941e-06,-58.93908082022487,5.647364417042463e-05,0.015315267286962085,0.12
hai/hai_01.wav,hai,train,182,29120,1.83246875,1.7803279015212544e-06,-57.492561295464895,6.671446435221628e-05,0.01726719689178666,0.14
hai/hai_01.wav,hai,train,183,29280,1.84246875,1.0092792764594815e-06,-59.95558555465294,5.023144623787676e-05,0.013817969819216378,0.18
hai/hai_01.wav,hai,train,184,29440,1.85246875,7.902632436677312e-07,-61.01679007965196,4.4448375776504225e-05,0.012227938859069748,0.19
hai/hai_01.wav,hai,train,185,29600,1.86246875,2.0357544687868e-06,-56.910613221427305,7.133993392180147e-05,0.017107081731042008,0.185
hai/hai_01.wav,hai,train,186,29760,1.87246875,1.0174307253542565e-06,-59.92068506791048,5.043388556700387e-05,0.013763759936562403,0.165
hai/hai_01.wav,hai,train,187,29920,1.88246875,5.679254239759113e-06,-52.456322254767585,0.00011915592977018719,0.03059883018313672,0.135
hai/hai_01.wav,hai,train,188,30080,1.89246875,8.761691455701571e-05,-40.574070879206694,0.00046801953633640044,0.1327739546788371,0.0625
hai/hai_01.wav,hai,train,189,30240,1.90246875,0.0007816404467544647,-31.069924200933798,0.0013978916685087445,0.41024792682087513,0.015
hai/hai_01.wav,hai,train,190,30400,1.91246875,0.0032527261838350076,-24.877523607955023,0.002851633822843936,0.8601480174704279,0.0125
hai/hai_01.wav,hai,train,191,30560,1.92246875,0.006303448015403014,-22.004217555483127,0.003969712840811982,1.1883785332545846,0.01
hai/hai_01.wav,hai,train,192,30720,1.93246875,0.005610030862730027,-22.51034672118432,0.0037450069635215724,1.116070494092642,0.01
hai/hai_01.wav,hai,train,193,30880,1.94246875,0.0023230676230987972,-26.33937961016402,0.002409910591235076,0.7217830912516657,0.0125
hai/hai_01.wav,hai,train,194,31040,1.95246875,0.00045231733062280397,-33.445558117079386,0.0010633876652270374,0.3177966736838896,0.01
hai/hai_01.wav,hai,train,195,31200,1.96246875,8.036381983524384e-05,-40.94934024573381,0.00044822934931584927,0.1445851294998689,0.015
hai/hai_01.wav,hai,train,196,31360,1.97246875,7.398696632972867e-05,-41.30838909749745,0.00043007838334927005,0.1307955099970206,0.02
hai/hai_01.wav,hai,train,197,31520,1.98246875,5.888020707758897e-05,-42.30023295447686,0.0003836671965310201,0.11585030047032151,0.015
hai/hai_01.wav,hai,train,198,31680,1.99246875,2.6695117130439887e-05,-45.735519008621,0.00025833658824506395,0.07859080215868232,0.0225
hai/hai_01.wav,hai,train,199,31840,2.00246875,9.336043993862454e-06,-50.29790594899187,0.00015277470335319304,0.04293277128828002,0.0825
hai/hai_01.wav,hai,train,200,32000,2.01246875,1.8641372037972889e-06,-57.29289214975759,6.826670498488426e-05,0.018518195013227556,0.11
hai/hai_01.wav,hai,train,201,32160,2.02246875,1.1195800150083472e-06,-59.50557127227179,5.29051040781593e-05,0.014294524598332848,0.1325
hai/hai_01.wav,hai,train,202,32320,2.03246875,1.7535110167719972e-06,-57.55843900456118,6.621010150973938e-05,0.01762685986431699,0.11
hai/hai_01.wav,hai,train,203,32480,2.04246875,1.2825287298861882e-06,-58.915944058461456,5.662439248870994e-05,0.015058000759074555,0.1575
hai/hai_01.wav,hai,train,204,32640,2.05246875,1.093323158606559e-06,-59.608544099265714,5.2281047201795766e-05,0.012778215994575133,0.2075
hai/hai_01.wav,hai,train,205,32800,2.06246875,7.326349543846283e-07,-61.345199846789356,4.279704879967275e-05,0.01175126239900105,0.19
hai/hai_01.wav,hai,train,206,32960,2.07246875,1.3884440760827019e-06,-58.57158928510543,5.891612843871154e-05,0.013731191054285705,0.2025
hai/hai_02.wav,hai,train,0,0,0.01246875,0.0,-90.0,0.0,0.0,0.0
hai/hai_02.wav,hai,train,1,160,0.02246875,0.0,-90.0,0.0,0.0,0.0
hai/hai_02.wav,hai,train,2,320,0.03246875,0.0,-90.0,0.0,0.0,0.0
hai/hai_02.wav,hai,train,3,480,0.04246875,0.0,-90.0,0.0,0.0,0.0
hai/hai_02.wav,hai,train,4,640,0.05246875,0.0,-90.0,0.0,0.0,0.0
hai/hai_02.wav,hai,train,5,800,0.06246875,0.0,-90.0,0.0,0.0,0.0
hai/hai_02.wav,hai,train,6,960,0.07246875,0.0,-90.0,0.0,0.0,0.0
hai/hai_02.wav,hai,train,7,1120,0.08246875,0.0,-90.0,0.0,0.0,0.0
hai/hai_02.wav,hai,train,8,1280,0.09246875,0.0,-90.0,0.0,0.0,0.0
hai/hai_02.wav,hai,train,9,1440,0.10246875,0.0,-90.0,0.0,0.0,0.0
hai/hai_02.wav,hai,train,10,1600,0.11246875,0.0,-90.0,0.0,0.0,0.0
hai/hai_02.wav,hai,train,11,1760,0.12246875,0.0,-90.0,0.0,0.0,0.0
hai/hai_02.wav,hai,train,12,1920,0.13246875,0.0,-90.0,0.0,0.0,0.0
hai/hai_02.wav,hai,train,13,2080,0.14246875,0.0,-90.0,0.0,0.0,0.0
hai/hai_02.wav,hai,train,14,2240,0.15246875,0.0,-90.0,0.0,0.0,0.0
hai/hai_02.wav,hai,train,15,2400,0.16246875,0.0,-90.0,0.0,0.0,0.0
hai/hai_02.wav,hai,train,16,2560,0.17246875,0.0,-90.0,0.0,0.0,0.0
hai/hai_02.wav,hai,train,17,2720,0.18246875,0.0,-90.0,0.0,0.0,0.0
hai/hai_02.wav,hai,train,18,2880,0.19246875,0.0,-90.0,0.0,0.0,0.0
hai/hai_02.wav,hai,train,19,3040,0.20246875,0.0,-90.0,0.0,0.0,0.0
hai/hai_02.wav,hai,train,20,3200,0.21246875,0.0,-90.0,0.0,0.0,0.0
hai/hai_02.wav,hai,train,21,3360,0.22246875,0.0,-90.0,0.0,0.0,0.0
hai/hai_02.wav,hai,train,22,3520,0.23246875,0.0,-90.0,0.0,0.0,0.0
hai/hai_02.wav,hai,train,23,3680,0.24246875,0.0,-90.0,0.0,0.0,0.0
hai/hai_02.wav,hai,train,24,3840,0.25246875,0.0,-90.0,0.0,0.0,0.0
hai/hai_02.wav,hai,train,25,4000,0.26246875,0.0,-90.0,0.0,0.0,0.0
hai/hai_02.wav,hai,train,26,4160,0.27246875,0.0,-90.0,0.0,0.0,0.0
hai/hai_02.wav,hai,train,27,4320,0.28246875,0.0,-90.0,0.0,0.0,0.0
hai/hai_02.wav,hai,train,28,4480,0.29246875,0.0,-90.0,0.0,0.0,0.0
hai/hai_02.wav,hai,train,29,4640,0.30246875,0.0,-90.0,0.0,0.0,0.0
hai/hai_02.wav,hai,train,30,4800,0.31246875,0.0,-90.0,0.0,0.0,0.0
hai/hai_02.wav,hai,train,31,4960,0.32246875,7.302299806916892e-09,-80.80801587731928,4.272674749766501e-06,0.0005569149964347324,0.085
hai/hai_02.wav,hai,train,32,5120,0.33246875,7.043157666214697e-08,-71.46109763873591,1.3269474053456957e-05,0.0028732396124772908,0.1875
hai/hai_02.wav,hai,train,33,5280,0.34246875,6.334490573161428e-07,-61.976032435687884,3.9794756479847404e-05,0.00842788471685707,0.2125
hai/hai_02.wav,hai,train,34,5440,0.35246875,1.8877920417201154e-06,-57.23815855791845,6.86984723578355e-05,0.017544911890314076,0.145
hai/hai_02.wav,hai,train,35,5600,0.36246875,3.3539286045311627e-06,-54.74316717518259,9.156867101431531e-05,0.022699837220309688,0.1375
hai/hai_02.wav,hai,train,36,5760,0.37246875,2.580873595376563e-06,-55.88065023949636,8.032548778838138e-05,0.020193839427707912,0.1675
hai/hai_02.wav,hai,train,37,5920,0.38246875,1.6056671164549777e-06,-57.940740948995554,6.335746042209586e-05,0.016296483968426506,0.1975
hai/hai_02.wav,hai,train,38,6080,0.39246875,1.7040420563187544e-06,-57.682649042950004,6.52694809294274e-05,0.017057530893556813,0.17
hai/hai_02.wav,hai,train,39,6240,0.40246875,2.27892484154519e-06,-56.42079469420685,7.548054122661664e-05,0.019988904759646077,0.1275
hai/hai_02.wav,hai,train,40,6400,0.41246875,2.3998043556831796e-06,-56.19643229659406,7.745650966321648e-05,0.019281509544289956,0.1375
hai/hai_02.wav,hai,train,41,6560,0.42246875,1.671887057121356e-06,-57.76533378896971,6.46507358256918e-05,0.017467683789768335,0.1275
hai/hai_02.wav,hai,train,42,6720,0.43246875,2.7311619668173276e-06,-55.63493558573959,8.263113769665355e-05,0.022962388463177063,0.0925
hai/hai_02.wav,hai,train,43,6880,0.44246875,2.0262603577121964e-06,-56.930904719993464,7.117338613751976e-05,0.021937105953043788,0.0675
hai/hai_02.wav,hai,train,44,7040,0.45246875,3.473449843059307e-06,-54.59113953387265,9.31859678688174e-05,0.026586964072583277,0.0925
hai/hai_02.wav,hai,train,45,7200,0.46246875,3.0594573852151413e-06,-55.1421366337759,8.74565232732119e-05,0.02247844966294698,0.11
hai/hai_02.wav,hai,train,46,7360,0.47246875,1.1331673261191084e-06,-59.453228683271945,5.322516618384362e-05,0.014332757963753245,0.1775
hai/hai_02.wav,hai,train,47,7520,0.48246875,1.191694509889246e-06,-59.2347077984931,5.4582380625281585e-05,0.014094724865276489,0.2
hai/hai_02.wav,hai,train,48,7680,0.49246875,1.1958211604810134e-06,-59.21970740837487,5.467680405073557e-05,0.01408477966697399,0.195
hai/hai_02.wav,hai,train,49,7840,0.50246875,1.4473790431740685e-06,-58.39117767685256,6.015353362800203e-05,0.013862833525121375,0.215
hai/hai_02.wav,hai,train,50,8000,0.51246875,1.2591456575460532e-06,-58.99579252809093,5.610582985630935e-05,0.014269840201506005,0.215
hai/hai_02.wav,hai,train,51,8160,0.52246875,8.980011356781946e-07,-60.46239759636669,4.738146092297584e-05,0.012662573197935584,0.19
hai/hai_02.wav,hai,train,52,8320,0.53246875,1.4374267994127711e-06,-58.42112234169897,5.9946367684221935e-05,0.015022154192538193,0.18
hai/hai_02.wav,hai,train,53,8480,0.54246875,1.2399951065729689e-06,-59.062299309851916,5.567753376751185e-05,0.014066476317805967,0.18
hai/hai_02.wav,hai,train,54,8640,0.55246875,9.254809699251052e-07,-60.331634967351484,4.810096074729447e-05,0.01260945804356113,0.1925
hai/hai_02.wav,hai,train,55,8800,0.56246875,1.8726326719591497e-06,-57.27315549082207,6.842208473802793e-05,0.01643365114137497,0.1475
hai/hai_02.wav,hai,train,56,8960,0.57246875,1.70287647816433e-06,-57.685618924308564,6.524715469206933e-05,0.018268055547739602,0.1225
hai/hai_02.wav,hai,train,57,9120,0.58246875,2.284981989551061e-06,-56.40927195580896,7.558078442221709e-05,0.020387683482518817,0.1275
hai/hai_02.wav,hai,train,58,9280,0.59246875,1.8274547913310883e-06,-57.379157731537546,6.759169311629737e-05,0.018077837131291047,0.1225
hai/hai_02.wav,hai,train,59,9440,0.60246875,1.2387773193904363e-06,-59.066563129382104,5.565018686829444e-05,0.014616064696038388,0.18
hai/hai_02.wav,hai,train,60,9600,0.61246875,9.565416059721165e-07,-60.188423464961154,4.890147252312849e-05,0.013143629036116523,0.205
hai/hai_02.wav,hai,train,61,9760,0.62246875,1.687554429773587e-06,-57.72484935520529,6.495295277686741e-05,0.016541995073383137,0.195
hai/hai_02.wav,hai,train,62,9920,0.63246875,2.2969044615470088e-06,-56.386680316466325,7.577770881906844e-05,0.019521971668340875,0.175
hai/hai_02.wav,hai,train,63,10080,0.64246875,1.5352076803098917e-06,-58.135500679532,6.195174897268623e-05,0.01630629720336675,0.1775
hai/hai_02.wav,hai,train,64,10240,0.65246875,1.0831864604437704e-06,-59.64896020585469,5.203812209437833e-05,0.013730145603317706,0.1925
hai/hai_02.wav,hai,train,65,10400,0.66246875,1.343653089782699e-06,-58.71389745866879,5.795802553966748e-05,0.014722582059556366,0.175
hai/hai_02.wav,hai,train,66,10560,0.67246875,1.1210084595222075e-06,-59.50003868650299,5.293884347816373e-05,0.014087159274174855,0.185
hai/hai_02.wav,hai,train,67,10720,0.68246875,1.201549331281541e-06,-59.198970988510816,5.4807602832124055e-05,0.014062900110412967,0.175
hai/hai_02.wav,hai,train,68,10880,0.69246875,8.122007859898524e-07,-60.89802210271468,4.506109147562485e-05,0.012339334190851911,0.155
hai/hai_02.wav,hai,train,69,11040,0.70246875,1.0207428752873163e-06,-59.906583819835745,5.051591024833949e-05,0.01384375153873501,0.15
hai/hai_02.wav,hai,train,70,11200,0.71246875,2.2010150323696995e-06,-56.57179720580921,7.417909126515537e-05,0.018638226360032817,0.1475
hai/hai_02.wav,hai,train,71,11360,0.72246875,1.2401768683772148e-06,-59.06166326892049,5.5681614299003915e-05,0.014553252828794445,0.165
hai/hai_02.wav,hai,train,72,11520,0.73246875,1.5270625761029653e-06,-58.158588604856206,6.178718669965007e-05,0.014911745877903558,0.19
hai/hai_02.wav,hai,train,73,11680,0.74246875,1.0395657975196313e-06,-59.82730453082119,5.097954976065479e-05,0.012580954069487438,0.2125
hai/hai_02.wav,hai,train,74,11840,0.75246875,4.658650759979996e-07,-63.30808612401682,3.412715473043422e-05,0.009176620332995804,0.22
hai/hai_02.wav,hai,train,75,12000,0.76246875,8.762765751596334e-07,-60.56863466919485,4.680482280597891e-05,0.011922275025822049,0.1975
hai/hai_02.wav,hai,train,76,12160,0.77246875,1.1139652836377572e-06,-59.52738654911137,5.277227689890207e-05,0.014344145503508984,0.1675
hai/hai_02.wav,hai,train,77,12320,0.78246875,1.4105150415926189e-06,-58.503144895001526,5.9382553026807015e-05,0.014939199371994475,0.155
hai/hai_02.wav,hai,train,78,12480,0.79246875,1.3365678565350308e-06,-58.73684176431075,5.7805013980947855e-05,0.014706596277745974,0.1575
hai/hai_02.wav,hai,train,79,12640,0.80246875,1.207254017232129e-06,-59.17841752233902,5.493755585280731e-05,0.015215940115858336,0.145
hai/hai_02.wav,hai,train,80,12800,0.81246875,1.8860726764368166e-06,-57.242113736200835,6.866718059664342e-05,0.017680611334503306,0.125
hai/hai_02.wav,hai,train,81,12960,0.82246875,1.8116891784825014e-06,-57.41676657924589,6.729950182732598e-05,0.018605798427303148,0.0975
hai/hai_02.wav,hai,train,82,13120,0.83246875,2.1741399002422272e-06,-56.62512804939566,7.372482452068346e-05,0.01985492009639788,0.105
hai/hai_02.wav,hai,train,83,13280,0.84246875,1.697506041100008e-06,-57.699329041299954,6.514418702194402e-05,0.018161701661498882,0.1075
hai/hai_02.wav,hai,train,84,13440,0.85246875,2.770009871688308e-06,-55.573619270463055,8.321673316840051e-05,0.021847365467314077,0.1225
hai/hai_02.wav,hai,train,85,13600,0.86246875,2.746246600071418e-06,-55.61102355416186,8.285901580503202e-05,0.023205957341790873,0.1175
hai/hai_02.wav,hai,train,86,13760,0.87246875,3.753745116705242e-06,-54.25419538863672,9.687292083840099e-05,0.02471373893890956,0.125
hai/hai_02.wav,hai,train,87,13920,0.88246875,1.3343942959193554e-06,-58.74390483169212,5.775799286504326e-05,0.016194415361435698,0.1225
hai/hai_02.wav,hai,train,88,14080,0.89246875,1.925364800528979e-06,-57.15261465988972,6.93787575654281e-05,0.018198296934696108,0.165
hai/hai_02.wav,hai,train,89,14240,0.90246875,1.2052109502846018e-06,-59.18576733213274,5.4891050051092164e-05,0.015743317967310703,0.1525
hai/hai_02.wav,hai,train,90,14400,0.91246875,2.5233567630259237e-06,-55.97849266993564,7.942538578795074e-05,0.021096842404760334,0.1525
hai/hai_02.wav,hai,train,91,14560,0.92246875,3.301012915573562e-06,-54.81221232359913,9.084344934519994e-05,0.02212405238063454,0.1125
hai/hai_02.wav,hai,train,92,14720,0.93246875,4.48143533536153e-06,-53.48485966952222,0.00010584700439031718,0.025809044078927923,0.1275
hai/hai_02.wav,hai,train,93,14880,0.94246875,1.4433720312290882e-06,-58.40320929827374,6.0070209572405524e-05,0.01733555599327411,0.13
hai/hai_02.wav,hai,train,94,15040,0.95246875,2.318268132640826e-06,-56.34649039290124,7.612930008611708e-05,0.0187960638713304,0.1675
hai/hai_02.wav,hai,train,95,15200,0.96246875,1.3853468867871826e-06,-58.581280885061275,5.8850379922035815e-05,0.0158538657994177,0.16
hai/hai_02.wav,hai,train,96,15360,0.97246875,2.4141186045079314e-06,-56.17061536540413,7.768717082807063e-05,0.019786036772833235,0.1525
hai/hai_02.wav,hai,train,97,15520,0.98246875,2.7229952625608213e-06,-55.64793652062293,8.250750363695446e-05,0.022005020785218408,0.1175
hai/hai_02.wav,hai,train,98,15680,0.99246875,1.6354429552317682e-06,-57.860991291643245,6.394221913633762e-05,0.017786511692643274,0.1
hai/hai_02.wav,hai,train,99,15840,1.00246875,1.2777422210778036e-06,-58.932169951982665,5.651863013816337e-05,0.014595484643732918,0.1825
hai/hai_02.wav,hai,train,100,16000,1.01246875,6.444594635254227e-07,-61.90131027324788,4.013911631829427e-05,0.010742226293196069,0.225
hai/hai_02.wav,hai,train,101,16160,1.02246875,1.5072640887136228e-06,-58.21522609242451,6.138534207597166e-05,0.01488764272292431,0.2275
hai/hai_02.wav,hai,train,102,16320,1.03246875,1.1468590617651444e-06,-59.40111432892091,5.35457529073302e-05,0.014290996344674425,0.2075
hai/hai_02.wav,hai,train,103,16480,1.04246875,7.230749869192622e-07,-61.402164549093925,4.251690801667209e-05,0.011474025448665142,0.205
hai/hai_02.wav,hai,train,104,16640,1.05246875,8.258425860084072e-07,-60.825771634040066,4.543794080964737e-05,0.012127870589097662,0.185
hai/hai_02.wav,hai,train,105,16800,1.06246875,1.4363977316060214e-06,-58.42423044849916,5.9924905748904214e-05,0.016196100978618455,0.18
hai/hai_02.wav,hai,train,106,16960,1.07246875,1.775563812612393e-06,-57.50419188417992,6.662514188751108e-05,0.018293725541204023,0.1575
hai/hai_02.wav,hai,train,107,17120,1.08246875,2.8039990497589106e-06,-55.5206728153243,8.372572856892484e-05,0.020712166999754977,0.1775
hai/hai_02.wav,hai,train,108,17280,1.09246875,1.4313862980231568e-06,-58.439398420313964,5.982027871096801e-05,0.01644712451875576,0.145
hai/hai_02.wav,hai,train,109,17440,1.10246875,1.9191529531180003e-06,-57.16664175437388,6.926674803103579e-05,0.01868296652035995,0.105
hai/hai_02.wav,hai,train,110,17600,1.11246875,3.0742903987967997e-06,-55.12113867647868,8.766827246496876e-05,0.024567514382269198,0.08
hai/hai_02.wav,hai,train,111,17760,1.12246875,3.2788492938925515e-06,-54.84146111268362,9.053796570904042e-05,0.023039385589156535,0.115
hai/hai_02.wav,hai,train,112,17920,1.13246875,1.0129148486443855e-06,-59.93998516715404,5.032183543563335e-05,0.012965216571860989,0.1675
hai/hai_02.wav,hai,train,113,18080,1.14246875,7.394958530128684e-07,-61.30477369308433,4.299697236471623e-05,0.011433701753186747,0.1625
hai/hai_02.wav,hai,train,114,18240,1.15246875,1.4490091851625344e-06,-58.3862924669415,6.018739870526334e-05,0.016105234060881178,0.145
hai/hai_02.wav,hai,train,115,18400,1.16246875,1.2993658608075697e-06,-58.85934440788884,5.6994865137299206e-05,0.01632667079887127,0.105
hai/hai_02.wav,hai,train,116,18560,1.17246875,1.8120589359642824e-06,-57.41588078337994,6.730636923732185e-05,0.018728312808549023,0.1125
hai/hai_02.wav,hai,train,117,18720,1.18246875,1.6296259678065735e-06,-57.87645645793846,6.382840213820517e-05,0.0179482863316335,0.115
hai/hai_02.wav,hai,train,118,18880,1.19246875,1.8487785625769458e-06,-57.32880257979094,6.798489837046434e-05,0.017724842634099805,0.13
hai/hai_02.wav,hai,train,119,19040,1.20246875,1.0138340387938121e-06,-59.936049744298074,5.034466304370832e-05,0.014442315420555124,0.1675
hai/hai_02.wav,hai,train,120,19200,1.21246875,1.1082225407382077e-06,-59.54981313617476,5.2636074624211096e-05,0.013969208415455202,0.1725
hai/hai_02.wav,hai,train,121,19360,1.22246875,2.207617956113307e-06,-56.558794013315,7.429027453363776e-05,0.01817377233835759,0.175
hai/hai_02.wav,hai,train,122,19520,1.23246875,1.4817966095369029e-06,-58.28918415669921,6.086453420377303e-05,0.015763013243152046,0.195
hai/hai_02.wav,hai,train,123,19680,1.24246875,8.947257528024926e-07,-60.478249393065425,4.729497205841474e-05,0.012484482861573071,0.185
hai/hai_02.wav,hai,train,124,19840,1.25246875,9.855341592036626e-07,-60.05887872503207,4.963703655547092e-05,0.012903296380086108,0.185
hai/hai_02.wav,hai,train,125,20000,1.26246875,2.0317104030429307e-06,-56.919244901859436,7.126903961473963e-05,0.017803729685151908,0.1575
hai/hai_02.wav,hai,train,126,20160,1.27246875,1.5712540451588548e-06,-58.03477279227553,6.267483636115164e-05,0.01744958849805872,0.115
hai/hai_02.wav,hai,train,127,20320,1.28246875,1.2951523607002132e-06,-58.87343944821788,5.690238045767974e-05,0.015581390542609224,0.1225
hai/hai_02.wav,hai,train,128,20480,1.29246875,1.7245216877770237e-06,-57.6307957776763,6.566052253403532e-05,0.0174516312159214,0.15
hai/hai_02.wav,hai,train,129,20640,1.30246875,1.970060919826661e-06,-57.052999527191886,7.01794293191862e-05,0.018234188419940206,0.14
hai/hai_02.wav,hai,train,130,20800,1.31246875,1.7612690754169131e-06,-57.53927779779257,6.635640653729135e-05,0.018889120148868257,0.1125
hai/hai_02.wav,hai,train,131,20960,1.32246875,1.7297267712338594e-06,-57.617714885148246,6.575953868515691e-05,0.017193705217374608,0.1125
hai/hai_02.wav,hai,train,132,21120,1.33246875,9.621584542666548e-07,-60.16302258926654,4.9044838012441605e-05,0.013304200862473387,0.14
hai/hai_02.wav,hai,train,133,21280,1.34246875,1.2088041293970473e-06,-59.17284937458614,5.497281440396351e-05,0.014509096970083856,0.1675
hai/hai_02.wav,hai,train,134,21440,1.35246875,1.2458631303844374e-06,-59.04181216915325,5.5809119559092614e-05,0.014171783062735782,0.175
hai/hai_02.wav,hai,train,135,21600,1.36246875,1.4645641448337115e-06,-58.339951686020896,6.050958900938163e-05,0.01390809810137423,0.18
hai/hai_02.wav,hai,train,136,21760,1.37246875,8.348614793015798e-07,-60.77865688780477,4.568537729136041e-05,0.012906867978423754,0.14
hai/hai_02.wav,hai,train,137,21920,1.38246875,9.496942619626612e-07,-60.21959127322259,4.872612907780232e-05,0.012719982936004896,0.1375
hai/hai_02.wav,hai,train,138,22080,1.39246875,1.2152286998995327e-06,-59.14984752558823,5.511870598761215e-05,0.013981621967148718,0.16
hai/hai_02.wav,hai,train,139,22240,1.40246875,1.6964800762177873e-06,-57.701953144492,6.512449762220411e-05,0.017156149807441526,0.1375
hai/hai_02.wav,hai,train,140,22400,1.41246875,1.6603643114273983e-06,-57.79535123060995,6.442756225846587e-05,0.016852322829751912,0.145
hai/hai_02.wav,hai,train,141,22560,1.42246875,1.1633806632832508e-06,-59.339050154447634,5.3930062657187104e-05,0.013015006850113238,0.165
hai/hai_02.wav,hai,train,142,22720,1.43246875,7.518091379175906e-07,-61.23315117897617,4.335346404607106e-05,0.011793561864382036,0.175
hai/hai_02.wav,hai,train,143,22880,1.44246875,9.359015004193014e-07,-60.28306065540158,4.8371001137543694e-05,0.012933403201218364,0.17
hai/hai_02.wav,hai,train,144,23040,1.45246875,1.3312592159984317e-06,-58.754112668135136,5.769010348401257e-05,0.01489836377843358,0.1675
hai/hai_02.wav,hai,train,145,23200,1.46246875,9.072492871220903e-07,-60.41794934339527,4.7624817246948314e-05,0.011735603502681656,0.195
hai/hai_02.wav,hai,train,146,23360,1.47246875,6.568879121367012e-07,-61.81848093144624,4.052431097923508e-05,0.010200903521253083,0.24
hai/hai_02.wav,hai,train,147,23520,1.48246875,6.891734808114147e-07,-61.61041732031683,4.1508236556478e-05,0.010066728311913156,0.2075
hai/hai_02.wav,hai,train,148,23680,1.49246875,6.18971754547276e-07,-62.07628096185112,3.933737899718523e-05,0.010508254280682696,0.1675
hai/hai_02.wav,hai,train,149,23840,1.50246875,1.287274807042475e-06,-58.89991486004143,5.6729066778911385e-05,0.013214684847805193,0.1875
hai/hai_02.wav,hai,train,150,24000,1.51246875,8.158036276039885e-07,-60.87882342119853,4.516092413813043e-05,0.01176953401996852,0.215
hai/hai_02.wav,hai,train,151,24160,1.52246875,9.24499122647537e-07,-60.336239886123344,4.807543870438254e-05,0.012231477083477073,0.215
hai/hai_02.wav,hai,train,152,24320,1.53246875,1.3500967162891266e-06,-58.69313561527734,5.809683115904702e-05,0.01564002699504702,0.1625
hai/hai_02.wav,hai,train,153,24480,1.54246875,1.3524096996809045e-06,-58.685707153190805,5.814657555868842e-05,0.01649430170108375,0.12
hai/hai_02.wav,hai,train,154,24640,1.55246875,2.0159048258197065e-06,-56.95314594894094,7.099128160942909e-05,0.01841094481441255,0.1075
hai/hai_02.wav,hai,train,155,24800,1.56246875,1.9387769010366917e-06,-57.12248216575081,6.961998457764645e-05,0.01952262208837173,0.0925
hai/hai_02.wav,hai,train,156,24960,1.57246875,2.688770622886643e-06,-55.70284753998351,8.198735608138981e-05,0.022654530072935407,0.0975
hai/hai_02.wav,hai,train,157,25120,1.58246875,4.862410665398741e-06,-53.13059057146512,0.00011025437253686065,0.02770043989858318,0.1225
hai/hai_02.wav,hai,train,158,25280,1.59246875,2.1083792519299967e-06,-56.75845330069444,7.26012956483904e-05,0.021467535729751346,0.1325
hai/hai_02.wav,hai,train,159,25440,1.60246875,2.1985173398096247e-06,-56.576726099299215,7.413699042666934e-05,0.01974858139502747,0.165
hai/hai_02.wav,hai,train,160,25600,1.61246875,2.234324752066653e-06,-56.506593728519974,7.473828925100328e-05,0.020638005271176214,0.18
hai/hai_02.wav,hai,train,161,25760,1.62246875,4.394264763077571e-06,-53.5701495866068,0.00010481250835512872,0.027804427451266087,0.1975
hai/hai_02.wav,hai,train,162,25920,1.63246875,5.651569777869091e-06,-52.4775406782268,0.00011886515235624244,0.03160495456258686,0.2075
hai/hai_02.wav,hai,train,163,26080,1.64246875,6.415117851140914e-06,-51.92727667537152,0.00012664041467024768,0.03408239987502065,0.235
hai/hai_02.wav,hai,train,164,26240,1.65246875,5.541474428500785e-06,-52.562963019277944,0.00011770168253364929,0.032958887131391695,0.235
hai/hai_02.wav,hai,train,165,26400,1.66246875,2.1912444798432566e-05,-46.5928934588274,0.00023405365196057382,0.06848345631373443,0.1525
hai/hai_02.wav,hai,train,166,26560,1.67246875,0.0006218977176510268,-32.062803386964575,0.001246893858404783,0.33666159459160583,0.08
hai/hai_02.wav,hai,train,167,26720,1.68246875,0.0022716048136934355,-26.436670285025127,0.002383067777935321,0.6942366168109132,0.0475
hai/hai_02.wav,hai,train,168,26880,1.69246875,0.0029708499480969935,-25.271191368341096,0.002725275191653585,0.7908952552565585,0.0575
hai/hai_02.wav,hai,train,169,27040,1.70246875,0.0022830639766507057,-26.414817281947013,0.0023890709369181074,0.7253327348542082,0.095
hai/hai_02.wav,hai,train,170,27200,1.71246875,0.0039096235442640445,-24.078649475104307,0.003126349126482855,0.8762948402844883,0.11
hai/hai_02.wav,hai,train,171,27360,1.72246875,0.005745142289899256,-22.40699135080742,0.0037898358440370656,1.0759698410118315,0.12
hai/hai_02.wav,hai,train,172,27520,1.73246875,0.006858269462978839,-21.63785392031931,0.004140733468535145,1.1813097375063215,0.13
hai/hai_02.wav,hai,train,173,27680,1.74246875,0.007357419117393616,-21.332744445207044,0.0042887699627613554,1.2262740130485819,0.125
hai/hai_02.wav,hai,train,174,27840,1.75246875,0.008601564801113402,-20.654224840023222,0.004637231070669598,1.3605774858501265,0.1275
hai/hai_02.wav,hai,train,175,28000,1.76246875,0.011175088867483496,-19.517489756863835,0.005285614644363392,1.5330442795434696,0.1425
hai/hai_02.wav,hai,train,176,28160,1.77246875,0.009780514950640045,-20.096382343120396,0.004944824301893861,1.4239668717036942,0.155
hai/hai_02.wav,hai,train,177,28320,1.78246875,0.006686919938580067,-21.747738115602896,0.004088679474653176,1.137777946836108,0.1775
hai/hai_02.wav,hai,train,178,28480,1.79246875,0.007156471504014571,-21.453009929912316,0.004229796538846334,1.1301116059791383,0.175
hai/hai_02.wav,hai,train,179,28640,1.80246875,0.006367466185207013,-21.960332844986606,0.003989820229411036,1.0836853515883416,0.1775
hai/hai_02.wav,hai,train,180,28800,1.81246875,0.006832222032008779,-21.654379649200905,0.00413286281892128,1.038320228444522,0.1625
hai/hai_02.wav,hai,train,181,28960,1.82246875,0.00598253155809061,-22.23114929194154,0.003867341321273121,1.048738318246623,0.1325
hai/hai_02.wav,hai,train,182,29120,1.83246875,0.007263969551580379,-21.388259251301523,0.0042614462191785255,1.1756459243195785,0.115
hai/hai_02.wav,hai,train,183,29280,1.84246875,0.007774326901235472,-21.093371458897305,0.004408607178360154,1.2656615827701652,0.0975
hai/hai_02.wav,hai,train,184,29440,1.85246875,0.0063346746447492976,-21.98275617450134,0.003979533466610533,1.1559782874697957,0.0825
hai/hai_02.wav,hai,train,185,29600,1.86246875,0.002930930954829502,-25.329942641221592,0.002706903653082938,0.7506285906059618,0.1125
hai/hai_02.wav,hai,train,186,29760,1.87246875,0.0013943207294208554,-28.556370044369963,0.0018670302149542569,0.5097078996713482,0.1575
hai/hai_02.wav,hai,train,187,29920,1.88246875,0.0008090032162943622,-30.920492149654734,0.0014221490923021767,0.3794510795893816,0.1475
hai/hai_02.wav,hai,train,188,30080,1.89246875,0.000493760609070397,-33.06482680335725,0.0011110362382370758,0.290849350598014,0.1325
hai/hai_02.wav,hai,train,189,30240,1.90246875,0.0002734765680074286,-35.63078290866669,0.0008268563478734209,0.22975004302835034,0.145
hai/hai_02.wav,hai,train,190,30400,1.91246875,0.00022255249324349162,-36.52565584556179,0.0007459096681963098,0.2082734591479691,0.1275
hai/hai_02.wav,hai,train,191,30560,1.92246875,0.00023600263608660507,-36.270813058426754,0.0007681188646404361,0.21835799694520458,0.0975
hai/hai_02.wav,hai,train,192,30720,1.93246875,0.0002774403127682114,-35.5682886924915,0.0008328269819839703,0.24732460997538583,0.0525
hai/hai_02.wav,hai,train,193,30880,1.94246875,0.00048145648513832167,-33.1744205700264,0.0010971058348426574,0.3176407234637324,0.045
hai/hai_02.wav,hai,train,194,31040,1.95246875,0.0004569754252563549,-33.401062039677086,0.001068849176984708,0.3218143488487626,0.045
hai/hai_02.wav,hai,train,195,31200,1.96246875,0.0005288673177960491,-32.76652448897966,0.0011498557711687681,0.32512148787243955,0.035
hai/hai_02.wav,hai,train,196,31360,1.97246875,0.0002826242407590347,-35.48789054685414,0.0008405715923688992,0.23461492296516062,0.045
hai/hai_02.wav,hai,train,197,31520,1.98246875,0.00017101024578373037,-37.66975329249783,0.0006538544291043121,0.17440675817019988,0.0625
hai/hai_02.wav,hai,train,198,31680,1.99246875,0.0001083293884524185,-39.65249699552308,0.0005204070244828044,0.14974635931399627,0.0525
hai/hai_02.wav,hai,train,199,31840,2.00246875,6.2917594303962e-05,-42.01220988732351,0.0003966030581827439,0.1150936419923177,0.0525
hai/hai_02.wav,hai,train,200,32000,2.01246875,6.292517443801855e-05,-42.01168670142873,0.00039662694827135285,0.10264547500619586,0.0425
hai/hai_02.wav,hai,train,201,32160,2.02246875,2.6584802787378123e-05,-45.75350221155162,0.0002578022633113319,0.07271206995541307,0.05
hai/hai_02.wav,hai,train,202,32320,2.03246875,9.26419768255417e-06,-50.33145310125271,0.0001521857227416075,0.04267418857544579,0.055
hai/hai_02.wav,hai,train,203,32480,2.04246875,3.5730733005317934e-06,-54.46836544810219,9.451287346880044e-05,0.028560307912622006,0.085
hai/hai_02.wav,hai,train,204,32640,2.05246875,5.7564454704697065e-06,-52.397701666049386,0.00011996296793666897,0.03134796067225244,0.1025
hai/hai_02.wav,hai,train,205,32800,2.06246875,3.95451957364127e-06,-54.0279646206648,9.942986942615973e-05,0.02728817279489308,0.1025
hai/hai_02.wav,hai,train,206,32960,2.07246875,2.2608167343245394e-06,-56.455425870745614,7.518006275477129e-05,0.021266249364746116,0.125
hai/hai_02.wav,hai,train,207,33120,2.08246875,1.7792802487392903e-06,-57.49511626398521,6.669483204752994e-05,0.01722679112740444,0.16
hai/hai_02.wav,hai,train,208,33280,2.09246875,1.251972076448169e-06,-59.02058607521098,5.594577902863113e-05,0.01470746414100874,0.1575
hai/hai_02.wav,hai,train,209,33440,2.10246875,1.5940072711330408e-06,-57.97237332791277,6.312700038678063e-05,0.01657599505531658,0.12
hai/hai_02.wav,hai,train,210,33600,2.11246875,2.140743867240587e-06,-56.69232468002409,7.3156405516547e-05,0.019849573368596912,0.1125
hai/hai_02.wav,hai,train,211,33760,2.12246875,1.3540900899979696e-06,-58.680318307760125,5.818268836170192e-05,0.014840291650211822,0.17
hai/hai_02.wav,hai,train,212,33920,2.13246875,9.474200933649462e-07,-60.22999253570823,4.866775352748846e-05,0.011929679603967654,0.2125
hai/hai_02.wav,hai,train,213,34080,2.14246875,7.565150254725582e-07,-61.206087484162815,4.348893610657077e-05,0.01171542535763168,0.1725
hai/hai_02.wav,hai,train,214,34240,2.15246875,1.096512627098374e-06,-59.595904744137684,5.235724942876521e-05,0.012929727084551163,0.2125
hai/hai_02.wav,hai,train,215,34400,2.16246875,1.1116928870323344e-06,-59.53624688200924,5.2718423891281463e-05,0.013000041534899613,0.1775
hai/hai_02.wav,hai,train,216,34560,2.17246875,6.628902065707169e-07,-61.77903737835482,4.07090348255371e-05,0.01116513356920755,0.1725
hai/hai_02.wav,hai,train,217,34720,2.18246875,1.0819781601962856e-06,-59.65380301455822,5.200908959490364e-05,0.013300808197785237,0.15
hai/hai_02.wav,hai,train,218,34880,2.19246875,1.3107652458835323e-06,-58.82143879548444,5.724432823178931e-05,0.014928008081314243,0.125
hai/hai_02.wav,hai,train,219,35040,2.20246875,7.054555189614365e-07,-61.50915177732969,4.1995699748945616e-05,0.010983201610193156,0.18
hai/hai_02.wav,hai,train,220,35200,2.21246875,6.52421735574732e-07,-61.848064231462196,4.038631375771785e-05,0.010561372160276566,0.19
hai/hai_02.wav,hai,train,221,35360,2.22246875,8.904313893858604e-07,-60.499120774553,4.7181336071212005e-05,0.012172648062605792,0.1625
hai/hai_02.wav,hai,train,222,35520,2.23246875,1.1257451816906135e-06,-59.48174290429962,5.30505697822986e-05,0.014113916931879108,0.15
hai/hai_02.wav,hai,train,223,35680,2.24246875,1.0376350541756506e-06,-59.835370239534164,5.093218663516349e-05,0.01451725269376576,0.145
hai/hai_02.wav,hai,train,224,35840,2.25246875,1.2808310102969694e-05,-48.924742603054135,0.00017894349738793036,0.04567708522054995,0.1325
hai/hai_02.wav,hai,train,225,36000,2.26246875,0.0002079543037213725,-36.82029998850129,0.0007210310390707401,0.185626362473452,0.0525
hai/hai_02.wav,hai,train,226,36160,2.27246875,0.0009165283296658955,-30.378536327113185,0.0015137109447198758,0.4701279464786793,0.015
hai/hai_02.wav,hai,train,227,36320,2.28246875,0.0031289702055388342,-25.04598433444773,0.002796859938189091,0.8061053010726351,0.0125
hai/hai_02.wav,hai,train,228,36480,2.29246875,0.0026044794024431685,-25.842789060918374,0.002551705019415042,0.771096648632337,0.01
hai/hai_02.wav,hai,train,229,36640,2.30246875,0.0012822208312304874,-28.92036833050306,0.0017904055624567911,0.5403532214708844,0.01
hai/hai_02.wav,hai,train,230,36800,2.31246875,0.00026066588822587543,-35.83914132522087,0.0008072575305097429,0.22232291410253086,0.015
hai/hai_02.wav,hai,train,231,36960,2.32246875,1.2149667132892303e-05,-49.153998764541626,0.0001742818631763809,0.05815903179754466,0.0175
hai/hai_02.wav,hai,train,232,37120,2.33246875,3.666098196068673e-05,-44.35784060614314,0.00030274156454262574,0.08656852972479853,0.025
hai/hai_02.wav,hai,train,233,37280,2.34246875,4.917398372743469e-05,-43.0825577512162,0.00035062081985898485,0.10512122420868614,0.025
hai/hai_02.wav,hai,train,234,37440,2.35246875,2.8474384959261353e-05,-45.45530395973959,0.000266806975917335,0.07755376828240486,0.03
hai/hai_02.wav,hai,train,235,37600,2.36246875,7.015451064745946e-06,-51.538824993693126,0.00013243348391500114,0.03480257121990301,0.0825
hai/hai_02.wav,hai,train,236,37760,2.37246875,1.0810700412426654e-06,-59.65744626899787,5.198725904591108e-05,0.013943944537724627,0.1525
hai/hai_02.wav,hai,train,237,37920,2.38246875,8.794703683428049e-07,-60.55285255348895,4.6890040742752745e-05,0.012670793171621897,0.1875
hai/hai_02.wav,hai,train,238,38080,2.39246875,1.350319440350186e-06,-58.692419753431366,5.810162304854715e-05,0.014068024033888338,0.1625
hai/hai_02.wav,hai,train,239,38240,2.40246875,1.4607374730708477e-06,-58.35130619330609,6.04304863680338e-05,0.016204847035415977,0.145
hai/hai_02.wav,hai,train,240,38400,2.41246875,1.600314037330492e-06,-57.955234892515215,6.325175960656139e-05,0.01650265006710552,0.185
hai/hai_02.wav,hai,train,241,38560,2.42246875,6.845718610945989e-07,-61.63947016087968,4.1369428963142544e-05,0.010533117076455979,0.1825
hai/hai_02.wav,hai,train,242,38720,2.43246875,1.2854797850680265e-06,-58.90597033629603,5.66895004623437e-05,0.01314104313962745,0.18
hai/hai_02.wav,hai,train,243,38880,2.44246875,9.653890986996047e-07,-60.14847977730922,4.912710806417381e-05,0.013319277227491298,0.1475
hai/hai_02.wav,hai,train,244,39040,2.45246875,6.086345263996844e-07,-62.14930444883272,3.900751614752228e-05,0.010356545262634468,0.225
hai/hai_02.wav,hai,train,245,39200,2.46246875,9.261736807091299e-07,-60.32838905005014,4.811895886002548e-05,0.013100448542873941,0.195
hai/hai_02.wav,hai,train,246,39360,2.47246875,1.806630068226303e-06,-57.42890443200453,6.720546979648128e-05,0.0185977949506601,0.1475
hai/hai_02.wav,hai,train,247,39520,2.48246875,1.0311103086462318e-06,-59.86273884224089,5.077180094910539e-05,0.013699870172227503,0.1475
hai/hai_03.wav,hai,train,0,0,0.01246875,0.0,-90.0,0.0,0.0,0.0
hai/hai_03.wav,hai,train,1,160,0.02246875,0.0,-90.0,0.0,0.0,0.0
hai/hai_03.wav,hai,train,2,320,0.03246875,0.0,-90.0,0.0,0.0,0.0
hai/hai_03.wav,hai,train,3,480,0.04246875,0.0,-90.0,0.0,0.0,0.0
hai/hai_03.wav,hai,train,4,640,0.05246875,0.0,-90.0,0.0,0.0,0.0
hai/hai_03.wav,hai,train,5,800,0.06246875,0.0,-90.0,0.0,0.0,0.0
hai/hai_03.wav,hai,train,6,960,0.07246875,0.0,-90.0,0.0,0.0,0.0
hai/hai_03.wav,hai,train,7,1120,0.08246875,0.0,-90.0,0.0,0.0,0.0
hai/hai_03.wav,hai,train,8,1280,0.09246875,0.0,-90.0,0.0,0.0,0.0
hai/hai_03.wav,hai,train,9,1440,0.10246875,0.0,-90.0,0.0,0.0,0.0
hai/hai_03.wav,hai,train,10,1600,0.11246875,0.0,-90.0,0.0,0.0,0.0
hai/hai_03.wav,hai,train,11,1760,0.12246875,0.0,-90.0,0.0,0.0,0.0
hai/hai_03.wav,hai,train,12,1920,0.13246875,0.0,-90.0,0.0,0.0,0.0
hai/hai_03.wav,hai,train,13,2080,0.14246875,0.0,-90.0,0.0,0.0,0.0
hai/hai_03.wav,hai,train,14,2240,0.15246875,0.0,-90.0,0.0,0.0,0.0
hai/hai_03.wav,hai,train,15,2400,0.16246875,0.0,-90.0,0.0,0.0,0.0
hai/hai_03.wav,hai,train,16,2560,0.17246875,0.0,-90.0,0.0,0.0,0.0
hai/hai_03.wav,hai,train,17,2720,0.18246875,0.0,-90.0,0.0,0.0,0.0
hai/hai_03.wav,hai,train,18,2880,0.19246875,0.0,-90.0,0.0,0.0,0.0
hai/hai_03.wav,hai,train,19,3040,0.20246875,0.0,-90.0,0.0,0.0,0.0
hai/hai_03.wav,hai,train,20,3200,0.21246875,0.0,-90.0,0.0,0.0,0.0
hai/hai_03.wav,hai,train,21,3360,0.22246875,0.0,-90.0,0.0,0.0,0.0
hai/hai_03.wav,hai,train,22,3520,0.23246875,0.0,-90.0,0.0,0.0,0.0
hai/hai_03.wav,hai,train,23,3680,0.24246875,0.0,-90.0,0.0,0.0,0.0
hai/hai_03.wav,hai,train,24,3840,0.25246875,0.0,-90.0,0.0,0.0,0.0
hai/hai_03.wav,hai,train,25,4000,0.26246875,0.0,-90.0,0.0,0.0,0.0
hai/hai_03.wav,hai,train,26,4160,0.27246875,0.0,-90.0,0.0,0.0,0.0
hai/hai_03.wav,hai,train,27,4320,0.28246875,0.0,-90.0,0.0,0.0,0.0
hai/hai_03.wav,hai,train,28,4480,0.29246875,0.0,-90.0,0.0,0.0,0.0
hai/hai_03.wav,hai,train,29,4640,0.30246875,0.0,-90.0,0.0,0.0,0.0
hai/hai_03.wav,hai,train,30,4800,0.31246875,0.0,-90.0,0.0,0.0,0.0
hai/hai_03.wav,hai,train,31,4960,0.32246875,8.994669026726688e-09,-80.00231582961192,4.742011447351927e-06,0.0006150879057189736,0.135
hai/hai_03.wav,hai,train,32,5120,0.33246875,6.788479287339632e-08,-71.61876643115772,1.3027355149203956e-05,0.0027986906640488805,0.265
hai/hai_03.wav,hai,train,33,5280,0.34246875,3.510187494851498e-07,-64.53434204189251,2.9623417657536994e-05,0.006998526468185643,0.2525
hai/hai_03.wav,hai,train,34,5440,0.35246875,1.414388574298348e-06,-58.491243145518766,5.946403480883105e-05,0.014719042245128655,0.1775
hai/hai_03.wav,hai,train,35,5600,0.36246875,7.788871169300609e-07,-61.07968253773848,4.412729078841293e-05,0.012088775807140864,0.1725
hai/hai_03.wav,hai,train,36,5760,0.37246875,1.4197841878097034e-06,-58.47471884888394,5.957734862784898e-05,0.015689191121921124,0.1475
hai/hai_03.wav,hai,train,37,5920,0.38246875,4.091882638319185e-06,-53.8797070838701,0.00010114201202170128,0.027934453954669137,0.12
hai/hai_03.wav,hai,train,38,6080,0.39246875,3.487736314837027e-06,-54.57331854094117,9.337741047540656e-05,0.024527527162530052,0.0825
hai/hai_03.wav,hai,train,39,6240,0.40246875,1.2088869427185392e-06,-59.17255210218654,5.497469742341787e-05,0.014974878274232982,0.1425
hai/hai_03.wav,hai,train,40,6400,0.41246875,1.71465309202906e-06,-57.65570522692649,6.547238142967346e-05,0.01782951768758525,0.13
hai/hai_03.wav,hai,train,41,6560,0.42246875,3.2966062868788484e-06,-54.818011975826366,9.078279416936406e-05,0.024042446926683246,0.14
hai/hai_03.wav,hai,train,42,6720,0.43246875,1.9064256214408628e-06,-57.195523880140236,6.90366862878148e-05,0.019737924739005118,0.1125
hai/hai_03.wav,hai,train,43,6880,0.44246875,2.5380235519879154e-06,-55.953332705910476,7.965587787457865e-05,0.021873056244608852,0.13
hai/hai_03.wav,hai,train,44,7040,0.45246875,1.9022106333870717e-06,-57.20513144526681,6.896032615546187e-05,0.017991804075155174,0.14
hai/hai_03.wav,hai,train,45,7200,0.46246875,1.1222193823617066e-06,-59.49535410929986,5.296742825458176e-05,0.013488462894282021,0.155
hai/hai_03.wav,hai,train,46,7360,0.47246875,1.0237260154169732e-06,-59.89392237923839,5.0589673240123155e-05,0.013810983124532387,0.14
hai/hai_03.wav,hai,train,47,7520,0.48246875,1.6524833408974729e-06,-57.81600176312871,6.427447667810048e-05,0.01661395269664227,0.125
hai/hai_03.wav,hai,train,48,7680,0.49246875,1.4915698129759948e-06,-58.2606534617437,6.106492063730196e-05,0.01679034814756048,0.12
hai/hai_03.wav,hai,train,49,7840,0.50246875,1.6858716252262092e-06,-57.729179669528214,6.492055963302783e-05,0.01648339058007793,0.14
hai/hai_03.wav,hai,train,50,8000,0.51246875,9.92387727956477e-07,-60.02881209464314,4.980932964707709e-05,0.013438429090350222,0.1475
hai/hai_03.wav,hai,train,51,8160,0.52246875,1.1792255784671475e-06,-59.280349773374525,5.429607671064152e-05,0.014497492292265856,0.165
hai/hai_03.wav,hai,train,52,8320,0.53246875,1.0490750258847047e-06,-59.787796702979755,5.121218179995617e-05,0.013690630621625094,0.1675
hai/hai_03.wav,hai,train,53,8480,0.54246875,9.507333336863158e-07,-60.21484719610986,4.875277770769363e-05,0.013219767760756732,0.17
hai/hai_03.wav,hai,train,54,8640,0.55246875,1.1352618196641501e-06,-59.445215861125774,5.327433293022424e-05,0.013497206947862214,0.2025
hai/hai_03.wav,hai,train,55,8800,0.56246875,9.196635891490459e-07,-60.35899032198073,4.794954611748285e-05,0.013327088760475619,0.1525
hai/hai_03.wav,hai,train,56,8960,0.57246875,2.0266932454997185e-06,-56.92997745523773,7.118098842913953e-05,0.017507940196584974,0.16
hai/hai_03.wav,hai,train,57,9120,0.58246875,1.4667336919979929e-06,-58.33352736373313,6.055439067478908e-05,0.0160644359031269,0.1525
hai/hai_03.wav,hai,train,58,9280,0.59246875,1.3524058773086042e-06,-58.68571941878593,5.814649338757678e-05,0.015194159615353711,0.16
hai/hai_03.wav,hai,train,59,9440,0.60246875,1.3966494991850326e-06,-58.54601726769944,5.908996317448998e-05,0.01586271718220093,0.16
hai/hai_03.wav,hai,train,60,9600,0.61246875,1.699487230443393e-06,-57.69426624989003,6.518219140308557e-05,0.017635280968834165,0.1375
hai/hai_03.wav,hai,train,61,9760,0.62246875,3.209802619314963e-06,-54.93386391405502,8.957961011462042e-05,0.024511560987065133,0.1025
hai/hai_03.wav,hai,train,62,9920,0.63246875,3.585166000396001e-06,-54.45369611207916,9.467267293675617e-05,0.02623661061623935,0.1075
hai/hai_03.wav,hai,train,63,10080,0.64246875,2.4652230044624086e-06,-56.079676555470215,7.850514321467111e-05,0.021740859306019208,0.155
hai/hai_03.wav,hai,train,64,10240,0.65246875,2.0813206924468996e-06,-56.81452385183383,7.213391526263669e-05,0.01982773370093275,0.1775
hai/hai_03.wav,hai,train,65,10400,0.66246875,3.176302233627379e-06,-54.97941471935965,8.911091731133985e-05,0.02214360319629627,0.1975
hai/hai_03.wav,hai,train,66,10560,0.67246875,1.922010128032542e-06,-57.16018428430754,6.93182899391016e-05,0.01838753272266099,0.1875
hai/hai_03.wav,hai,train,67,10720,0.68246875,1.8942254373631076e-06,-57.22339123226462,6.88154313610528e-05,0.020060933952416066,0.16
hai/hai_03.wav,hai,train,68,10880,0.69246875,5.484759357840367e-05,-42.60834504077775,0.0003702958060065077,0.10027317477305672,0.095
hai/hai_03.wav,hai,train,69,11040,0.70246875,0.0007259595496810514,-31.390869791915655,0.0013471818267044092,0.38755129237804353,0.0375
hai/hai_03.wav,hai,train,70,11200,0.71246875,0.0022750214824028996,-26.430143071671882,0.0023848592633543913,0.7078535636093463,0.0325
hai/hai_03.wav,hai,train,71,11360,0.72246875,0.0030455257634863318,-25.16337579651853,0.002759314119254245,0.7861123935184444,0.0375
hai/hai_03.wav,hai,train,72,11520,0.73246875,0.0025556813410223993,-25.924931278667174,0.0025276873526122643,0.7178622402808059,0.0475
hai/hai_03.wav,hai,train,73,11680,0.74246875,0.0018837401580108141,-27.249787731835493,0.0021701037751745964,0.6218009630719638,0.07
hai/hai_03.wav,hai,train,74,11840,0.75246875,0.0012537434549909324,-29.017909747469318,0.0017704119965356456,0.5227991132135072,0.0875
hai/hai_03.wav,hai,train,75,12000,0.76246875,0.0018593083328619603,-27.306483507449308,0.002155984886810411,0.6162710918694239,0.1175
hai/hai_03.wav,hai,train,76,12160,0.77246875,0.0027113216721220803,-25.66818794340172,0.002603517655078452,0.7435483329691983,0.135
hai/hai_03.wav,hai,train,77,12320,0.78246875,0.0027821584198799557,-25.55617988222291,0.002637308485880992,0.7628533482298221,0.1175
hai/hai_03.wav,hai,train,78,12480,0.79246875,0.0030427578409075885,-25.167324670350055,0.0027580599344954365,0.7835780646199293,0.11
hai/hai_03.wav,hai,train,79,12640,0.80246875,0.0032429118332484297,-24.890647246381516,0.0028473284993342576,0.7899721092737426,0.1075
hai/hai_03.wav,hai,train,80,12800,0.81246875,0.003332241031521512,-24.772634619060664,0.002886278326635146,0.8169303320879848,0.095
hai/hai_03.wav,hai,train,81,12960,0.82246875,0.0033620092170111816,-24.734009710914215,0.002899141776893285,0.8350904373629946,0.1075
hai/hai_03.wav,hai,train,82,13120,0.83246875,0.0035150269812531153,-24.540712134448807,0.0029643831488410516,0.8264912409574601,0.095
hai/hai_03.wav,hai,train,83,13280,0.84246875,0.004287659448736669,-23.677796148915263,0.0032740110906717573,0.923264061273497,0.0925
hai/hai_03.wav,hai,train,84,13440,0.85246875,0.004668673635104727,-23.308063914584267,0.003416384651610796,0.9709409763381955,0.085
hai/hai_03.wav,hai,train,85,13600,0.86246875,0.00360857377165891,-24.426642914518567,0.003003570280374221,0.8665649335438282,0.115
hai/hai_03.wav,hai,train,86,13760,0.87246875,0.0037527434659852398,-24.256510068074924,0.0030629819890040325,0.8251749559073062,0.14
hai/hai_03.wav,hai,train,87,13920,0.88246875,0.003104201093879078,-25.080500124784606,0.002785767889594841,0.7529928084921576,0.155
hai/hai_03.wav,hai,train,88,14080,0.89246875,0.0030085999090077656,-25.216354176141394,0.002742535281909681,0.7265068534966612,0.17
hai/hai_03.wav,hai,train,89,14240,0.90246875,0.002838834047057894,-25.468598417938992,0.002664035494816977,0.7515516394574031,0.1275
hai/hai_03.wav,hai,train,90,14400,0.91246875,0.0027705016059039952,-25.574414370113168,0.0026317777289809234,0.7886495091282499,0.0925
hai/hai_03.wav,hai,train,91,14560,0.92246875,0.002918309933798264,-25.348684377205785,0.0027010692020930636,0.8029468800775876,0.0675
hai/hai_03.wav,hai,train,92,14720,0.93246875,0.002622318065361494,-25.81314467529416,0.0025604287069558754,0.7815824636576976,0.0575
hai/hai_03.wav,hai,train,93,14880,0.94246875,0.001832492244542063,-27.369576177037583,0.0021403809500542556,0.659728429176407,0.0375
hai/hai_03.wav,hai,train,94,15040,0.95246875,0.0010567991321511418,-29.760071410857055,0.001625422354459866,0.4760206721009955,0.05
hai/hai_03.wav,hai,train,95,15200,0.96246875,0.0001816237262565705,-37.40825027258825,0.0006738392357539195,0.18775918635214278,0.14
hai/hai_03.wav,hai,train,96,15360,0.97246875,1.4459097626474979e-05,-48.398287749186494,0.00019012560076482978,0.05458034576625108,0.225
hai/hai_03.wav,hai,train,97,15520,0.98246875,9.285206168720712e-06,-50.32161678526425,0.0001523581813418688,0.0403141711577391,0.21
hai/hai_03.wav,hai,train,98,15680,0.99246875,4.007148847274382e-06,-53.97056158810075,0.00010008932069999253,0.026141675765721142,0.1875
hai/hai_03.wav,hai,train,99,15840,1.00246875,1.564715870768712e-06,-58.052870462071205,6.254430171423917e-05,0.01745746722164554,0.1725
hai/hai_03.wav,hai,train,100,16000,1.01246875,2.069237278026588e-06,-56.83979875493807,7.192421841818283e-05,0.017759196184352594,0.1675
hai/hai_03.wav,hai,train,101,16160,1.02246875,1.9327130734454144e-06,-57.13607966583857,6.951102562625254e-05,0.017594579896527757,0.1575
hai/hai_03.wav,hai,train,102,16320,1.03246875,2.446901512547876e-06,-56.11206059327713,7.821287478011334e-05,0.02015373621592271,0.1525
hai/hai_03.wav,hai,train,103,16480,1.04246875,2.809035647929296e-06,-55.51288170628449,8.380088973169223e-05,0.02173864117966616,0.13
hai/hai_03.wav,hai,train,104,16640,1.05246875,2.6356017506363585e-06,-55.7895546389739,8.117268245284799e-05,0.020656759642514518,0.115
hai/hai_03.wav,hai,train,105,16800,1.06246875,1.3557913570702687e-06,-58.674869315884266,5.8219227001701696e-05,0.015176825348972914,0.1575
hai/hai_03.wav,hai,train,106,16960,1.07246875,1.239811802902445e-06,-59.062940840604874,5.5673418318404995e-05,0.01454922564524705,0.1575
hai/hai_03.wav,hai,train,107,17120,1.08246875,1.538248996832989e-06,-58.126911207769474,6.201308323315712e-05,0.01575043098259453,0.145
hai/hai_03.wav,hai,train,108,17280,1.09246875,1.2284702862613014e-06,-59.102819627924376,5.541818939349474e-05,0.014680405918126322,0.1525
hai/hai_03.wav,hai,train,109,17440,1.10246875,1.4645084527713318e-06,-58.34011672291148,6.050843851834494e-05,0.015999220702013112,0.1625
hai/hai_03.wav,hai,train,110,17600,1.11246875,1.3080815326000116e-06,-58.83033303750562,5.7185696039307146e-05,0.014994789357668575,0.1725
hai/hai_03.wav,hai,train,111,17760,1.12246875,1.7132942938705785e-06,-57.659146204333595,6.544643408678922e-05,0.017113058885146082,0.1475
hai/hai_03.wav,hai,train,112,17920,1.13246875,2.6156173059594588e-06,-55.82259790567388,8.086435101389639e-05,0.022493999291907492,0.11
hai/hai_03.wav,hai,train,113,18080,1.14246875,6.012240308771581e-06,-52.20891439978209,0.00012259935061789256,0.033827426302474276,0.0625
hai/hai_03.wav,hai,train,114,18240,1.15246875,8.843162953119333e-06,-50.53343264172409,0.00014868728050105136,0.04228672513684613,0.04
hai/hai_03.wav,hai,train,115,18400,1.16246875,4.085799587546613e-06,-53.88616659121463,0.00010106680448528355,0.026953278913629662,0.0625
hai/hai_03.wav,hai,train,116,18560,1.17246875,1.4112176555455747e-06,-58.5009836325755,5.939734117672218e-05,0.017420084375675618,0.095
hai/hai_03.wav,hai,train,117,18720,1.18246875,2.2228982602039854e-06,-56.52885084914927,7.454693588947814e-05,0.01902519456522441,0.12
hai/hai_03.wav,hai,train,118,18880,1.19246875,1.5830118241730554e-06,-58.00241580856409,6.290889889699738e-05,0.016897273167161813,0.145
hai/hai_03.wav,hai,train,119,19040,1.20246875,1.8779022933411849e-06,-57.26095803489714,6.851828758333765e-05,0.01790757038627869,0.125
hai/hai_03.wav,hai,train,120,19200,1.21246875,1.025432308500009e-06,-59.8866968634626,5.063181580044332e-05,0.013819648714326623,0.1475
hai/hai_03.wav,hai,train,121,19360,1.22246875,1.3622884821659715e-06,-58.65412234439635,5.8358557259539314e-05,0.015147429349301106,0.165
hai/hai_03.wav,hai,train,122,19520,1.23246875,1.2450270008345657e-06,-59.04472546612318,5.579038897593755e-05,0.015592997544803977,0.17
hai/hai_03.wav,hai,train,123,19680,1.24246875,1.5323271922400484e-06,-58.14365162417393,6.189360209747143e-05,0.0163799613984994,0.19
hai/hai_03.wav,hai,train,124,19840,1.25246875,1.6003444664010577e-06,-57.95515236621763,6.325236095200435e-05,0.016392539042923423,0.1675
hai/hai_03.wav,hai,train,125,20000,1.26246875,1.0963200865416685e-06,-59.59666670928441,5.23526524290238e-05,0.014229977454027747,0.1675
hai/hai_03.wav,hai,train,126,20160,1.27246875,1.2766042489605544e-06,-58.936036525231,5.649345645649048e-05,0.01482453687870183,0.1825
hai/hai_03.wav,hai,train,127,20320,1.28246875,1.3300540640281046e-06,-58.7580430423064,5.766398494788807e-05,0.015622128657982423,0.165
hai/hai_03.wav,hai,train,128,20480,1.29246875,1.5503581630783596e-06,-58.09287924758021,6.225668966220336e-05,0.016539291853468252,0.1575
hai/hai_03.wav,hai,train,129,20640,1.30246875,1.4922614131902612e-06,-58.25864157199267,6.10790760651768e-05,0.01669831219555843,0.14
hai/hai_03.wav,hai,train,130,20800,1.31246875,1.217418113476052e-06,-59.14203653233879,5.516833587928976e-05,0.015237135200905381,0.1225
hai/hai_03.wav,hai,train,131,20960,1.32246875,1.4179295922080868e-06,-58.48039153854814,5.953842440407889e-05,0.01692911391969979,0.1
hai/hai_03.wav,hai,train,132,21120,1.33246875,2.145922682717138e-06,-56.68183595560923,7.324484082031201e-05,0.02065815347521525,0.1125
hai/hai_03.wav,hai,train,133,21280,1.34246875,2.5294893869376857e-06,-55.9679547981501,7.952184270591454e-05,0.021920754821666426,0.1025
hai/hai_03.wav,hai,train,134,21440,1.35246875,4.6474491155350006e-06,-53.32691918703813,0.00010778971559864838,0.02715918395895076,0.0775
hai/hai_03.wav,hai,train,135,21600,1.36246875,8.284227973344804e-06,-50.81695537189903,0.0001439116740690692,0.03764155260486725,0.0675
hai/hai_03.wav,hai,train,136,21760,1.37246875,1.3150961529117482e-05,-48.81009470159593,0.00018132127239459166,0.05202899373667644,0.04
hai/hai_03.wav,hai,train,137,21920,1.38246875,1.3864456473697587e-05,-48.580658281600684,0.000186175028358381,0.05231708401672169,0.035
hai/hai_03.wav,hai,train,138,22080,1.39246875,1.6715548985520846e-05,-47.768533746983486,0.000204423267911953,0.05831208735169692,0.03
hai/hai_03.wav,hai,train,139,22240,1.40246875,8.43401098189189e-06,-50.73914347648425,0.00014520684369109373,0.04325142932837783,0.06
hai/hai_03.wav,hai,train,140,22400,1.41246875,2.3182508376591887e-06,-56.34652277873446,7.612901611178205e-05,0.021812616423784868,0.0875
hai/hai_03.wav,hai,train,141,22560,1.42246875,1.8175481315929101e-06,-57.402751999661135,6.740823635863999e-05,0.017871689079977035,0.1225
hai/hai_03.wav,hai,train,142,22720,1.43246875,1.3629652283339847e-06,-58.6519670103963,5.837305089538289e-05,0.01589615931969947,0.1775
hai/hai_03.wav,hai,train,143,22880,1.44246875,1.371629385423446e-06,-58.62446707914643,5.855829115982309e-05,0.015814245899328797,0.1725
hai/hai_03.wav,hai,train,144,23040,1.45246875,1.90665696696331e-06,-57.19499717026381,6.904087497568578e-05,0.018441842100876536,0.1725
hai/hai_03.wav,hai,train,145,23200,1.46246875,1.9131953876230085e-06,-57.18013734565645,6.915915318349062e-05,0.01696682977930381,0.195
hai/hai_03.wav,hai,train,146,23360,1.47246875,1.450818834333064e-06,-58.38087573827566,6.022497061711745e-05,0.016258899777772687,0.19
hai/hai_03.wav,hai,train,147,23520,1.48246875,1.675553183608725e-06,-57.75582665330034,6.472158031925529e-05,0.016886689816044433,0.155
hai/hai_03.wav,hai,train,148,23680,1.49246875,1.0653646993625197e-06,-59.72094240118782,5.160825271607536e-05,0.014402915024268702,0.145
hai/hai_03.wav,hai,train,149,23840,1.50246875,1.903501093977358e-06,-57.202187735369314,6.898371354851372e-05,0.016434457263758546,0.1475
hai/hai_03.wav,hai,train,150,24000,1.51246875,1.0191492798322504e-06,-59.913362726853954,5.047646183698523e-05,0.014449528529041909,0.1575
hai/hai_03.wav,hai,train,151,24160,1.52246875,1.4607385964828046e-06,-58.35130285555608,6.043050960571995e-05,0.014924651580145238,0.175
hai/hai_03.wav,hai,train,152,24320,1.53246875,1.0571189120305216e-06,-59.75465523286889,5.140814410262545e-05,0.012970197446625583,0.1775
hai/hai_03.wav,hai,train,153,24480,1.54246875,8.812539808631391e-07,-60.54406373361313,4.6937564403767776e-05,0.012517052061246883,0.2025
hai/hai_03.wav,hai,train,154,24640,1.55246875,9.157823241626907e-07,-60.37733768623423,4.7848258175264086e-05,0.012847341622040053,0.2075
hai/hai_03.wav,hai,train,155,24800,1.56246875,1.419534297632296e-06,-58.4754827613138,5.957210541923745e-05,0.0158987361601587,0.16
hai/hai_03.wav,hai,train,156,24960,1.57246875,1.8353213928546468e-06,-57.36051306289451,6.773701707439307e-05,0.01740502068391886,0.14
hai/hai_03.wav,hai,train,157,25120,1.58246875,1.8002923013729245e-06,-57.444158071288925,6.708748581838726e-05,0.01747524179022901,0.1525
hai/hai_03.wav,hai,train,158,25280,1.59246875,4.169066004210246e-06,-53.79857070916547,0.00010209145415031375,0.027293109206716244,0.1175
hai/hai_03.wav,hai,train,159,25440,1.60246875,9.363476879438819e-06,-50.285164782693734,0.00015299899410975567,0.04759987081740362,0.0375
hai/hai_03.wav,hai,train,160,25600,1.61246875,6.504685830101166e-05,-41.867669980011584,0.0004032581626607565,0.11732046655898333,0.015
hai/hai_03.wav,hai,train,161,25760,1.62246875,0.00022925805320557393,-36.3967350547433,0.000757063493383438,0.22720166058540925,0.01
hai/hai_03.wav,hai,train,162,25920,1.63246875,0.0003243218325986898,-34.890224755559494,0.0009004468787756025,0.266787749246335,0.01
hai/hai_03.wav,hai,train,163,26080,1.64246875,0.00015601958045852155,-38.068181106837,0.0006245389908935261,0.18736327495724336,0.0075
hai/hai_03.wav,hai,train,164,26240,1.65246875,3.079448043741155e-05,-45.11513016133261,0.00027746387349262045,0.07931304593374187,0.0175
hai/hai_03.wav,hai,train,165,26400,1.66246875,4.5624225137236715e-06,-53.407093193308214,0.0001067991399043512,0.032751580066978314,0.0325
hai/hai_03.wav,hai,train,166,26560,1.67246875,5.864017638862444e-06,-52.31730677419022,0.00012107866904271829,0.03219058822969178,0.0725
hai/hai_03.wav,hai,train,167,26720,1.68246875,3.0490887361596902e-06,-55.15687525550294,8.730820030443432e-05,0.02415455329427637,0.1025
hai/hai_03.wav,hai,train,168,26880,1.69246875,1.7454318771153144e-06,-57.57848350175158,6.605739695740581e-05,0.017854901718933266,0.1625
hai/hai_03.wav,hai,train,169,27040,1.70246875,1.850733124707692e-06,-57.32421604489098,6.802082630907412e-05,0.017306454512667165,0.1525
hai/hai_03.wav,hai,train,170,27200,1.71246875,1.9422184750959176e-06,-57.114783691405194,6.968174931601383e-05,0.019097482281288502,0.1325
hai/hai_03.wav,hai,train,171,27360,1.72246875,2.342758468404746e-06,-56.30087145744288,7.653036110598111e-05,0.019556156407161428,0.1625
hai/hai_03.wav,hai,train,172,27520,1.73246875,1.148114439056182e-06,-59.3963671824319,5.3575051074548265e-05,0.014968440128092165,0.155
hai/hai_03.wav,hai,train,173,27680,1.74246875,2.4618038505054136e-06,-56.08570176076192,7.845068276480157e-05,0.02139997470503117,0.13
hai/hai_03.wav,hai,train,174,27840,1.75246875,2.4241594650364362e-06,-56.15259699326284,7.784856236688698e-05,0.01912813605516434,0.1425
hai/hai_03.wav,hai,train,175,28000,1.76246875,1.2407276640376252e-06,-59.05973643269483,5.5693977772233713e-05,0.015447509412027861,0.1575
hai/hai_03.wav,hai,train,176,28160,1.77246875,2.015121025986663e-06,-56.95483401125049,7.097747928016785e-05,0.020127995336746494,0.1275
hai/hai_03.wav,hai,train,177,28320,1.78246875,7.544416697496319e-06,-51.223167712063315,0.00013733550794947676,0.03400301362494941,0.115
hai/hai_03.wav,hai,train,178,28480,1.79246875,4.26166891972575e-06,-53.703183975710125,0.00010321905007950023,0.029159640214319216,0.1025
hai/hai_03.wav,hai,train,179,28640,1.80246875,2.3200360981222464e-06,-56.34318105087647,7.615832354579253e-05,0.020923150654275288,0.135
hai/hai_04.wav,hai,test,0,0,0.01246875,0.0,-90.0,0.0,0.0,0.0
hai/hai_04.wav,hai,test,1,160,0.02246875,0.0,-90.0,0.0,0.0,0.0
hai/hai_04.wav,hai,test,2,320,0.03246875,0.0,-90.0,0.0,0.0,0.0
hai/hai_04.wav,hai,test,3,480,0.04246875,0.0,-90.0,0.0,0.0,0.0
hai/hai_04.wav,hai,test,4,640,0.05246875,0.0,-90.0,0.0,0.0,0.0
hai/hai_04.wav,hai,test,5,800,0.06246875,0.0,-90.0,0.0,0.0,0.0
hai/hai_04.wav,hai,test,6,960,0.07246875,0.0,-90.0,0.0,0.0,0.0
hai/hai_04.wav,hai,test,7,1120,0.08246875,0.0,-90.0,0.0,0.0,0.0
hai/hai_04.wav,hai,test,8,1280,0.09246875,0.0,-90.0,0.0,0.0,0.0
hai/hai_04.wav,hai,test,9,1440,0.10246875,0.0,-90.0,0.0,0.0,0.0
hai/hai_04.wav,hai,test,10,1600,0.11246875,0.0,-90.0,0.0,0.0,0.0
hai/hai_04.wav,hai,test,11,1760,0.12246875,0.0,-90.0,0.0,0.0,0.0
hai/hai_04.wav,hai,test,12,1920,0.13246875,0.0,-90.0,0.0,0.0,0.0
hai/hai_04.wav,hai,test,13,2080,0.14246875,0.0,-90.0,0.0,0.0,0.0
hai/hai_04.wav,hai,test,14,2240,0.15246875,0.0,-90.0,0.0,0.0,0.0
hai/hai_04.wav,hai,test,15,2400,0.16246875,0.0,-90.0,0.0,0.0,0.0
hai/hai_04.wav,hai,test,16,2560,0.17246875,0.0,-90.0,0.0,0.0,0.0
hai/hai_04.wav,hai,test,17,2720,0.18246875,0.0,-90.0,0.0,0.0,0.0
hai/hai_04.wav,hai,test,18,2880,0.19246875,0.0,-90.0,0.0,0.0,0.0
hai/hai_04.wav,hai,test,19,3040,0.20246875,0.0,-90.0,0.0,0.0,0.0
hai/hai_04.wav,hai,test,20,3200,0.21246875,0.0,-90.0,0.0,0.0,0.0
hai/hai_04.wav,hai,test,21,3360,0.22246875,0.0,-90.0,0.0,0.0,0.0
hai/hai_04.wav,hai,test,22,3520,0.23246875,0.0,-90.0,0.0,0.0,0.0
hai/hai_04.wav,hai,test,23,3680,0.24246875,0.0,-90.0,0.0,0.0,0.0
hai/hai_04.wav,hai,test,24,3840,0.25246875,0.0,-90.0,0.0,0.0,0.0
hai/hai_04.wav,hai,test,25,4000,0.26246875,0.0,-90.0,0.0,0.0,0.0
hai/hai_04.wav,hai,test,26,4160,0.27246875,0.0,-90.0,0.0,0.0,0.0
hai/hai_04.wav,hai,test,27,4320,0.28246875,0.0,-90.0,0.0,0.0,0.0
hai/hai_04.wav,hai,test,28,4480,0.29246875,0.0,-90.0,0.0,0.0,0.0
hai/hai_04.wav,hai,test,29,4640,0.30246875,0.0,-90.0,0.0,0.0,0.0
hai/hai_04.wav,hai,test,30,4800,0.31246875,0.0,-90.0,0.0,0.0,0.0
hai/hai_04.wav,hai,test,31,4960,0.32246875,4.918984474543258e-09,-82.27752799178178,3.5067736149284208e-06,0.000431811376883342,0.095
hai/hai_04.wav,hai,test,32,5120,0.33246875,5.791635929656486e-08,-72.29764097984598,1.2032908968383835e-05,0.0024488489099488133,0.245
hai/hai_04.wav,hai,test,33,5280,0.34246875,4.1208142887884736e-07,-63.83964329392175,3.2096784452607065e-05,0.006395522791160334,0.315
hai/hai_04.wav,hai,test,34,5440,0.35246875,1.5637661317818087e-06,-58.05550562441093,6.252531750782655e-05,0.013553761358674369,0.2475
hai/hai_04.wav,hai,test,35,5600,0.36246875,1.6581638842933948e-06,-57.80110714319786,6.438485622204563e-05,0.016911245812483364,0.19
hai/hai_04.wav,hai,test,36,5760,0.37246875,1.852463293621174e-06,-57.320160104089666,6.80526137194813e-05,0.01779526865636885,0.1675
hai/hai_04.wav,hai,test,37,5920,0.38246875,1.561703008777601e-06,-58.0612355167035,6.248405814240943e-05,0.015736200761789373,0.185
hai/hai_04.wav,hai,test,38,6080,0.39246875,1.4769548762102041e-06,-58.303388252863,6.0765016173169166e-05,0.016015303384098945,0.17
hai/hai_04.wav,hai,test,39,6240,0.40246875,1.9456963790755417e-06,-57.107017789240054,6.97441104874731e-05,0.01773257363733619,0.1725
hai/hai_04.wav,hai,test,40,6400,0.41246875,1.365363450402661e-06,-58.64433763678445,5.8424383830782955e-05,0.015185310340774694,0.1725
hai/hai_04.wav,hai,test,41,6560,0.42246875,2.113000272643535e-06,-56.74894961017441,7.268081371042042e-05,0.01910914691937661,0.1425
hai/hai_04.wav,hai,test,42,6720,0.43246875,2.673702835811536e-06,-55.72724461843209,8.175730603150302e-05,0.022235293805000438,0.105
hai/hai_04.wav,hai,test,43,6880,0.44246875,3.3650865751202214e-06,-54.72874718243303,9.172086151907075e-05,0.02407134289839335,0.1225
hai/hai_04.wav,hai,test,44,7040,0.45246875,3.071064181846773e-06,-55.12569715225578,8.762226004056808e-05,0.023457449350456308,0.115
hai/hai_04.wav,hai,test,45,7200,0.46246875,2.2371814864707503e-06,-56.50104700927805,7.47860529522509e-05,0.019533387813111217,0.155
hai/hai_04.wav,hai,test,46,7360,0.47246875,1.3673129481592998e-06,-58.638145633503484,5.846607880128656e-05,0.015997860903361416,0.1575
hai/hai_04.wav,hai,test,47,7520,0.48246875,2.0149998047007926e-06,-56.95509514298622,7.097534439333128e-05,0.017756143285496843,0.1575
hai/hai_04.wav,hai,test,48,7680,0.49246875,1.3213467911876063e-06,-58.78654634299376,5.747492477567079e-05,0.015417203992533558,0.165
hai/hai_04.wav,hai,test,49,7840,0.50246875,1.3942611492618439e-06,-58.55344498434273,5.903941796083875e-05,0.01480521020337764,0.16
hai/hai_04.wav,hai,test,50,8000,0.51246875,1.6223939755315926e-06,-57.895760700470206,6.368661506807362e-05,0.01802156830708273,0.13
hai/hai_04.wav,hai,test,51,8160,0.52246875,2.901316417569274e-06,-55.37255241480228,8.516625531231948e-05,0.01983488115512711,0.1775
hai/hai_04.wav,hai,test,52,8320,0.53246875,1.0818401476842421e-06,-59.65435650579317,5.2005772460474086e-05,0.013636893081818917,0.2175
hai/hai_04.wav,hai,test,53,8480,0.54246875,2.0139276823648825e-06,-56.95740536477455,7.09564599308069e-05,0.018418355444465597,0.1925
hai/hai_04.wav,hai,test,54,8640,0.55246875,1.725796023770004e-06,-57.62758960048625,6.568477798870154e-05,0.019370669191328356,0.1125
hai/hai_04.wav,hai,test,55,8800,0.56246875,4.528752817709573e-06,-53.43925496184446,0.00010640433282660031,0.0276374384751856,0.1025
hai/hai_04.wav,hai,test,56,8960,0.57246875,3.9668423645985954e-06,-54.01445589931384,9.958466705018644e-05,0.028477228949676858,0.075
hai/hai_04.wav,hai,test,57,9120,0.58246875,3.762894310884404e-06,-54.24362579943008,9.699090564177143e-05,0.027297728786324648,0.1125
hai/hai_04.wav,hai,test,58,9280,0.59246875,1.3929140801043842e-06,-58.55763995023195,5.901089052252101e-05,0.015275528240242506,0.1825
hai/hai_04.wav,hai,test,59,9440,0.60246875,6.341903176147062e-07,-61.97096130603872,3.981803352799791e-05,0.01009598241891049,0.2475
hai/hai_04.wav,hai,test,60,9600,0.61246875,6.379949759500907e-07,-61.945025564358566,3.9937293847671084e-05,0.010532408648422465,0.2275
hai/hai_04.wav,hai,test,61,9760,0.62246875,1.911328528509288e-06,-57.184374960231324,6.912540286517845e-05,0.016316512214162304,0.15
hai/hai_04.wav,hai,test,62,9920,0.63246875,8.768702704614888e-07,-60.56569658337025,4.682067573362993e-05,0.0135593508301513,0.17
hai/hai_04.wav,hai,test,63,10080,0.64246875,1.3658855045960343e-06,-58.64267862026655,5.84355522048871e-05,0.014752758650779086,0.165
hai/hai_04.wav,hai,test,64,10240,0.65246875,2.715436699048213e-06,-55.660004108490604,8.239291078497307e-05,0.02183914016911866,0.145
hai/hai_04.wav,hai,test,65,10400,0.66246875,2.5188767115399755e-06,-55.98620707158017,7.935484722970576e-05,0.02221840913117923,0.1125
hai/hai_04.wav,hai,test,66,10560,0.67246875,2.546979628634544e-06,-55.93804048552925,7.979629735511767e-05,0.02278002031189095,0.1025
hai/hai_04.wav,hai,test,67,10720,0.68246875,2.2734841396861836e-06,-56.43117087223029,7.539038631825319e-05,0.020159241318541594,0.12
hai/hai_04.wav,hai,test,68,10880,0.69246875,2.265941793623616e-06,-56.445596307480315,7.5265227589233e-05,0.01816776957339774,0.1375
hai/hai_04.wav,hai,test,69,11040,0.70246875,1.7120171383289482e-06,-57.662382919997796,6.542203639311735e-05,0.016780195792168617,0.13
hai/hai_04.wav,hai,test,70,11200,0.71246875,9.872170086657943e-07,-60.051476755365336,4.967939735609205e-05,0.013789071191986343,0.1375
hai/hai_04.wav,hai,test,71,11360,0.72246875,1.5007493064086409e-06,-58.23402559961909,6.125253681294842e-05,0.015983463302143657,0.1475
hai/hai_04.wav,hai,test,72,11520,0.73246875,2.52175414196078e-06,-55.98125072111252,7.940015966546887e-05,0.02116714724791475,0.13
hai/hai_04.wav,hai,test,73,11680,0.74246875,2.8694739512140286e-06,-55.4204638988514,8.469760845522778e-05,0.022233042688896126,0.1425
hai/hai_04.wav,hai,test,74,11840,0.75246875,1.721783429143197e-06,-57.63769314217471,6.560837273441548e-05,0.017455343973307388,0.1325
hai/hai_04.wav,hai,test,75,12000,0.76246875,1.4138289591364604e-06,-58.49296059498754,5.945226991327708e-05,0.016554030309332838,0.13
hai/hai_04.wav,hai,test,76,12160,0.77246875,9.057480335766999e-07,-60.42513377581236,4.758539780165497e-05,0.01355220246231003,0.135
hai/hai_04.wav,hai,test,77,12320,0.78246875,7.412065579009607e-07,-61.29475212682443,4.304667693042521e-05,0.012103248928119028,0.1625
hai/hai_04.wav,hai,test,78,12480,0.79246875,1.766222823898303e-06,-57.527086881342,6.644965808599588e-05,0.01660422556045179,0.185
hai/hai_04.wav,hai,test,79,12640,0.80246875,1.1784190918407119e-06,-59.283318463615345,5.427750666345848e-05,0.015016284346097877,0.21
hai/hai_04.wav,hai,test,80,12800,0.81246875,7.250727442344114e-07,-61.390198657503994,4.2575601705507676e-05,0.011048214649618218,0.24
hai/hai_04.wav,hai,test,81,12960,0.82246875,1.3763622182282307e-06,-58.609518341139044,5.865923239840918e-05,0.015076846200683787,0.21
hai/hai_04.wav,hai,test,82,13120,0.83246875,3.8199675499373e-06,-54.17826650598168,9.772368635516801e-05,0.025188044571077907,0.1275
hai/hai_04.wav,hai,test,83,13280,0.84246875,4.5051463797508245e-06,-53.46194704559484,0.00010612665051426555,0.029625760525208898,0.0875
hai/hai_04.wav,hai,test,84,13440,0.85246875,2.298580059774714e-06,-56.383514658841925,7.580534380528055e-05,0.021034217869878424,0.1575
hai/hai_04.wav,hai,test,85,13600,0.86246875,1.8848581070663717e-06,-57.24490986909572,6.864506732217494e-05,0.018364387997896796,0.3075
hai/hai_04.wav,hai,test,86,13760,0.87246875,2.643745016693966e-06,-55.77616192506227,8.129798608658713e-05,0.022871806709795155,0.405
hai/hai_04.wav,hai,test,87,13920,0.88246875,3.13309065964808e-06,-55.03888444875911,8.850269289191262e-05,0.024470354567583327,0.4975
hai/hai_04.wav,hai,test,88,14080,0.89246875,4.750447522857725e-06,-53.23174062918103,0.0001089776069068518,0.0278569518049636,0.49
hai/hai_04.wav,hai,test,89,14240,0.90246875,5.251250636494966e-06,-52.796545576302485,0.00011457803712421249,0.02995849643899871,0.5275
hai/hai_04.wav,hai,test,90,14400,0.91246875,4.254575060779373e-06,-53.7104174489825,0.00010313310647870757,0.027191273812882305,0.5275
hai/hai_04.wav,hai,test,91,14560,0.92246875,1.7362234811410676e-06,-57.601443091388006,6.588291662375512e-05,0.017530087086950884,0.45
hai/hai_04.wav,hai,test,92,14720,0.93246875,1.147598946687109e-06,-59.39831586320729,5.3563022382215996e-05,0.014075090571033072,0.35
hai/hai_04.wav,hai,test,93,14880,0.94246875,1.4811506171156422e-06,-58.29107660824655,6.08512657451684e-05,0.0153255645287407,0.27
hai/hai_04.wav,hai,test,94,15040,0.95246875,1.6299572909352535e-06,-57.875574114637104,6.383489036050845e-05,0.01703184566809105,0.275
hai/hai_04.wav,hai,test,95,15200,0.96246875,4.023646985831099e-06,-53.95272206930679,0.00010029515175011077,0.025329427775323543,0.275
hai/hai_04.wav,hai,test,96,15360,0.97246875,4.061690480521057e-06,-53.91186263502327,0.00010076818050010947,0.025607960586739146,0.265
hai/hai_04.wav,hai,test,97,15520,0.98246875,4.312906693691089e-06,-53.65129252569894,0.00010383769418774535,0.02588397929725446,0.2725
hai/hai_04.wav,hai,test,98,15680,0.99246875,2.7545719787979817e-06,-55.59788240205013,8.29845163087365e-05,0.022170859048177255,0.2425
hai/hai_04.wav,hai,test,99,15840,1.00246875,1.7264835399959731e-06,-57.62586082027846,6.56978603151574e-05,0.01772317967408489,0.225
hai/hai_04.wav,hai,test,100,16000,1.01246875,1.9895262026290204e-06,-57.010321011332394,7.052528274720032e-05,0.018352383160601116,0.1775
hai/hai_04.wav,hai,test,101,16160,1.02246875,1.4488622752787038e-06,-58.38673250128653,6.0184347534859586e-05,0.01668221106997621,0.1525
hai/hai_04.wav,hai,test,102,16320,1.03246875,1.400194739361751e-06,-58.535015018642305,5.9164912307924347e-05,0.015530980115455947,0.145
hai/hai_04.wav,hai,test,103,16480,1.04246875,1.1104368599108022e-06,-59.541152042841155,5.2688633971445925e-05,0.01431781632622287,0.1875
hai/hai_04.wav,hai,test,104,16640,1.05246875,1.5167056487108431e-06,-58.18812449478949,6.157730200144456e-05,0.01635232892888471,0.18
hai/hai_04.wav,hai,test,105,16800,1.06246875,1.6435737626124403e-06,-57.83946642718188,6.410097040241358e-05,0.017185550104450997,0.17
hai/hai_04.wav,hai,test,106,16960,1.07246875,2.7895721708068777e-06,-55.54306741117982,8.351006183099851e-05,0.022100696843176993,0.1725
hai/hai_04.wav,hai,test,107,17120,1.08246875,4.417841200824836e-06,-53.54691605327205,0.00010509330617152594,0.029601878898048453,0.135
hai/hai_04.wav,hai,test,108,17280,1.09246875,7.746067860844299e-06,-51.108626397914875,0.00013915879293853746,0.03888226119660461,0.14
hai/hai_04.wav,hai,test,109,17440,1.10246875,1.4881258457001381e-05,-48.273311574335395,0.00019288117104192273,0.05209708158684949,0.16
hai/hai_04.wav,hai,test,110,17600,1.11246875,1.359279317274184e-05,-48.66659342080393,0.00018434202703630716,0.055614246873810995,0.1375
hai/hai_04.wav,hai,test,111,17760,1.12246875,0.0001948012796668197,-37.10405965111781,0.0006978561450378218,0.18566493953161894,0.095
hai/hai_04.wav,hai,test,112,17920,1.13246875,0.0008493695287065523,-30.709028121493994,0.0014571972487506216,0.40223324890399736,0.0725
hai/hai_04.wav,hai,test,113,18080,1.14246875,0.0017488488925030085,-27.572474653385278,0.002090962034867568,0.5501870163369401,0.1
hai/hai_04.wav,hai,test,114,18240,1.15246875,0.003244918190362431,-24.88796114153804,0.002848209169970857,0.707162391577805,0.14
hai/hai_04.wav,hai,test,115,18400,1.16246875,0.0037153539743890853,-24.299996863304365,0.003047685176650094,0.7420695933291543,0.165
hai/hai_04.wav,hai,test,116,18560,1.17246875,0.003565089159501665,-24.47929482564165,0.0029854183791814108,0.7761187212885712,0.17
hai/hai_04.wav,hai,test,117,18720,1.18246875,0.0037638980307434042,-24.24362035345507,0.0030675307784696327,0.8065558851985664,0.17
hai/hai_04.wav,hai,test,118,18880,1.19246875,0.0043427162741769415,-23.622384437811426,0.0032949644437296065,0.8662188694628048,0.185
hai/hai_04.wav,hai,test,119,19040,1.20246875,0.0041611268296994925,-23.807889424910268,0.003225339838567206,0.8385779530599922,0.2
hai/hai_04.wav,hai,test,120,19200,1.21246875,0.004229888387932387,-23.736709893244125,0.0032518796056789936,0.8225099184845446,0.1975
hai/hai_04.wav,hai,test,121,19360,1.22246875,0.0038427947264100225,-24.153527009509045,0.003099513964482989,0.8028240926000862,0.1975
hai/hai_04.wav,hai,test,122,19520,1.23246875,0.004688703468467322,-23.28947140210329,0.0034237054007563656,0.9031171546178879,0.1975
hai/hai_04.wav,hai,test,123,19680,1.24246875,0.004583259483486143,-23.388254595071444,0.0033849887309583995,0.9062766099000626,0.2025
hai/hai_04.wav,hai,test,124,19840,1.25246875,0.004613386056828173,-23.359801071535102,0.0033960955731649296,0.9150053768626456,0.2025
hai/hai_04.wav,hai,test,125,20000,1.26246875,0.003705871099013832,-24.311095735899908,0.003043793315508558,0.8185882931426786,0.1925
hai/hai_04.wav,hai,test,126,20160,1.27246875,0.003555034973381916,-24.491560002894282,0.002981205701298518,0.703889641019993,0.175
hai/hai_04.wav,hai,test,127,20320,1.28246875,0.003746683320101897,-24.263528971953093,0.003060507850056056,0.7099034980409238,0.1825
hai/hai_04.wav,hai,test,128,20480,1.29246875,0.0033833381931445915,-24.706544602887096,0.0029083234831877762,0.7313960704555926,0.1925
hai/hai_04.wav,hai,test,129,20640,1.30246875,0.002691180100599536,-25.700570757982618,0.002593829264138031,0.6587897433732898,0.215
hai/hai_04.wav,hai,test,130,20800,1.31246875,0.0014498291681390731,-28.386828676683365,0.0019038311165509622,0.5056691907446653,0.2175
hai/hai_04.wav,hai,test,131,20960,1.32246875,0.0017601729758302338,-27.54444404339877,0.002097720772547096,0.5430049197964457,0.2175
hai/hai_04.wav,hai,test,132,21120,1.33246875,0.0015707049309536766,-28.039051163722508,0.001981605997009545,0.5084349732727508,0.2125
hai/hai_04.wav,hai,test,133,21280,1.34246875,0.000863541536396594,-30.63716265082818,0.001469303862715771,0.37666004067841374,0.2
hai/hai_04.wav,hai,test,134,21440,1.35246875,0.0007480444450990548,-31.26072017167328,0.0013675200593584128,0.3546809868405292,0.2
hai/hai_04.wav,hai,test,135,21600,1.36246875,0.0007924416787874176,-31.010321425949563,0.0014075170325678278,0.3685713497408577,0.21
hai/hai_04.wav,hai,test,136,21760,1.37246875,0.0008820995953072163,-30.544818848277814,0.0014850080768359615,0.4074570570493869,0.225
hai/hai_04.wav,hai,test,137,21920,1.38246875,0.0011503837697797736,-29.391568766520713,0.0016958653910170564,0.4519949789738859,0.23
hai/hai_04.wav,hai,test,138,22080,1.39246875,0.001202471862414808,-29.199247160655574,0.0017338338028879874,0.4650321601322419,0.2325
hai/hai_04.wav,hai,test,139,22240,1.40246875,0.0015870405246834907,-27.99411709851974,0.001991883859995037,0.5236327368863423,0.2225
hai/hai_04.wav,hai,test,140,22400,1.41246875,0.0019309806639548014,-27.14221850136223,0.002197146253640618,0.5834231988729434,0.195
hai/hai_04.wav,hai,test,141,22560,1.42246875,0.002490516822177713,-26.037103461035542,0.0024952539060072187,0.6359359658247647,0.205
hai/hai_04.wav,hai,test,142,22720,1.43246875,0.0015989457929253877,-27.961659877380463,0.0019993410120120753,0.5271755394011821,0.235
hai/hai_04.wav,hai,test,143,22880,1.44246875,0.0010101678012581893,-29.95606048663348,0.0015891568529083193,0.41879007749039204,0.255
hai/hai_04.wav,hai,test,144,23040,1.45246875,0.0008747815826484423,-30.580998725650982,0.0014788353378997628,0.3841313559518173,0.2325
hai/hai_04.wav,hai,test,145,23200,1.46246875,0.0007978324370324783,-30.980877664538614,0.001412296389778433,0.3825600653064895,0.1725
hai/hai_04.wav,hai,test,146,23360,1.47246875,0.0009966190785583836,-30.0147036749682,0.0015784637139940718,0.4187332821864699,0.1125
hai/hai_04.wav,hai,test,147,23520,1.48246875,0.0009362481408775373,-30.28608567810305,0.0015299086090985446,0.4466840581403692,0.09
hai/hai_04.wav,hai,test,148,23680,1.49246875,0.0013327210810249995,-28.752604066711545,0.0018253226297185105,0.45982863545841135,0.1025
hai/hai_04.wav,hai,test,149,23840,1.50246875,0.000865328256001716,-30.62818612932002,0.0014708231164909972,0.4038384360311065,0.0925
hai/hai_04.wav,hai,test,150,24000,1.51246875,0.0008840140597423541,-30.535403364492648,0.0014866186966925599,0.42486024165095315,0.0425
hai/hai_04.wav,hai,test,151,24160,1.52246875,0.0005826495243551625,-32.345918583673715,0.0012069067117585792,0.34315391756910973,0.06
hai/hai_04.wav,hai,test,152,24320,1.53246875,0.00046381233933498575,-33.336567651498015,0.001076815141209235,0.3040568526784313,0.0875
hai/hai_04.wav,hai,test,153,24480,1.54246875,0.000405719726436471,-33.91772805588587,0.0010071242803602629,0.2934874025217066,0.0925
hai/hai_04.wav,hai,test,154,24640,1.55246875,0.00044290070531127133,-33.536926475412756,0.0010522603115570683,0.2985494609014878,0.1125
hai/hai_04.wav,hai,test,155,24800,1.56246875,0.0005820905790480451,-32.350086834834066,0.0012063276700880706,0.32978097336961293,0.0925
hai/hai_04.wav,hai,test,156,24960,1.57246875,0.00048365134812477806,-33.15466699392428,0.0010996037333112075,0.3060286408094654,0.065
hai/hai_04.wav,hai,test,157,25120,1.58246875,0.00035806206595224077,-34.4604047396263,0.0009461264000547717,0.2545305206788277,0.0575
hai/hai_04.wav,hai,test,158,25280,1.59246875,0.00013304982211154287,-38.75982437629665,0.000576736122744932,0.16497757536418417,0.07
hai/hai_04.wav,hai,test,159,25440,1.60246875,7.232969768319159e-05,-41.406773457904976,0.00042523434034421416,0.1189230995872606,0.0775
hai/hai_04.wav,hai,test,160,25600,1.61246875,2.1616500294019406e-05,-46.651945264455044,0.00023246774127832988,0.06588304900793461,0.1075
hai/hai_04.wav,hai,test,161,25760,1.62246875,6.420633664074162e-06,-51.92354473327141,0.0001266948466204739,0.036883265134364164,0.115
hai/hai_04.wav,hai,test,162,25920,1.63246875,8.483148256093588e-06,-50.71391751018184,0.00014562922316703461,0.03846442816195074,0.1025
hai/hai_04.wav,hai,test,163,26080,1.64246875,6.767431228557748e-06,-51.69511979428701,0.00013007143449425922,0.03595549630135536,0.1125
hai/hai_04.wav,hai,test,164,26240,1.65246875,4.0141864853965084e-06,-53.96294279103146,0.00010017717411412278,0.027449767645467534,0.105
hai/hai_04.wav,hai,test,165,26400,1.66246875,3.7464963307257417e-06,-54.2625878370886,9.677934090917521e-05,0.026911901256940658,0.1025
hai/hai_04.wav,hai,test,166,26560,1.67246875,3.6000452399817067e-06,-54.435714225467926,9.486892589227659e-05,0.0276568742885417,0.0925
hai/hai_04.wav,hai,test,167,26720,1.68246875,4.803621510791789e-06,-53.18340818661171,0.00010958582835832136,0.030274293104437633,0.0975
hai/hai_04.wav,hai,test,168,26880,1.69246875,4.113823498247843e-06,-53.85648788733845,0.000101412813517916,0.02735848239697116,0.105
hai/hai_04.wav,hai,test,169,27040,1.70246875,2.9819186759578395e-06,-55.253585867533246,8.634116451551137e-05,0.023007888654509288,0.1325
hai/hai_04.wav,hai,test,170,27200,1.71246875,3.1765779830260946e-06,-54.979037823373446,8.911478529158468e-05,0.023885379174905418,0.12
hai/hai_04.wav,hai,test,171,27360,1.72246875,2.4480150747108643e-06,-56.11008541603095,7.823066973238283e-05,0.022594939261285987,0.12
hai/hai_04.wav,hai,test,172,27520,1.73246875,3.4613364020137964e-06,-54.60630738181996,9.302333580900274e-05,0.02486299670706714,0.1125
hai/hai_04.wav,hai,test,173,27680,1.74246875,4.911787592844915e-06,-53.08672012427263,0.00011081276542940478,0.028338328796729782,0.12
hai/hai_04.wav,hai,test,174,27840,1.75246875,8.955616373074703e-06,-50.47856026949403,0.00014962967931759648,0.04055768055084379,0.0825
hai/hai_04.wav,hai,test,175,28000,1.76246875,1.551702874703072e-05,-48.0916344793995,0.00019695829981896372,0.056995107661231705,0.0475
hai/hai_04.wav,hai,test,176,28160,1.77246875,2.369738244142178e-05,-46.252812962151694,0.00024339978657253266,0.06616658836649705,0.0225
hai/hai_04.wav,hai,test,177,28320,1.78246875,7.382550820133547e-06,-51.317347315746446,0.00013585424929067868,0.040391654318876036,0.0475
hai/hai_04.wav,hai,test,178,28480,1.79246875,2.6390187750100963e-06,-55.783929845489986,8.122528508737437e-05,0.023043079372237332,0.085
hai/hai_04.wav,hai,test,179,28640,1.80246875,1.6311327798549378e-06,-57.87244512731304,6.385790436302576e-05,0.01754536543754919,0.135
hai/hai_04.wav,hai,test,180,28800,1.81246875,1.2721724746724846e-06,-58.951127591706324,5.639531174380732e-05,0.014557747091138027,0.14
hai/hai_04.wav,hai,test,181,28960,1.82246875,2.683566911487487e-06,-55.71125766993109,8.190798055573534e-05,0.021950816372192768,0.1275
hai/hai_04.wav,hai,test,182,29120,1.83246875,3.892910599968028e-06,-54.09614023639374,9.865230103712771e-05,0.026158878398572293,0.1
hai/hai_04.wav,hai,test,183,29280,1.84246875,2.493781663133411e-06,-56.02967456712152,7.895855975024828e-05,0.021744302077154568,0.08
hai/hai_04.wav,hai,test,184,29440,1.85246875,2.696793726588851e-06,-55.68991259567344,8.210958723847129e-05,0.022823824553383137,0.075
hai/hai_04.wav,hai,test,185,29600,1.86246875,2.7810131991166308e-06,-55.55640813851549,8.338185052990595e-05,0.023270869734332282,0.09
hai/hai_04.wav,hai,test,186,29760,1.87246875,2.2084940360913356e-06,-56.55707166356098,7.430501389696619e-05,0.01894556035380244,0.12
hai/hai_04.wav,hai,test,187,29920,1.88246875,2.7404891590552266e-06,-55.620134671512105,8.277211425134715e-05,0.023225473499878815,0.095
hai/hai_04.wav,hai,test,188,30080,1.89246875,2.5503646445126924e-06,-55.93227466994897,7.984930564057355e-05,0.022436825771753828,0.14
hai/hai_04.wav,hai,test,189,30240,1.90246875,9.547175794451587e-07,-60.19670425515979,4.885482523367468e-05,0.013678417329286076,0.1775
hai/hai_04.wav,hai,test,190,30400,1.91246875,1.722160657507078e-06,-57.636742295652624,6.561555946395409e-05,0.01752727886160425,0.1675
hai/hai_04.wav,hai,test,191,30560,1.92246875,1.2225641993806886e-06,-59.123732386495,5.5284812547857315e-05,0.015706217490854713,0.1325
hai/hai_04.wav,hai,test,192,30720,1.93246875,9.466193367912059e-07,-60.23366085796428,4.864718226144259e-05,0.013322709294449472,0.1425
hai/hai_04.wav,hai,test,193,30880,1.94246875,1.0183950389107788e-06,-59.91657484322861,5.0457780344332895e-05,0.013854418813947951,0.14
hai/hai_04.wav,hai,test,194,31040,1.95246875,1.168425358276414e-06,-59.320274929853845,5.404686295883448e-05,0.014342501683813163,0.155
hai/hai_04.wav,hai,test,195,31200,1.96246875,1.0604316696161877e-06,-59.74107958600014,5.148863150289071e-05,0.01358727618326713,0.15
hai/hai_04.wav,hai,test,196,31360,1.97246875,1.005589659102746e-06,-59.97147535510193,5.013954674462928e-05,0.013292171102399431,0.1625
hai/hai_04.wav,hai,test,197,31520,1.98246875,8.239818862217381e-07,-60.835555869656005,4.538672400112554e-05,0.012281632455835897,0.165
hai/hai_04.wav,hai,test,198,31680,1.99246875,1.228793499107048e-06,-59.101678070381574,5.542547922902986e-05,0.013125480210346837,0.1775
hai/hai_04.wav,hai,test,199,31840,2.00246875,1.2328678944097e-06,-59.08731336088942,5.5517292225254015e-05,0.015211085344816109,0.1275
hai/hai_04.wav,hai,test,200,32000,2.01246875,0.00021136232859791126,-36.74970360307129,0.0007269152780721961,0.15680434496978757,0.065
hai/hai_04.wav,hai,test,201,32160,2.02246875,0.0026504151523540583,-25.766859304098038,0.002574109143157132,0.7259333444051405,0.03
hai/hai_04.wav,hai,test,202,32320,2.03246875,0.010551878851588791,-19.766701625042487,0.0051361169310065345,1.5679871793904263,0.0125
hai/hai_04.wav,hai,test,203,32480,2.04246875,0.02076825019358633,-16.82600072022989,0.007205596816639536,2.1476714430261876,0.01
hai/hai_04.wav,hai,test,204,32640,2.05246875,0.018250310457522227,-17.387297195292028,0.006754685495550889,2.0841897014750685,0.01
hai/hai_04.wav,hai,test,205,32800,2.06246875,0.011004331103511952,-19.584363113624846,0.005245076525540869,1.5633685496373482,0.01
hai/hai_04.wav,hai,test,206,32960,2.07246875,0.0030242972130226538,-25.19375387150779,0.0027496805328177006,0.8049984860399004,0.01
hai/hai_04.wav,hai,test,207,33120,2.08246875,0.0004062181689644252,-33.912395866450275,0.0010077427362234189,0.32773742838572506,0.01
hai/hai_04.wav,hai,test,208,33280,2.09246875,0.00026913515545382884,-35.700279556760854,0.0008202669618085152,0.24086093781546009,0.0225
hai/hai_04.wav,hai,test,209,33440,2.10246875,0.00022558104491950261,-36.46695470746782,0.0007509677837955211,0.2356894210408007,0.02
hai/hai_04.wav,hai,test,210,33600,2.11246875,0.00029304323200673863,-35.33066822421922,0.000855925277122277,0.2539242911017756,0.015
hai/hai_04.wav,hai,test,211,33760,2.12246875,0.00014044286157736531,-38.52497237888792,0.0005925429553571735,0.18128517890200363,0.01
hai/hai_04.wav,hai,test,212,33920,2.13246875,5.428080080973959e-05,-42.65345752965877,0.0003683775264919794,0.1060365660561774,0.0225
hai/hai_04.wav,hai,test,213,34080,2.14246875,1.0935950624422492e-05,-49.61103748531829,0.000165347744348256,0.052961486937086084,0.03
hai/hai_04.wav,hai,test,214,34240,2.15246875,1.0724090145642283e-05,-49.69599048831771,0.00016373828313533066,0.04738535670917687,0.0375
hai/hai_04.wav,hai,test,215,34400,2.16246875,3.5517196555964476e-06,-54.49439061250071,9.423003310511527e-05,0.02779571395121121,0.0625
hai/hai_04.wav,hai,test,216,34560,2.17246875,2.7308841838833142e-06,-55.63537716178849,8.262693543698862e-05,0.021482062754827475,0.1075
hai/hai_04.wav,hai,test,217,34720,2.18246875,1.277733140030561e-06,-58.93220079371641,5.651842929590668e-05,0.015873447095583172,0.1575
hai/hai_04.wav,hai,test,218,34880,2.19246875,1.271837431307112e-06,-58.95227061542574,5.638788503098675e-05,0.01441484821420317,0.1575
hai/hai_04.wav,hai,test,219,35040,2.20246875,1.7543867040929686e-06,-57.55627195463833,6.622663180498025e-05,0.01775172238600939,0.14
hai/hai_04.wav,hai,test,220,35200,2.21246875,1.3409423129657354e-06,-58.7226615309336,5.7899531797885367e-05,0.016071240295267908,0.1325
hai/hai_04.wav,hai,test,221,35360,2.22246875,1.452958222982956e-06,-58.37448072011115,6.02693583627484e-05,0.01629014725208803,0.1375
hai/hai_04.wav,hai,test,222,35520,2.23246875,2.4097948503345894e-06,-56.178397448935485,7.761756969808107e-05,0.01996115505493616,0.12
hai/hai_04.wav,hai,test,223,35680,2.24246875,2.490814054496121e-06,-56.03484368962816,7.891156528824088e-05,0.020832532445884393,0.0925
hai/hai_05.wav,hai,test,0,0,0.01246875,0.0,-90.0,0.0,0.0,0.0
hai/hai_05.wav,hai,test,1,160,0.02246875,0.0,-90.0,0.0,0.0,0.0
hai/hai_05.wav,hai,test,2,320,0.03246875,0.0,-90.0,0.0,0.0,0.0
hai/hai_05.wav,hai,test,3,480,0.04246875,0.0,-90.0,0.0,0.0,0.0
hai/hai_05.wav,hai,test,4,640,0.05246875,0.0,-90.0,0.0,0.0,0.0
hai/hai_05.wav,hai,test,5,800,0.06246875,0.0,-90.0,0.0,0.0,0.0
hai/hai_05.wav,hai,test,6,960,0.07246875,0.0,-90.0,0.0,0.0,0.0
hai/hai_05.wav,hai,test,7,1120,0.08246875,0.0,-90.0,0.0,0.0,0.0
hai/hai_05.wav,hai,test,8,1280,0.09246875,0.0,-90.0,0.0,0.0,0.0
hai/hai_05.wav,hai,test,9,1440,0.10246875,0.0,-90.0,0.0,0.0,0.0
hai/hai_05.wav,hai,test,10,1600,0.11246875,0.0,-90.0,0.0,0.0,0.0
hai/hai_05.wav,hai,test,11,1760,0.12246875,0.0,-90.0,0.0,0.0,0.0
hai/hai_05.wav,hai,test,12,1920,0.13246875,0.0,-90.0,0.0,0.0,0.0
hai/hai_05.wav,hai,test,13,2080,0.14246875,0.0,-90.0,0.0,0.0,0.0
hai/hai_05.wav,hai,test,14,2240,0.15246875,0.0,-90.0,0.0,0.0,0.0
hai/hai_05.wav,hai,test,15,2400,0.16246875,0.0,-90.0,0.0,0.0,0.0
hai/hai_05.wav,hai,test,16,2560,0.17246875,0.0,-90.0,0.0,0.0,0.0
hai/hai_05.wav,hai,test,17,2720,0.18246875,0.0,-90.0,0.0,0.0,0.0
hai/hai_05.wav,hai,test,18,2880,0.19246875,0.0,-90.0,0.0,0.0,0.0
hai/hai_05.wav,hai,test,19,3040,0.20246875,0.0,-90.0,0.0,0.0,0.0
hai/hai_05.wav,hai,test,20,3200,0.21246875,0.0,-90.0,0.0,0.0,0.0
hai/hai_05.wav,hai,test,21,3360,0.22246875,0.0,-90.0,0.0,0.0,0.0
hai/hai_05.wav,hai,test,22,3520,0.23246875,0.0,-90.0,0.0,0.0,0.0
hai/hai_05.wav,hai,test,23,3680,0.24246875,0.0,-90.0,0.0,0.0,0.0
hai/hai_05.wav,hai,test,24,3840,0.25246875,0.0,-90.0,0.0,0.0,0.0
hai/hai_05.wav,hai,test,25,4000,0.26246875,0.0,-90.0,0.0,0.0,0.0
hai/hai_05.wav,hai,test,26,4160,0.27246875,0.0,-90.0,0.0,0.0,0.0
hai/hai_05.wav,hai,test,27,4320,0.28246875,0.0,-90.0,0.0,0.0,0.0
hai/hai_05.wav,hai,test,28,4480,0.29246875,0.0,-90.0,0.0,0.0,0.0
hai/hai_05.wav,hai,test,29,4640,0.30246875,0.0,-90.0,0.0,0.0,0.0
hai/hai_05.wav,hai,test,30,4800,0.31246875,0.0,-90.0,0.0,0.0,0.0
hai/hai_05.wav,hai,test,31,4960,0.32246875,0.0,-90.0,0.0,0.0,0.0
hai/hai_05.wav,hai,test,32,5120,0.33246875,2.8366880532976484e-09,-84.16043510220209,2.6630283763497752e-06,0.00027609829975013044,0.075
hai/hai_05.wav,hai,test,33,5280,0.34246875,5.103932670057915e-08,-72.83668331098053,1.1295942490622369e-05,0.0021966053726056103,0.1925
hai/hai_05.wav,hai,test,34,5440,0.35246875,4.454477907069264e-07,-63.50229321845173,3.337093760695549e-05,0.007712543335701181,0.2375
hai/hai_05.wav,hai,test,35,5600,0.36246875,1.3035743474186985e-06,-58.84531165506954,5.7087090209142264e-05,0.014135288709537841,0.19
hai/hai_05.wav,hai,test,36,5760,0.37246875,1.3403578326509171e-06,-58.724553503994734,5.7886912006318773e-05,0.015094571795315898,0.17
hai/hai_05.wav,hai,test,37,5920,0.38246875,1.6110687350495488e-06,-57.92616444778864,6.346394123928856e-05,0.017614288060855205,0.14
hai/hai_05.wav,hai,test,38,6080,0.39246875,2.2041533701866954e-06,-56.56561199615915,7.423195690177337e-05,0.020112299649502684,0.145
hai/hai_05.wav,hai,test,39,6240,0.40246875,1.6134096910824085e-06,-57.9198624408847,6.351003249649635e-05,0.016347162372735098,0.1575
hai/hai_05.wav,hai,test,40,6400,0.41246875,9.763928022350093e-07,-60.0993086354923,4.9406295202003597e-05,0.013214802917550329,0.1575
hai/hai_05.wav,hai,test,41,6560,0.42246875,1.4710178455638773e-06,-58.320869249285884,6.064276225494427e-05,0.015503387880776473,0.1325
hai/hai_05.wav,hai,test,42,6720,0.43246875,1.0269986265782929e-06,-59.8800746556435,5.06704703594286e-05,0.014438280199800663,0.1425
hai/hai_05.wav,hai,test,43,6880,0.44246875,1.2569062720334054e-06,-59.00351717440163,5.6055915656454255e-05,0.014436998999090782,0.1525
hai/hai_05.wav,hai,test,44,7040,0.45246875,1.253007704774694e-06,-59.0169979513939,5.5968913353188617e-05,0.0142915231125773,0.1375
hai/hai_05.wav,hai,test,45,7200,0.46246875,1.9449869336286924e-06,-57.10860080137558,6.973139417845976e-05,0.017832424520521774,0.125
hai/hai_05.wav,hai,test,46,7360,0.47246875,1.6946215212543808e-06,-57.70671079894153,6.508881473138033e-05,0.018173415817743323,0.1025
hai/hai_05.wav,hai,test,47,7520,0.48246875,1.1063836533595202e-06,-59.557018916134616,5.259238664862815e-05,0.014839919870456002,0.12
hai/hai_05.wav,hai,test,48,7680,0.49246875,1.6106805017310527e-06,-57.92721048193301,6.345629404816856e-05,0.016532519445996333,0.135
hai/hai_05.wav,hai,test,49,7840,0.50246875,1.450744327245731e-06,-58.3810986231595,6.022342416464151e-05,0.016601746524517146,0.12
hai/hai_05.wav,hai,test,50,8000,0.51246875,1.2040320713069211e-06,-59.19001394411708,5.4864197599776326e-05,0.014859578125911498,0.1325
hai/hai_05.wav,hai,test,51,8160,0.52246875,2.1255085018825423e-06,-56.72332876616409,7.28956188992614e-05,0.01796110322995592,0.16
hai/hai_05.wav,hai,test,52,8320,0.53246875,2.679275620697224e-06,-55.7182054388423,8.18424648440103e-05,0.019642487360623233,0.1475
hai/hai_05.wav,hai,test,53,8480,0.54246875,1.2385702546879807e-06,-59.067288538427796,5.5645535640516134e-05,0.01543267805842572,0.145
hai/hai_05.wav,hai,test,54,8640,0.55246875,1.5308513661810423e-06,-58.147833717653896,6.186378921026908e-05,0.015626452940210915,0.14
hai/hai_05.wav,hai,test,55,8800,0.56246875,1.3510080229970534e-06,-58.69020731224997,5.811643534743536e-05,0.01552738729964111,0.145
hai/hai_05.wav,hai,test,56,8960,0.57246875,2.0713197231444687e-06,-56.835432396191585,7.196040097068089e-05,0.019692562426598538,0.11
hai/hai_05.wav,hai,test,57,9120,0.58246875,2.288442154312691e-06,-56.40270325003796,7.563798903845691e-05,0.01988068756692038,0.1225
hai/hai_05.wav,hai,test,58,9280,0.59246875,1.9055813399838323e-06,-57.1974466180254,6.902139776880486e-05,0.018188909619898892,0.155
hai/hai_05.wav,hai,test,59,9440,0.60246875,9.987242639425887e-07,-60.00119767161017,4.9968096420180664e-05,0.01338664909453906,0.1625
hai/hai_05.wav,hai,test,60,9600,0.61246875,1.6370817052719952e-06,-57.85664440021385,6.397424687466034e-05,0.016232170269949088,0.18
hai/hai_05.wav,hai,test,61,9760,0.62246875,1.680196266082887e-06,-57.743815832284604,6.481119243778206e-05,0.019196515812001536,0.1225
hai/hai_05.wav,hai,test,62,9920,0.63246875,3.0658429805059836e-06,-55.13308458919853,8.754774383880466e-05,0.021089084750236457,0.135
hai/hai_05.wav,hai,test,63,10080,0.64246875,1.0122618225340545e-06,-59.9427832029651,5.03056115789793e-05,0.013053843615750904,0.1975
hai/hai_05.wav,hai,test,64,10240,0.65246875,6.80909649448173e-07,-61.66273163973251,4.1258624839182806e-05,0.010447768351181469,0.255
hai/hai_05.wav,hai,test,65,10400,0.66246875,5.464603383059024e-07,-62.616473385496086,3.696147786229274e-05,0.010144650551650546,0.22
hai/hai_05.wav,hai,test,66,10560,0.67246875,1.1672122163071342e-06,-59.32478256539197,5.401879803149859e-05,0.01414083917675314,0.17
hai/hai_05.wav,hai,test,67,10720,0.68246875,9.026581857026733e-07,-60.439958130371636,4.750416259925737e-05,0.012692112869201518,0.2075
hai/hai_05.wav,hai,test,68,10880,0.69246875,5.836403386688145e-07,-62.33111222750595,3.819817857793793e-05,0.010048569512961687,0.2525
hai/hai_05.wav,hai,test,69,11040,0.70246875,1.7673219740122018e-06,-57.52438656287956,6.647033123906113e-05,0.016264962057176438,0.2425
hai/hai_05.wav,hai,test,70,11200,0.71246875,1.751016507253122e-06,-57.56461806287134,6.616299016922379e-05,0.017932636758892104,0.2425
hai/hai_05.wav,hai,test,71,11360,0.72246875,1.1631818967667e-06,-59.339791583542265,5.3925455416869224e-05,0.01492048769474672,0.235
hai/hai_05.wav,hai,test,72,11520,0.73246875,1.1312027852761502e-06,-59.46075781063706,5.3179008670624684e-05,0.014058314891052484,0.2175
hai/hai_05.wav,hai,test,73,11680,0.74246875,1.5564453377118766e-06,-58.07587187010169,6.237878921780777e-05,0.015750545477371813,0.1925
hai/hai_05.wav,hai,test,74,11840,0.75246875,1.1206946995008072e-06,-59.501253323530854,5.293143441049013e-05,0.015093577010214534,0.1575
hai/hai_05.wav,hai,test,75,12000,0.76246875,1.5423671737987416e-06,-58.11530741088576,6.209603799355361e-05,0.016473384594401966,0.19
hai/hai_05.wav,hai,test,76,12160,0.77246875,1.0124107099802878e-06,-59.942145102873425,5.030931101645817e-05,0.01330347644972495,0.1925
hai/hai_05.wav,hai,test,77,12320,0.78246875,1.1039088838309292e-06,-59.566735345408745,5.2533534143224395e-05,0.013461363761011504,0.2
hai/hai_05.wav,hai,test,78,12480,0.79246875,8.351871052681166e-07,-60.776965339323176,4.569428589189563e-05,0.012004114411006335,0.175
hai/hai_05.wav,hai,test,79,12640,0.80246875,8.860079876702676e-07,-60.52072469248881,4.706399865263967e-05,0.011753766159188675,0.195
hai/hai_05.wav,hai,test,80,12800,0.81246875,1.3946772824481538e-06,-58.55214990491112,5.9048227798303855e-05,0.014489901353334767,0.175
hai/hai_05.wav,hai,test,81,12960,0.82246875,1.0458593865235704e-06,-59.80111648558021,5.113363341587341e-05,0.01456222504866382,0.125
hai/hai_05.wav,hai,test,82,13120,0.83246875,2.405801349645084e-06,-56.18559753644048,7.755322929519253e-05,0.02093792009160738,0.125
hai/hai_05.wav,hai,test,83,13280,0.84246875,2.8309845281420037e-06,-55.47909123637957,8.412764896486178e-05,0.02241816370808452,0.13
hai/hai_05.wav,hai,test,84,13440,0.85246875,9.184405497515905e-07,-60.36476346632025,4.7917652012374066e-05,0.013636416594294574,0.1775
hai/hai_05.wav,hai,test,85,13600,0.86246875,1.0596648883940828e-06,-59.74421807530989,5.147001283257279e-05,0.013201333166246759,0.1925
hai/hai_05.wav,hai,test,86,13760,0.87246875,1.3355528792381393e-06,-58.74013854186135,5.778306151542464e-05,0.015013454403950535,0.2
hai/hai_05.wav,hai,test,87,13920,0.88246875,1.850668206623727e-06,-57.32436830257587,6.801963331685432e-05,0.016522499436446514,0.18
hai/hai_05.wav,hai,test,88,14080,0.89246875,1.7356457705376094e-06,-57.60288757021754,6.587195477852486e-05,0.017564963121927183,0.1325
hai/hai_05.wav,hai,test,89,14240,0.90246875,2.6472506669613638e-06,-55.770409096682165,8.135186947700347e-05,0.021102354167331014,0.0875
hai/hai_05.wav,hai,test,90,14400,0.91246875,2.939398794793717e-06,-55.315937639303755,8.572337479931767e-05,0.02493577054570642,0.105
hai/hai_05.wav,hai,test,91,14560,0.92246875,2.0847890067961258e-05,-46.809170606034414,0.00022829744889048397,0.061730940841293956,0.08
hai/hai_05.wav,hai,test,92,14720,0.93246875,4.584636606819501e-05,-43.386856095011915,0.0003385497233354172,0.09245483691459783,0.035
hai/hai_05.wav,hai,test,93,14880,0.94246875,1.6932582219323713e-05,-47.71251159226025,0.00020574609485555075,0.060392259667873094,0.06
hai/hai_05.wav,hai,test,94,15040,0.95246875,6.952374520729115e-06,-51.57804378135516,0.00013183677901793106,0.03825138717992485,0.09
hai/hai_05.wav,hai,test,95,15200,0.96246875,7.068751293340251e-06,-51.5059586397252,0.00013293561687279534,0.035668451619771446,0.0825
hai/hai_05.wav,hai,test,96,15360,0.97246875,7.3789880153866166e-06,-51.31944343441957,0.00013582146383567858,0.03940852880832317,0.085
hai/hai_05.wav,hai,test,97,15520,0.98246875,9.53624221076877e-06,-50.20577187747803,0.0001544040333894226,0.04009660432405694,0.105
hai/hai_05.wav,hai,test,98,15680,0.99246875,3.513329479501268e-06,-54.54157524451006,9.371938806219965e-05,0.026296201330925775,0.165
hai/hai_05.wav,hai,test,99,15840,1.00246875,4.139801221405244e-06,-53.82915617244273,0.00010173250735882366,0.0246484085923692,0.205
hai/hai_05.wav,hai,test,100,16000,1.01246875,4.134060096451299e-06,-53.835181742934125,0.00010166194096675632,0.026523746595758225,0.2125
hai/hai_05.wav,hai,test,101,16160,1.02246875,4.950717959849755e-06,-53.052440998460185,0.00011125104448779071,0.030225062905395565,0.2125
hai/hai_05.wav,hai,test,102,16320,1.03246875,4.486741509508039e-06,-53.479721660627895,0.00010590964910606633,0.028546521625777005,0.2075
hai/hai_05.wav,hai,test,103,16480,1.04246875,3.145887793482662e-06,-55.02118742164658,8.868325368245493e-05,0.02427163258253501,0.18
hai/hai_05.wav,hai,test,104,16640,1.05246875,2.991172062648214e-06,-55.240134363055404,8.647502620190718e-05,0.02340416028954753,0.1575
hai/hai_05.wav,hai,test,105,16800,1.06246875,5.300672942707963e-06,-52.755870671646505,0.00011511595179109587,0.031813473987054613,0.1125
hai/hai_05.wav,hai,test,106,16960,1.07246875,5.72075516715522e-06,-52.42470729513691,0.00011959050095173968,0.031818181619000796,0.1075
hai/hai_05.wav,hai,test,107,17120,1.08246875,6.159735898769865e-06,-52.10367408341038,0.00012409407619594362,0.03259926848195423,0.105
hai/hai_05.wav,hai,test,108,17280,1.09246875,7.87914751972503e-06,-51.03465652256274,0.00014034909618274204,0.039128561010823,0.0925
hai/hai_05.wav,hai,test,109,17440,1.10246875,9.898825259091013e-06,-50.04372471026923,0.00015731199301937385,0.04525428042285286,0.0625
hai/hai_05.wav,hai,test,110,17600,1.11246875,1.98837376248799e-05,-47.014801350686774,0.00022295592403477363,0.0567833745822362,0.085
hai/hai_05.wav,hai,test,111,17760,1.12246875,1.2050407669036029e-05,-49.18962222202039,0.0001735684855398297,0.04821265895714038,0.0875
hai/hai_05.wav,hai,test,112,17920,1.13246875,9.938925350732961e-06,-50.026168771606834,0.0001576303060227709,0.041655617151778054,0.09
hai/hai_05.wav,hai,test,113,18080,1.14246875,9.19569353134596e-06,-50.36368285610727,0.0001516220097095567,0.03966152768744585,0.1
hai/hai_05.wav,hai,test,114,18240,1.15246875,8.634040726826278e-06,-50.63735609759035,0.00014691869117666989,0.0415851467666802,0.0625
hai/hai_05.wav,hai,test,115,18400,1.16246875,1.2662789031165232e-05,-48.97436333092318,0.00017792406407766512,0.05053267452461262,0.065
hai/hai_05.wav,hai,test,116,18560,1.17246875,1.7108243061024967e-05,-47.667692038833145,0.00020681055981879268,0.05465709316407687,0.08
hai/hai_05.wav,hai,test,117,18720,1.18246875,9.391987153926519e-06,-50.27196271614518,0.00015323174568220612,0.041185578420763556,0.115
hai/hai_05.wav,hai,test,118,18880,1.19246875,5.439286732326406e-06,-52.643782100471356,0.00011661139237148322,0.030850052990614205,0.1375
hai/hai_05.wav,hai,test,119,19040,1.20246875,5.711635238189843e-06,-52.4316350552089,0.0001194951383758963,0.03267701394742904,0.1425
hai/hai_05.wav,hai,test,120,19200,1.21246875,4.362543181004744e-06,-53.601607219593674,0.0001044335097203568,0.028664558495279192,0.145
hai/hai_05.wav,hai,test,121,19360,1.22246875,4.046632072938324e-06,-53.92798971453522,0.00010058121187550789,0.02694706860234009,0.16
hai/hai_05.wav,hai,test,122,19520,1.23246875,7.74249636284837e-06,-51.110629013025395,0.00013912670810135963,0.03570182926663063,0.115
hai/hai_05.wav,hai,test,123,19680,1.24246875,1.0516664665919377e-05,-49.780806798871176,0.00016214703717551686,0.04450452756912143,0.105
hai/hai_05.wav,hai,test,124,19840,1.25246875,9.536757680943605e-06,-50.20553715574398,0.00015440820639577097,0.0422091480686195,0.0975
hai/hai_05.wav,hai,test,125,20000,1.26246875,1.0492774571235883e-05,-49.7906826961356,0.00016196276247363068,0.04400359480951434,0.125
hai/hai_05.wav,hai,test,126,20160,1.27246875,1.2956738739719858e-05,-48.874707807606455,0.00017997735093422073,0.046170389867337125,0.13
hai/hai_05.wav,hai,test,127,20320,1.28246875,1.2397650262441485e-05,-49.06625590279618,0.00017605148581055404,0.04942878700380485,0.1175
hai/hai_05.wav,hai,test,128,20480,1.29246875,1.41137916830098e-05,-48.50325527122938,0.00018784163331786832,0.051720501739012215,0.105
hai/hai_05.wav,hai,test,129,20640,1.30246875,1.141076084569485e-05,-49.42647338354198,0.00016889908855360092,0.04724406285962582,0.1
hai/hai_05.wav,hai,test,130,20800,1.31246875,1.5239288252417647e-05,-48.17006818741136,0.00019518765491455682,0.047062574192325235,0.1125
hai/hai_05.wav,hai,test,131,20960,1.32246875,7.300428106529252e-06,-51.36592186711583,0.000135096522036369,0.03295035124492208,0.125
hai/hai_05.wav,hai,test,132,21120,1.33246875,4.13990170987418e-06,-53.829050779655965,0.00010173374206567578,0.027213192298222826,0.125
hai/hai_05.wav,hai,test,133,21280,1.34246875,4.2675052312078155e-06,-53.69724181998359,0.00010328970460805636,0.029031398555984952,0.0925
hai/hai_05.wav,hai,test,134,21440,1.35246875,8.32734358423069e-06,-50.79441366391677,0.0001442856852240607,0.04147036223885596,0.0725
hai/hai_05.wav,hai,test,135,21600,1.36246875,9.78297695516436e-06,-50.09484578892533,0.00015638875403273377,0.04526991851738693,0.045
hai/hai_05.wav,hai,test,136,21760,1.37246875,7.877701778498644e-06,-51.035453379524505,0.00014033621929582758,0.04046474065081214,0.06
hai/hai_05.wav,hai,test,137,21920,1.38246875,9.609901594515543e-06,-50.172358694431594,0.00015499920640535183,0.038730338542870196,0.0875
hai/hai_05.wav,hai,test,138,22080,1.39246875,3.9468797480925e-06,-54.03636084354791,9.933377758965603e-05,0.028483997662444166,0.1075
hai/hai_05.wav,hai,test,139,22240,1.40246875,3.5381135928121685e-06,-54.511054978485554,9.404936991830632e-05,0.024267720576227267,0.1475
hai/hai_05.wav,hai,test,140,22400,1.41246875,1.436660988479411e-06,-58.42343511860236,5.9930396888378164e-05,0.016130536500990098,0.1425
hai/hai_05.wav,hai,test,141,22560,1.42246875,1.8515797340376228e-06,-57.3222309114493,6.803638243685548e-05,0.016278390097679535,0.125
hai/hai_05.wav,hai,test,142,22720,1.43246875,1.7401181676092289e-06,-57.591717528349434,6.595676931917658e-05,0.0164813831084216,0.145
hai/hai_05.wav,hai,test,143,22880,1.44246875,8.492914814272391e-07,-60.704321718439196,4.6078505873868106e-05,0.012282294379389849,0.1775
hai/hai_05.wav,hai,test,144,23040,1.45246875,1.158464762228052e-06,-59.357424456482086,5.3816000460551974e-05,0.013655123478796615,0.19
hai/hai_05.wav,hai,test,145,23200,1.46246875,8.686553293409348e-07,-60.60652837294527,4.66008403717394e-05,0.012041394126222116,0.2225
hai/hai_05.wav,hai,test,146,23360,1.47246875,4.88581865032802e-07,-63.1017467759054,3.494931562394327e-05,0.009448338526063322,0.2275
hai/hai_05.wav,hai,test,147,23520,1.48246875,9.405662989379256e-07,-60.26149094394893,4.8491398694457284e-05,0.013306876444220003,0.17
hai/hai_05.wav,hai,test,148,23680,1.49246875,1.696180884237772e-06,-57.70271868442545,6.511875467631755e-05,0.016892554350680246,0.1375
hai/hai_05.wav,hai,test,149,23840,1.50246875,1.7860508183660244e-06,-57.4786309728611,6.682160613091442e-05,0.01766417272899165,0.1325
hai/hai_05.wav,hai,test,150,24000,1.51246875,1.3964340548794184e-06,-58.546686773790846,5.9085405450064786e-05,0.015888555813031034,0.1275
hai/hai_05.wav,hai,test,151,24160,1.52246875,1.0775649363645714e-06,-59.671537025263525,5.1902912643814395e-05,0.014018409933009922,0.1475
hai/hai_05.wav,hai,test,152,24320,1.53246875,8.637015756379092e-07,-60.6313374966295,4.64677731239057e-05,0.012410703312888932,0.2325
hai/hai_05.wav,hai,test,153,24480,1.54246875,7.100516738091946e-07,-61.48098836914778,4.2132281976211385e-05,0.009962360821434812,0.2925
hai/hai_05.wav,hai,test,154,24640,1.55246875,8.257936072404913e-07,-60.82602889992152,4.543659338133998e-05,0.011219307422691095,0.2425
hai/hai_05.wav,hai,test,155,24800,1.56246875,9.392274064971919e-07,-60.267670938018554,4.8456872745184246e-05,0.012424038245643476,0.2275
hai/hai_05.wav,hai,test,156,24960,1.57246875,6.806497026212349e-07,-61.664387504198174,4.1250748557487866e-05,0.011012320421743951,0.2025
hai/hai_05.wav,hai,test,157,25120,1.58246875,1.0655799698448236e-06,-59.720065765387105,5.1613466504508866e-05,0.013400531418010585,0.1825
hai/hai_05.wav,hai,test,158,25280,1.59246875,1.4772834716216846e-06,-58.302422788257104,6.077177534887566e-05,0.016279032033657215,0.1675
hai/hai_05.wav,hai,test,159,25440,1.60246875,1.943595128944016e-06,-57.11170806455886,6.970644032196768e-05,0.018030755346214303,0.1475
hai/hai_05.wav,hai,test,160,25600,1.61246875,1.9764199321161203e-06,-57.03901092530228,7.02926015330938e-05,0.01914308092697011,0.12
hai/hai_05.wav,hai,test,161,25760,1.62246875,5.739252860094524e-06,-52.41068976360737,0.00011978368899911335,0.036237545407188,0.0775
hai/hai_05.wav,hai,test,162,25920,1.63246875,0.00022099301049855767,-36.55619496643736,0.0007432916831543282,0.20733768264877994,0.0475
hai/hai_05.wav,hai,test,163,26080,1.64246875,0.002416716443442223,-26.16774123248627,0.0024580055143562144,0.7006601011318578,0.0325
hai/hai_05.wav,hai,test,164,26240,1.65246875,0.005125621824276379,-22.90253355108904,0.0035796724096893206,1.0910271530158675,0.0375
hai/hai_05.wav,hai,test,165,26400,1.66246875,0.007614238382436902,-21.18373473616061,0.004362980169115172,1.299610238119667,0.0525
hai/hai_05.wav,hai,test,166,26560,1.67246875,0.011634898915596038,-19.342373481994528,0.005393259430899843,1.5500211708185994,0.0525
hai/hai_05.wav,hai,test,167,26720,1.68246875,0.013961657952793294,-18.550629748906463,0.005907972992658585,1.7943056613373,0.04
hai/hai_05.wav,hai,test,168,26880,1.69246875,0.014150649010049685,-18.492236103662613,0.005947825024756883,1.8710456719436697,0.03
hai/hai_05.wav,hai,test,169,27040,1.70246875,0.011072817350873072,-19.557418246092492,0.005261372765465557,1.7101975242524197,0.035
hai/hai_05.wav,hai,test,170,27200,1.71246875,0.010651705861603609,-19.725807939923673,0.005160355089914746,1.610367310202855,0.045
hai/hai_05.wav,hai,test,171,27360,1.72246875,0.011778471382444533,-19.289110320357878,0.005426433308915842,1.5576420813870384,0.07
hai/hai_05.wav,hai,test,172,27520,1.73246875,0.013026647680420826,-18.851672993146398,0.005706717024792106,1.6279612850221006,0.0825
hai/hai_05.wav,hai,test,173,27680,1.74246875,0.012423847675713143,-19.057438470173437,0.0055731157523671495,1.6047068480958708,0.105
hai/hai_05.wav,hai,test,174,27840,1.75246875,0.009068985851576769,-20.424412277520734,0.004761561154594355,1.3552510319698,0.105
hai/hai_05.wav,hai,test,175,28000,1.76246875,0.006290830547765292,-22.012919439447785,0.0039657378089597945,1.0897241714252102,0.105
hai/hai_05.wav,hai,test,176,28160,1.77246875,0.0051363451110153216,-22.893457191604778,0.00358341496027718,0.9951631183061805,0.125
hai/hai_05.wav,hai,test,177,28320,1.78246875,0.005002946878668573,-23.00774021626793,0.003536575631408359,0.9722550743798343,0.13
hai/hai_05.wav,hai,test,178,28480,1.79246875,0.0037366578189150486,-24.275165542314163,0.0030564104022999957,0.8451869014518376,0.145
hai/hai_05.wav,hai,test,179,28640,1.80246875,0.004249591754317085,-23.71652687132562,0.0032594446437687373,0.8793572001437235,0.135
hai/hai_05.wav,hai,test,180,28800,1.81246875,0.004364231424084787,-23.600921284298085,0.003303116492074109,0.9615129706132628,0.1125
hai/hai_05.wav,hai,test,181,28960,1.82246875,0.004666738538033715,-23.309864374588155,0.003415676557445726,1.00406354826664,0.09
hai/hai_05.wav,hai,test,182,29120,1.83246875,0.005845947792028913,-22.331449931928617,0.0038229399001386724,1.0945710732514162,0.1
hai/hai_05.wav,hai,test,183,29280,1.84246875,0.005919580806453612,-22.27708973271122,0.0038469406047057747,1.0682626076031831,0.1125
hai/hai_05.wav,hai,test,184,29440,1.85246875,0.004861439472425894,-23.132350277471872,0.0034862011819550426,0.9550889127717954,0.1375
hai/hai_05.wav,hai,test,185,29600,1.86246875,0.0031742453119220125,-24.983593763341318,0.002817022058806965,0.7763084424391582,0.1125
hai/hai_05.wav,hai,test,186,29760,1.87246875,0.002104511071159655,-26.7684857886203,0.0022937475183417936,0.67558149285182,0.1125
hai/hai_05.wav,hai,test,187,29920,1.88246875,0.0023399154969804747,-26.307996406871542,0.0024186336519719533,0.729902631903384,0.0775
hai/hai_05.wav,hai,test,188,30080,1.89246875,0.0030956044840105687,-25.092543926385762,0.0027819078363645377,0.8292930746713263,0.06
hai/hai_05.wav,hai,test,189,30240,1.90246875,0.0038047926781226526,-24.196688886653575,0.0030841500766510426,0.9136524481958221,0.075
hai/hai_05.wav,hai,test,190,30400,1.91246875,0.0031412466420171706,-25.028978244031293,0.002802341272051448,0.8428354315978456,0.065
hai/hai_05.wav,hai,test,191,30560,1.92246875,0.0029944544749284266,-25.236821401308337,0.002736080442406814,0.8391988560403032,0.05
hai/hai_05.wav,hai,test,192,30720,1.93246875,0.004277462367798992,-23.688137010693588,0.003270115581978331,0.9717846986354479,0.0375
hai/hai_05.wav,hai,test,193,30880,1.94246875,0.0034062809777697803,-24.677194032552396,0.002918167651870682,0.8733827519001007,0.0375
hai/hai_05.wav,hai,test,194,31040,1.95246875,0.0019818409482037828,-27.029309834329528,0.0022258936116781184,0.6929564603259369,0.04
hai/hai_05.wav,hai,test,195,31200,1.96246875,0.0018206508043051804,-27.397731041381704,0.0021334542438878204,0.6394995604043122,0.04
hai/hai_05.wav,hai,test,196,31360,1.97246875,0.0010717936851985194,-29.6988840086087,0.001636913013264999,0.5030014662316717,0.0375
hai/hai_05.wav,hai,test,197,31520,1.98246875,0.0006772868394424949,-31.692267219876634,0.0013012367573221398,0.40456976558294455,0.0375
hai/hai_05.wav,hai,test,198,31680,1.99246875,0.0005984683704583313,-32.229580717927874,0.001223180659651643,0.3720712099184199,0.0375
hai/hai_05.wav,hai,test,199,31840,2.00246875,0.00043847677852252215,-33.580524112137574,0.0010469918558930176,0.31675386052650506,0.0375
hai/hai_05.wav,hai,test,200,32000,2.01246875,0.00023161160073908847,-36.35237816781435,0.0007609395520326968,0.23203709108424356,0.0475
hai/hai_05.wav,hai,test,201,32160,2.02246875,0.00017708368512932,-37.51818996412559,0.0006653639701872201,0.19881633498101975,0.0525
hai/hai_05.wav,hai,test,202,32320,2.03246875,0.0001463366526897798,-38.346439154913085,0.000604848436986035,0.1785056565446899,0.065
hai/hai_05.wav,hai,test,203,32480,2.04246875,0.00010758207351813567,-39.68256052609489,0.0005186088929003621,0.1513722283347478,0.12
hai/hai_05.wav,hai,test,204,32640,2.05246875,7.842815042504395e-05,-41.055224894105876,0.000442798346951081,0.1260358651365387,0.1575
hai/hai_05.wav,hai,test,205,32800,2.06246875,4.613953924189606e-05,-43.359173342099965,0.0003396304581522985,0.09485766530211032,0.1775
hai/hai_05.wav,hai,test,206,32960,2.07246875,1.7997532026295087e-05,-47.44762914834347,0.0002121174911829237,0.05768590557482591,0.205
hai/hai_05.wav,hai,test,207,33120,2.08246875,9.355161604862426e-06,-50.28902285420615,0.0001529310433239637,0.04158870211626686,0.23
hai/hai_05.wav,hai,test,208,33280,2.09246875,7.767572598369919e-06,-51.09658771366326,0.0001393518263099727,0.0375449619759268,0.23
hai/hai_05.wav,hai,test,209,33440,2.10246875,8.008260711335374e-06,-50.96407569284693,0.00014149435246093193,0.038935848561853684,0.23
hai/hai_05.wav,hai,test,210,33600,2.11246875,9.64974037895615e-06,-50.15439367468548,0.00015532015628176007,0.04249307326623101,0.2425
hai/hai_05.wav,hai,test,211,33760,2.12246875,8.525300043060446e-06,-50.69239388466662,0.00014599058225670284,0.039598165091804714,0.2475
hai/hai_05.wav,hai,test,212,33920,2.13246875,8.047029810751164e-06,-50.94310423612606,0.00014183643582266832,0.040105976181820775,0.2325
hai/hai_05.wav,hai,test,213,34080,2.14246875,1.2189001743892751e-05,-49.13996232251762,0.00017456375442723463,0.04588206768667466,0.2375
hai/hai_05.wav,hai,test,214,34240,2.15246875,7.511625674053018e-06,-51.24208249885547,0.0001370367256801349,0.03781735478490765,0.235
hai/hai_05.wav,hai,test,215,34400,2.16246875,5.7307278050834946e-06,-52.417144420634415,0.00011969469291789313,0.03266834390408075,0.22
hai/hai_05.wav,hai,test,216,34560,2.17246875,4.374712773500899e-06,-53.589511932965614,0.00010457907024712091,0.02743721624572724,0.195
hai/hai_05.wav,hai,test,217,34720,2.18246875,3.963909220220638e-06,-54.017667517533326,9.954784302309916e-05,0.0252480774960972,0.2075
hai/hai_05.wav,hai,test,218,34880,2.19246875,2.4969849949693928e-06,-56.02410174697498,7.900925570731244e-05,0.021070738053697597,0.195
hai/hai_05.wav,hai,test,219,35040,2.20246875,2.0353456195308654e-06,-56.91148509283988,7.133276981042558e-05,0.018930112579218936,0.1725
hai/hai_05.wav,hai,test,220,35200,2.21246875,1.4938701509131538e-06,-58.25396529875371,6.111199045427078e-05,0.015718846912497926,0.1925
hai/hai_05.wav,hai,test,221,35360,2.22246875,1.2458114450552718e-06,-59.04199219788255,5.5807961910807845e-05,0.013829869862048597,0.22
hai/hai_05.wav,hai,test,222,35520,2.23246875,1.2310846226721794e-06,-59.09359462709368,5.547712642774902e-05,0.01533194400771479,0.1825
hai/hai_05.wav,hai,test,223,35680,2.24246875,2.3591150399156088e-06,-56.27066827545618,7.679705462964723e-05,0.01896772821860033,0.1375
hai/hai_05.wav,hai,test,224,35840,2.25246875,1.949482904445951e-06,-57.09857851831209,6.981194210960527e-05,0.018603705630626306,0.1475
hai/hai_05.wav,hai,test,225,36000,2.26246875,1.8427880227052518e-06,-57.34289010539017,6.787466432155028e-05,0.01853574288956222,0.145
hai/hai_05.wav,hai,test,226,36160,2.27246875,1.5978955935765728e-06,-57.96179894361313,6.320394753448104e-05,0.016579258166415776,0.1675
hai/hai_05.wav,hai,test,227,36320,2.28246875,1.1149974379425307e-06,-59.52336802431324,5.27967195463537e-05,0.014414694917867253,0.1875
hai/hai_05.wav,hai,test,228,36480,2.29246875,1.3755594915495017e-06,-58.61205014714997,5.864212418452928e-05,0.014840606599475961,0.1625
hai/hai_05.wav,hai,test,229,36640,2.30246875,2.0978894661283835e-06,-56.78010432077204,7.242046440972993e-05,0.01904666307626463,0.17
hai/hai_05.wav,hai,test,230,36800,2.31246875,7.561467732832781e-05,-41.21388153290765,0.00043478350166585155,0.09298536983144125,0.185
hai/hai_05.wav,hai,test,231,36960,2.32246875,0.007118182015971713,-21.476308500207352,0.004218465958133274,0.8158572896166958,0.2025
hai/hai_05.wav,hai,test,232,37120,2.33246875,0.009051816069523275,-20.432642313964273,0.004757051626144936,1.3204761047556535,0.2125
hai/hai_05.wav,hai,test,233,37280,2.34246875,0.010130224692980022,-19.94380878813071,0.005032450867365727,1.326669168853059,0.2125
hai/hai_05.wav,hai,test,234,37440,2.35246875,0.006108247148297501,-22.14083327992958,0.003907763794133897,1.1249549077086511,0.215
hai/hai_05.wav,hai,test,235,37600,2.36246875,0.007984119014452899,-20.977729435114036,0.004467694879480049,1.1430599693095602,0.2175
hai/hai_05.wav,hai,test,236,37760,2.37246875,0.004591767572644155,-23.380200087103393,0.0033881291196780545,0.929372462783529,0.21
hai/hai_05.wav,hai,test,237,37920,2.38246875,0.004195318714564007,-23.772349371046285,0.0032385640006660386,0.8831317628355531,0.1925
hai/hai_05.wav,hai,test,238,38080,2.39246875,0.00287433242920664,-25.41462854133148,0.0026806400491331543,0.763207902172739,0.1525
hai/hai_05.wav,hai,test,239,38240,2.40246875,0.0020610524041423635,-26.85910755031143,0.0022699407504064746,0.6595532378726283,0.1125
hai/hai_05.wav,hai,test,240,38400,2.41246875,0.0009106725592579046,-30.406372726643998,0.0015088675880092202,0.4333733978767051,0.14
hai/hai_05.wav,hai,test,241,38560,2.42246875,0.0005931161714456416,-32.26859502444264,0.0012176988250852934,0.34839054430352245,0.1675
hai/hai_05.wav,hai,test,242,38720,2.43246875,0.0003743031240217605,-34.26775387873483,0.0009673457551746435,0.26471885494002323,0.175
hai/hai_05.wav,hai,test,243,38880,2.44246875,0.00017934750573091226,-37.46302237362828,0.0006696034381089157,0.1805265390078445,0.1675
hai/hai_05.wav,hai,test,244,39040,2.45246875,0.00010336983639596531,-39.85601969740948,0.0005083547884990494,0.13573489362620192,0.155
hai/hai_05.wav,hai,test,245,39200,2.46246875,5.820317083764737e-05,-42.35045893238886,0.00038145501319830416,0.10542755612395802,0.1475
hai/hai_05.wav,hai,test,246,39360,2.47246875,3.534616193463597e-05,-44.51645450483977,0.00029726319119021435,0.08441694240546785,0.1225
hai/hai_05.wav,hai,test,247,39520,2.48246875,1.9811953116443592e-05,-47.03050788136804,0.00022255310105929546,0.06126163447883014,0.1625
hai/hai_05.wav,hai,test,248,39680,2.49246875,7.975139609110541e-06,-50.982072530244224,0.00014120144837350768,0.039458897744572764,0.1925
hai/hai_05.wav,hai,test,249,39840,2.50246875,6.3769381991265925e-06,-51.95319693294429,0.0001262630013021094,0.03158733592500382,0.2025
hai/hai_05.wav,hai,test,250,40000,2.51246875,2.0662111423321464e-06,-56.8461516281798,7.187160674306903e-05,0.019104593803755794,0.2225
hai/hai_05.wav,hai,test,251,40160,2.52246875,1.1292115745823703e-06,-59.4684024937265,5.3132183622131754e-05,0.013825160035813775,0.225
hai/hai_05.wav,hai,test,252,40320,2.53246875,1.1425375677634455e-06,-59.417495632790434,5.344477448178272e-05,0.013320136715486586,0.1925
hai/hai_05.wav,hai,test,253,40480,2.54246875,9.577451214911091e-07,-60.18296832915069,4.893222663774634e-05,0.01267879797704001,0.175
hai/hai_05.wav,hai,test,254,40640,2.55246875,1.0375551230162382e-06,-59.83570447625319,5.093022489191065e-05,0.012720401897436541,0.165
hai/hai_05.wav,hai,test,255,40800,2.56246875,1.0105476914745373e-06,-59.950136367132856,5.026300059374035e-05,0.012785388234864706,0.1475
hai/hai_05.wav,hai,test,256,40960,2.57246875,1.0213858339382243e-06,-59.90385176678909,5.053181754939714e-05,0.013662303099712617,0.14
hai/hai_05.wav,hai,test,257,41120,2.58246875,1.0695017046214926e-06,-59.70412636816887,5.170835775340125e-05,0.01430143639346889,0.14
hai/hai_05.wav,hai,test,258,41280,2.59246875,1.1528578602922959e-06,-59.37847687101207,5.368560934487695e-05,0.01442562933701945,0.145
hai/hai_05.wav,hai,test,259,41440,2.60246875,1.1118135856487412e-06,-59.53577580952508,5.2721285683505985e-05,0.013866864922435117,0.125
hai/hai_05.wav,hai,test,260,41600,2.61246875,1.0048876035056888e-06,-59.97450544035878,5.0122041147226054e-05,0.012671943275324522,0.1575
hai/hai_05.wav,hai,test,261,41760,2.62246875,7.475284130566412e-07,-61.25791709817237,4.322986274141526e-05,0.012131511762890578,0.17
hai/hai_05.wav,hai,test,262,41920,2.63246875,1.5147172790154943e-06,-58.193817984493535,6.153692548006226e-05,0.014955852111363965,0.1625
hai/hai_05.wav,hai,test,263,42080,2.64246875,1.4797326172483814e-06,-58.29523356966553,6.082213037308833e-05,0.015844053558710686,0.1675
hai/hai_05.wav,hai,test,264,42240,2.65246875,1.0232902511810096e-06,-59.89576960718898,5.057890496988368e-05,0.013818107287383656,0.16
hai/hai_05.wav,hai,test,265,42400,2.66246875,1.40018241197067e-06,-58.53505322704634,5.9164651861788856e-05,0.014299068440408316,0.1875
hai/hai_05.wav,hai,test,266,42560,2.67246875,9.313448018537665e-07,-60.304234461766946,4.825310357515272e-05,0.013778805993997922,0.1825
hai/hai_05.wav,hai,test,267,42720,2.68246875,9.079010332852249e-07,-60.414834028484776,4.76419204400186e-05,0.012497910805055419,0.2375
hai/hai_05.wav,hai,test,268,42880,2.69246875,1.0124797813073509e-06,-59.941849109613386,5.031102715377989e-05,0.012464069183748289,0.2075
hai/hai_05.wav,hai,test,269,43040,2.70246875,1.1277079629162081e-06,-59.47418411042548,5.309679752386692e-05,0.014388488029728728,0.145
hai/hai_05.wav,hai,test,270,43200,2.71246875,1.284242443300984e-06,-58.910149409270495,5.666221058388439e-05,0.014792748929496688,0.1375
hai/hai_05.wav,hai,test,271,43360,2.72246875,1.1070358174472198e-06,-59.554462007373125,5.260788480463788e-05,0.013705407410099261,0.1425
hai/hai_05.wav,hai,test,272,43520,2.73246875,8.52796321789707e-07,-60.686457204970225,4.61734859467451e-05,0.012519383106458282,0.1675
hai/hai_05.wav,hai,test,273,43680,2.74246875,9.16764898293635e-07,-60.37268556762196,4.787392030880788e-05,0.013599227336843675,0.155
hai/hai_05.wav,hai,test,274,43840,2.75246875,1.3682789758121711e-06,-58.63508060037895,5.8486728747045065e-05,0.015702568319298636,0.1475
hai/hai_05.wav,hai,test,275,44000,2.76246875,9.015147654852815e-07,-60.44545684141059,4.74740656960535e-05,0.013785539775704445,0.1225
hai/hai_05.wav,hai,test,276,44160,2.77246875,1.351780792314567e-06,-58.68772571769728,5.813305411542058e-05,0.016174555871979156,0.1375
hai/hai_05.wav,hai,test,277,44320,2.78246875,1.5894519390744085e-06,-57.984794500461774,6.30367341134201e-05,0.016747915565461992,0.1325
hai/hai_05.wav,hai,test,278,44480,2.79246875,1.1199024593895341e-06,-59.5043217794202,5.291272199078248e-05,0.01476134841742107,0.1575
hai/hai_05.wav,hai,test,279,44640,2.80246875,6.764299619251579e-07,-61.69135598935853,4.1122681148155874e-05,0.010696929985166921,0.185
hai/hai_05.wav,hai,test,280,44800,2.81246875,4.260794750416437e-07,-63.69491299775113,3.263738175166797e-05,0.008427767761821406,0.2125
hai/hai_05.wav,hai,test,281,44960,2.82246875,9.662122142262455e-07,-60.14478227720521,4.914804711853375e-05,0.013107963075747743,0.185
hai/hai_05.wav,hai,test,282,45120,2.83246875,2.4153195039648464e-06,-56.168456405663825,7.77064911053904e-05,0.01828974203729171,0.14
hai/hai_05.wav,hai,test,283,45280,2.84246875,1.3211717105991282e-06,-58.78712139310987,5.747111688924986e-05,0.015498752610502872,0.16
hai/hai_05.wav,hai,test,284,45440,2.85246875,1.8418165809593661e-06,-57.34517888785995,6.78567716031231e-05,0.01821959275504131,0.14
hai/hai_05.wav,hai,test,285,45600,2.86246875,3.883442492274631e-06,-54.1067130373643,9.853225984765892e-05,0.02586640799378466,0.115
hai/hai_05.wav,hai,test,286,45760,2.87246875,7.551333806885956e-06,-51.219188228301206,0.0001373984516550856,0.03540159152502523,0.0825
hai/hai_05.wav,hai,test,287,45920,2.88246875,4.42124810262478e-06,-53.543568957287484,0.0001051338207075247,0.03043364571162505,0.085
hai/hai_05.wav,hai,test,288,46080,2.89246875,3.579082264096726e-06,-54.461069939056244,9.459231290248598e-05,0.025269439380342453,0.115
hai/hai_05.wav,hai,test,289,46240,2.90246875,3.861373887881033e-06,-54.13145687681417,9.825189422959022e-05,0.024874927586258564,0.135
hai/hai_05.wav,hai,test,290,46400,2.91246875,3.636154267821051e-06,-54.392382782022125,9.534351404029866e-05,0.026635767868231366,0.13
hai/hai_05.wav,hai,test,291,46560,2.92246875,3.7167230813942935e-06,-54.29722962251395,9.639402317304603e-05,0.026744323482183315,0.1475
hai/hai_05.wav,hai,test,292,46720,2.93246875,2.9313836093309956e-06,-55.327792166645864,8.560641928808546e-05,0.022489090408049812,0.1675
hai/hai_05.wav,hai,test,293,46880,2.94246875,5.498734920954353e-06,-52.596582423495946,0.00011724690743207636,0.030053612068983555,0.135
hai/hai_05.wav,hai,test,294,47040,2.95246875,9.81472240032317e-06,-50.080777324441115,0.0001566422867581035,0.0419811219785539,0.0925
hai/hai_05.wav,hai,test,295,47200,2.96246875,1.0251798934453934e-05,-49.89157559402959,0.00016009215263758193,0.04399513668401823,0.0825
hai/hai_05.wav,hai,test,296,47360,2.97246875,8.352868570694213e-06,-50.781123616626225,0.00014450664838247247,0.035953393624415436,0.09
hai/hai_05.wav,hai,test,297,47520,2.98246875,2.688953055017048e-06,-55.702552992261985,8.199013744068624e-05,0.022169532193977368,0.125
hai/hai_05.wav,hai,test,298,47680,2.99246875,1.7314952067129244e-06,-57.61327958275178,6.579314566717653e-05,0.016395195115436318,0.1775
hai/hai_05.wav,hai,test,299,47840,3.00246875,1.6845561905486508e-06,-57.732567650424755,6.489522691517172e-05,0.016998565265442783,0.17
hai/hai_05.wav,hai,test,300,48000,3.01246875,2.1457617070125373e-06,-56.682161600691245,7.324209354962038e-05,0.01929346102391634,0.1475
hai/hai_05.wav,hai,test,301,48160,3.02246875,2.7417619485453937e-06,-55.618118843092574,8.279133331070037e-05,0.022878406960306033,0.0975
hai/hai_05.wav,hai,test,302,48320,3.03246875,6.116775105622898e-06,-52.13406492075463,0.00012366057481694496,0.03514222577771273,0.065
hai/hai_05.wav,hai,test,303,48480,3.04246875,4.823052918614344e-06,-53.16587936743497,0.00010980725065557311,0.02937806097023508,0.09
hai/hai_05.wav,hai,test,304,48640,3.05246875,1.1907179061917795e-06,-59.23826535101775,5.456001068071238e-05,0.014270029797968077,0.22
hai/hai_05.wav,hai,test,305,48800,3.06246875,6.656878904402836e-07,-61.76077433224107,4.079484925944339e-05,0.010591111924189373,0.24
hai/hai_05.wav,hai,test,306,48960,3.07246875,9.476232777997579e-07,-60.22906222614835,4.867297190946321e-05,0.012848796957315103,0.185
hai/hai_05.wav,hai,test,307,49120,3.08246875,2.0286556278443794e-06,-56.92577642684836,7.121544123019213e-05,0.018878469935026784,0.1475
hai/hai_05.wav,hai,test,308,49280,3.09246875,5.840440936241455e-06,-52.33480010170357,0.00012083502116772123,0.02885420126005031,0.1525
hai/hai_05.wav,hai,test,309,49440,3.10246875,9.128651278328483e-06,-50.395458107230965,0.0001510682898421148,0.03954045704093008,0.1525
hai/hai_05.wav,hai,test,310,49600,3.11246875,1.95705143283841e-05,-47.08375569895537,0.0002211928701856374,0.06024702149548648,0.13
hai/hai_05.wav,hai,test,311,49760,3.12246875,4.026334147856319e-05,-43.95079399379574,0.0003172670069458972,0.0861599007367608,0.095
hai/hai_05.wav,hai,test,312,49920,3.13246875,6.270638040709335e-05,-42.026813414429085,0.000395936801797627,0.10601028098661094,0.09
hai/hai_05.wav,hai,test,313,50080,3.14246875,4.455614575201214e-05,-43.51082637041082,0.00033375195037636915,0.08221718038053007,0.095
hai/hai_05.wav,hai,test,314,50240,3.15246875,1.8069271685746362e-05,-47.43035317791395,0.00021253982971284677,0.05997263094748065,0.125
hai/hai_05.wav,hai,test,315,50400,3.16246875,1.4497824644107127e-05,-48.386672026800575,0.00019038004519977353,0.0515180755702101,0.13
hai/hai_05.wav,hai,test,316,50560,3.17246875,1.0513143311879744e-05,-49.782261076738436,0.0001621198886000708,0.042317877539669396,0.16
hai/hai_05.wav,hai,test,317,50720,3.18246875,4.992328773853358e-06,-53.01609837916541,0.0001117175990371857,0.031231840800383305,0.1625
hai/hai_05.wav,hai,test,318,50880,3.19246875,4.928895388835168e-06,-53.07162296246838,0.00011100557856291692,0.029568012208979352,0.19
hai/hai_05.wav,hai,test,319,51040,3.20246875,4.851940249357868e-06,-53.13995055796586,0.00011013560107156392,0.029050160247451717,0.1675
hai/hai_05.wav,hai,test,320,51200,3.21246875,4.504313533009016e-06,-53.46274980285897,0.0001061168404755934,0.028858070341684118,0.1425
hai/hai_05.wav,hai,test,321,51360,3.22246875,7.575003108645927e-06,-51.205598558015765,0.00013761361768231667,0.03662190273223843,0.095
hai/hai_05.wav,hai,test,322,51520,3.23246875,9.968130194305324e-06,-50.013427321890916,0.00015786172900916583,0.042743964141279414,0.0675
hai/hai_05.wav,hai,test,323,51680,3.24246875,6.2549759939102715e-06,-52.0370492646552,0.00012504975003883726,0.03626842589527125,0.0775
hai/hai_05.wav,hai,test,324,51840,3.25246875,5.203417282770687e-06,-52.83627889600962,0.00011405500079753942,0.033295563476762116,0.07
hai/hai_05.wav,hai,test,325,52000,3.26246875,6.933556398626969e-06,-51.58981315382381,0.00013165823558200764,0.036406109127705505,0.075
hai/hai_05.wav,hai,test,326,52160,3.27246875,8.572009416697384e-06,-50.66866699238685,0.0001463899707689822,0.040807487812499946,0.0675
hai/hai_05.wav,hai,test,327,52320,3.28246875,5.403948822491894e-06,-52.67208413868782,0.00011623197518854154,0.032229697740272886,0.12
hai/hai_05.wav,hai,test,328,52480,3.29246875,2.04088199975783e-06,-56.89969359376819,7.142972070080196e-05,0.019762586030275392,0.1575
hai/hai_05.wav,hai,test,329,52640,3.30246875,1.704473083656984e-06,-57.68155130382347,6.52777351716683e-05,0.01699654042608796,0.1925
hai/hai_05.wav,hai,test,330,52800,3.31246875,7.525227465545259e-07,-61.229036331250526,4.3374034472093035e-05,0.011497535735443641,0.235
hai/hai_05.wav,hai,test,331,52960,3.32246875,6.390073821978487e-07,-61.93815016595332,3.9968968656879575e-05,0.010284924323761442,0.24
hai/hai_05.wav,hai,test,332,53120,3.33246875,3.8722419889067075e-06,-54.11925368708779,9.839006541448566e-05,0.027154734446782434,0.175
hai/hai_05.wav,hai,test,333,53280,3.34246875,0.00012000019831462773,-39.208144171287756,0.0005477230100941254,0.12853668078721028,0.0775
hai/hai_05.wav,hai,test,334,53440,3.35246875,0.00011563480821462931,-39.369076598434006,0.0005376681323424081,0.1815179350688586,0.015
hai/hai_05.wav,hai,test,335,53600,3.36246875,0.0004963675468751711,-33.041957460116095,0.0011139653797079727,0.3162750272089201,0.01
hai/hai_05.wav,hai,test,336,53760,3.37246875,0.0005549034065373882,-32.557818264071834,0.0011778193903750568,0.34307931823965443,0.0075
hai/hai_05.wav,hai,test,337,53920,3.38246875,0.00037670023418708384,-34.24002956914433,0.0009704383470719351,0.30030429414170257,0.01
hai/hai_05.wav,hai,test,338,54080,3.39246875,0.00015708748112045005,-38.0385565944911,0.0006266727238368726,0.18385833124205173,0.0125
hai/hai_05.wav,hai,test,339,54240,3.40246875,3.455062908381756e-05,-44.61531471142658,0.00029389891580191977,0.09075351426541858,0.0225
hai/hai_05.wav,hai,test,340,54400,3.41246875,1.3845092049483972e-05,-48.58672785504442,0.0001860449680150203,0.05537180279519684,0.0375
hai/hai_05.wav,hai,test,341,54560,3.42246875,1.3531788972948917e-05,-48.6861269041335,0.00018392790009232502,0.05096536172296699,0.055
hai/hai_05.wav,hai,test,342,54720,3.43246875,8.504518902318851e-06,-50.702991859268565,0.00014581254149008283,0.03972661185657865,0.0775
hai/hai_05.wav,hai,test,343,54880,3.44246875,8.141155748390305e-06,-50.89260594413076,0.00014266355305744968,0.039021877036138554,0.0925
hai/hai_05.wav,hai,test,344,55040,3.45246875,7.371968740240591e-06,-51.32357607405703,0.00013575684826409854,0.03505465624001281,0.0975
hai/hai_05.wav,hai,test,345,55200,3.46246875,5.18554066141886e-06,-52.85122212975096,0.0001138589111732022,0.030418233322980083,0.0925
hai/hai_05.wav,hai,test,346,55360,3.47246875,4.084207161493585e-06,-53.887859154321006,0.00010104710734966125,0.027099840153336354,0.13
hai/hai_05.wav,hai,test,347,55520,3.48246875,1.2397180252839384e-06,-59.06326908249663,5.567131274911564e-05,0.015521470581476154,0.16
hai/hai_05.wav,hai,test,348,55680,3.49246875,1.2721245529710964e-06,-58.95129106148423,5.639424955106452e-05,0.015006177181405395,0.1775
hai/hai_05.wav,hai,test,349,55840,3.50246875,1.8757742640218947e-06,-57.26587960615327,6.847945429144961e-05,0.017681598910584986,0.135
hai/hai_05.wav,hai,test,350,56000,3.51246875,1.185243584965137e-06,-59.25826123160458,5.443444646924264e-05,0.014773630055874846,0.145
hai/hai_05.wav,hai,test,351,56160,3.52246875,5.92419869377276e-07,-62.26637916366929,3.8484408186214714e-05,0.010650885771048117,0.1775
hai/hai_05.wav,hai,test,352,56320,3.53246875,9.921907066306524e-07,-60.02967352828618,4.980438501353702e-05,0.013088265479221348,0.1775
hai/hai_05.wav,hai,test,353,56480,3.54246875,1.1693805445367643e-06,-59.31672906184312,5.40689500669461e-05,0.01415437137848503,0.1575
hai/hai_05.wav,hai,test,354,56640,3.55246875,9.354142780577521e-07,-60.28531972982228,4.8358408732550125e-05,0.012853755568460093,0.19
hai/hai_05.wav,hai,test,355,56800,3.56246875,8.254597047052855e-07,-60.82778316261625,4.542740650491962e-05,0.011532045000497385,0.2275
hai/hai_05.wav,hai,test,356,56960,3.57246875,1.2620641602556487e-05,-48.988841559820244,0.00017762771181995004,0.043501787996345936,0.17
hai/hai_05.wav,hai,test,357,57120,3.58246875,0.0006170262057047953,-32.09695686814428,0.0012420006096061258,0.3473272494871326,0.08
hai/hai_05.wav,hai,test,358,57280,3.59246875,0.004657400580107742,-23.318563138160968,0.0034122575298868277,0.9644291509265517,0.015
hai/hai_05.wav,hai,test,359,57440,3.60246875,0.008867296592899325,-20.52208716054799,0.004708316204573384,1.4313831108088495,0.0125
hai/hai_05.wav,hai,test,360,57600,3.61246875,0.01097772215962483,-19.594877256188326,0.005238731277615037,1.604630069032122,0.01
hai/hai_05.wav,hai,test,361,57760,3.62246875,0.008034573589186814,-20.95037113108446,0.004481789148651131,1.3202925445366618,0.01
hai/hai_05.wav,hai,test,362,57920,3.63246875,0.002853262315293556,-25.44658147339733,0.002670796845181956,0.7947898054676809,0.0075
hai/hai_05.wav,hai,test,363,58080,3.64246875,0.0004968843882524869,-33.03743774223716,0.001114545185549342,0.33940688189258283,0.0125
hai/hai_05.wav,hai,test,364,58240,3.65246875,0.00017494968635752752,-37.57084349375975,0.0006613427370840469,0.20827573986428893,0.015
hai/hai_05.wav,hai,test,365,58400,3.66246875,0.00030715432284772817,-35.12641954173602,0.0008762909374855593,0.26150488648610315,0.0125
hai/hai_05.wav,hai,test,366,58560,3.67246875,0.0002355975503574702,-36.27827386099233,0.0007674593643273079,0.23166516399310927,0.025
hai/hai_05.wav,hai,test,367,58720,3.68246875,0.00012704671864848508,-38.96033129017938,0.0005635750141917336,0.16797485489934105,0.0225
hai/hai_05.wav,hai,test,368,58880,3.69246875,5.684283337220876e-05,-42.45316642281141,0.0003769709318110906,0.10754584425105923,0.045
hai/hai_05.wav,hai,test,369,59040,3.70246875,0.0002875161877193754,-35.413361881619586,0.0008478151150448065,0.19032609402787332,0.0675
hai/hai_05.wav,hai,test,370,59200,3.71246875,0.0007960301984147219,-30.990699108630352,0.0014107003565735725,0.3964411814523768,0.0825
hai/hai_05.wav,hai,test,371,59360,3.72246875,0.0010878110073199794,-29.634461517315213,0.0016490990019704542,0.46640208050558696,0.085
hai/hai_05.wav,hai,test,372,59520,3.73246875,0.0004629143306382215,-33.344984361942174,0.001075772200140696,0.3044000169757588,0.11
hai/hai_05.wav,hai,test,373,59680,3.74246875,0.00021583690349581157,-36.65872286096106,0.0007345694376568691,0.20065552391084854,0.1175
hai/hai_05.wav,hai,test,374,59840,3.75246875,0.00017027137700636156,-37.688558011668476,0.0006524403746825482,0.17360305535987805,0.1225
hai/hai_05.wav,hai,test,375,60000,3.76246875,9.289377449733215e-05,-40.32008715186141,0.0004819070825826597,0.12928748427574455,0.1225
hai/hai_05.wav,hai,test,376,60160,3.77246875,4.3183245552277584e-05,-43.64674663315162,0.0003285698006218678,0.08697288726688482,0.1325
ba/ba_01.wav,ba,train,0,0,0.01246875,0.0,-90.0,0.0,0.0,0.0
ba/ba_01.wav,ba,train,1,160,0.02246875,0.0,-90.0,0.0,0.0,0.0
ba/ba_01.wav,ba,train,2,320,0.03246875,0.0,-90.0,0.0,0.0,0.0
ba/ba_01.wav,ba,train,3,480,0.04246875,0.0,-90.0,0.0,0.0,0.0
ba/ba_01.wav,ba,train,4,640,0.05246875,0.0,-90.0,0.0,0.0,0.0
ba/ba_01.wav,ba,train,5,800,0.06246875,0.0,-90.0,0.0,0.0,0.0
ba/ba_01.wav,ba,train,6,960,0.07246875,0.0,-90.0,0.0,0.0,0.0
ba/ba_01.wav,ba,train,7,1120,0.08246875,0.0,-90.0,0.0,0.0,0.0
ba/ba_01.wav,ba,train,8,1280,0.09246875,0.0,-90.0,0.0,0.0,0.0
ba/ba_01.wav,ba,train,9,1440,0.10246875,0.0,-90.0,0.0,0.0,0.0
ba/ba_01.wav,ba,train,10,1600,0.11246875,0.0,-90.0,0.0,0.0,0.0
ba/ba_01.wav,ba,train,11,1760,0.12246875,0.0,-90.0,0.0,0.0,0.0
ba/ba_01.wav,ba,train,12,1920,0.13246875,0.0,-90.0,0.0,0.0,0.0
ba/ba_01.wav,ba,train,13,2080,0.14246875,0.0,-90.0,0.0,0.0,0.0
ba/ba_01.wav,ba,train,14,2240,0.15246875,0.0,-90.0,0.0,0.0,0.0
ba/ba_01.wav,ba,train,15,2400,0.16246875,0.0,-90.0,0.0,0.0,0.0
ba/ba_01.wav,ba,train,16,2560,0.17246875,0.0,-90.0,0.0,0.0,0.0
ba/ba_01.wav,ba,train,17,2720,0.18246875,0.0,-90.0,0.0,0.0,0.0
ba/ba_01.wav,ba,train,18,2880,0.19246875,0.0,-90.0,0.0,0.0,0.0
ba/ba_01.wav,ba,train,19,3040,0.20246875,0.0,-90.0,0.0,0.0,0.0
ba/ba_01.wav,ba,train,20,3200,0.21246875,0.0,-90.0,0.0,0.0,0.0
ba/ba_01.wav,ba,train,21,3360,0.22246875,0.0,-90.0,0.0,0.0,0.0
ba/ba_01.wav,ba,train,22,3520,0.23246875,0.0,-90.0,0.0,0.0,0.0
ba/ba_01.wav,ba,train,23,3680,0.24246875,0.0,-90.0,0.0,0.0,0.0
ba/ba_01.wav,ba,train,24,3840,0.25246875,0.0,-90.0,0.0,0.0,0.0
ba/ba_01.wav,ba,train,25,4000,0.26246875,0.0,-90.0,0.0,0.0,0.0
ba/ba_01.wav,ba,train,26,4160,0.27246875,0.0,-90.0,0.0,0.0,0.0
ba/ba_01.wav,ba,train,27,4320,0.28246875,0.0,-90.0,0.0,0.0,0.0
ba/ba_01.wav,ba,train,28,4480,0.29246875,0.0,-90.0,0.0,0.0,0.0
ba/ba_01.wav,ba,train,29,4640,0.30246875,0.0,-90.0,0.0,0.0,0.0
ba/ba_01.wav,ba,train,30,4800,0.31246875,0.0,-90.0,0.0,0.0,0.0
ba/ba_01.wav,ba,train,31,4960,0.32246875,7.2242658714721515e-09,-80.84902858386877,4.2497840743595875e-06,0.0005353591544033074,0.13
ba/ba_01.wav,ba,train,32,5120,0.33246875,6.754032311655011e-08,-71.64053852526462,1.2994260571166613e-05,0.0028263311083954485,0.27
ba/ba_01.wav,ba,train,33,5280,0.34246875,3.5295131637967273e-07,-64.51056468148339,2.9704852986493333e-05,0.006357576447188058,0.3275
ba/ba_01.wav,ba,train,34,5440,0.35246875,1.6264704179347417e-06,-57.88486896734864,6.376657466758626e-05,0.015325784412011182,0.235
ba/ba_01.wav,ba,train,35,5600,0.36246875,1.8746634495076039e-06,-57.26845084471815,6.845917486918031e-05,0.018746294123310595,0.175
ba/ba_01.wav,ba,train,36,5760,0.37246875,1.965290473733416e-06,-57.06352324845108,7.009440908042196e-05,0.01856217555293073,0.1625
ba/ba_01.wav,ba,train,37,5920,0.38246875,2.112308256543367e-06,-56.75037150202024,7.266891110618362e-05,0.0181395961309875,0.1925
ba/ba_01.wav,ba,train,38,6080,0.39246875,1.924639632767041e-06,-57.154249841606855,6.93656909568239e-05,0.01811944718511174,0.1875
ba/ba_01.wav,ba,train,39,6240,0.40246875,1.9915731756244534e-06,-57.00585720528407,7.056155425627424e-05,0.01860575648694103,0.1725
ba/ba_01.wav,ba,train,40,6400,0.41246875,6.136914095300773e-06,-52.1197919413781,0.00012386397877612335,0.034410733365345135,0.1725
ba/ba_01.wav,ba,train,41,6560,0.42246875,9.658520417526561e-05,-40.15084901311499,0.0004913888586833894,0.11941047795603628,0.115
ba/ba_01.wav,ba,train,42,6720,0.43246875,0.00017687457583340243,-37.52332133246902,0.0006649710065735995,0.18938827967482144,0.09
ba/ba_01.wav,ba,train,43,6880,0.44246875,0.0003782675355666242,-34.22199781884884,0.000972455057530455,0.26993763984639996,0.0675
ba/ba_01.wav,ba,train,44,7040,0.45246875,0.00042317535906541653,-33.73478602348627,0.0010285613242114158,0.25920589879649003,0.0775
ba/ba_01.wav,ba,train,45,7200,0.46246875,9.38612362820466e-05,-40.27509102868216,0.00048441004397629543,0.13823999393661587,0.0925
ba/ba_01.wav,ba,train,46,7360,0.47246875,7.318460077022199e-05,-41.355743577555835,0.00042773999336694594,0.1219145673370067,0.0725
ba/ba_01.wav,ba,train,47,7520,0.48246875,6.27700161047957e-05,-42.02240841157572,0.00039613765317372856,0.11729794647256093,0.0575
ba/ba_01.wav,ba,train,48,7680,0.49246875,5.543125591050398e-05,-42.56237446690826,0.00037226084910484467,0.10085246861150393,0.0875
ba/ba_01.wav,ba,train,49,7840,0.50246875,1.7804321681878662e-05,-47.49450175687968,0.00021097583796420065,0.05754885779688327,0.1125
ba/ba_01.wav,ba,train,50,8000,0.51246875,1.0655752819155923e-05,-49.72375107462728,0.00016321575306290078,0.04360320824831835,0.135
ba/ba_01.wav,ba,train,51,8160,0.52246875,1.1748843142107588e-05,-49.29967931091974,0.00017138292754900929,0.04806258637721074,0.1275
ba/ba_01.wav,ba,train,52,8320,0.53246875,2.4787040921771534e-05,-46.05757795559114,0.00024893292732065163,0.07199909660852061,0.0975
ba/ba_01.wav,ba,train,53,8480,0.54246875,2.9660932701745584e-05,-45.278005547790706,0.00027230925756272764,0.07011900713710278,0.0975
ba/ba_01.wav,ba,train,54,8640,0.55246875,1.4339512600981579e-05,-48.4343532455393,0.00018933774452668952,0.04848441564750686,0.1125
ba/ba_01.wav,ba,train,55,8800,0.56246875,7.140792524194595e-06,-51.461927706240864,0.00013361130682126602,0.03693406318861163,0.17
ba/ba_01.wav,ba,train,56,8960,0.57246875,6.061160365100445e-06,-52.17372579225899,0.00012309711983938174,0.03275445287827765,0.185
ba/ba_01.wav,ba,train,57,9120,0.58246875,4.177397773850297e-06,-53.789902185526415,0.00010219341678711864,0.02908899418961345,0.1675
ba/ba_01.wav,ba,train,58,9280,0.59246875,6.070047543789805e-06,-52.167363660523165,0.00012318733238232945,0.032987588048244004,0.1625
ba/ba_01.wav,ba,train,59,9440,0.60246875,5.112825595377943e-06,-52.912540874666156,0.0001130577904809963,0.030070007628018487,0.185
ba/ba_01.wav,ba,train,60,9600,0.61246875,2.017744630534325e-06,-56.949186154616214,7.102366912752264e-05,0.019008817986122955,0.2125
ba/ba_01.wav,ba,train,61,9760,0.62246875,2.036276554747173e-06,-56.909500127041916,7.134908119147669e-05,0.018518602521544247,0.2125
ba/ba_01.wav,ba,train,62,9920,0.63246875,1.57716603504293e-06,-58.0184730764773,6.279263561602846e-05,0.016661198181578837,0.2225
ba/ba_01.wav,ba,train,63,10080,0.64246875,1.6387054915863448e-06,-57.852341488209824,6.400596635444122e-05,0.016886303211380377,0.1975
ba/ba_01.wav,ba,train,64,10240,0.65246875,1.4243181264962916e-06,-58.460881916819716,5.967239995375357e-05,0.015690579498322966,0.18
ba/ba_01.wav,ba,train,65,10400,0.66246875,1.5741409178555577e-06,-58.02680586566821,6.27323863298607e-05,0.016619020792523392,0.1575
ba/ba_01.wav,ba,train,66,10560,0.67246875,2.7480594645781414e-06,-55.60815865882671,8.288635992396671e-05,0.020401948236577344,0.1375
ba/ba_01.wav,ba,train,67,10720,0.68246875,1.604380967811349e-06,-57.944218899972824,6.33320804926569e-05,0.01704294419847632,0.1075
ba/ba_01.wav,ba,train,68,10880,0.69246875,2.8776071972510563e-06,-55.408175930951565,8.481755710422012e-05,0.024222342282578434,0.065
ba/ba_01.wav,ba,train,69,11040,0.70246875,1.0248181276158476e-05,-49.893108254811914,0.00016006390345857553,0.04904630945517807,0.0475
ba/ba_01.wav,ba,train,70,11200,0.71246875,7.616776325314107e-05,-41.18223095958366,0.00043637072327649647,0.12876888833634706,0.0325
ba/ba_01.wav,ba,train,71,11360,0.72246875,0.00043844766654264943,-33.5808124640807,0.001046957098622777,0.3121437128288726,0.0325
ba/ba_01.wav,ba,train,72,11520,0.73246875,0.0019619188858430343,-27.073187308228714,0.0022146776773624612,0.6715131822859479,0.03
ba/ba_01.wav,ba,train,73,11680,0.74246875,0.005470499734405934,-22.619729193271972,0.003698141335321682,1.1178124745535012,0.03
ba/ba_01.wav,ba,train,74,11840,0.75246875,0.008255395347096198,-20.83262071132301,0.004542960308844938,1.3614722407287712,0.0325
ba/ba_01.wav,ba,train,75,12000,0.76246875,0.005781111712151584,-22.379885632683212,0.0038016811124000076,1.0999954472681825,0.06
ba/ba_01.wav,ba,train,76,12160,0.77246875,0.004619074888991857,-23.35444902464504,0.003398188815013027,0.9303027682977303,0.095
ba/ba_01.wav,ba,train,77,12320,0.78246875,0.008123488555824813,-20.902573735554203,0.004506519875642627,1.2140289512227158,0.11
ba/ba_01.wav,ba,train,78,12480,0.79246875,0.005654266865564304,-22.47623621070968,0.0037597429651388087,1.0295134995690978,0.1175
ba/ba_01.wav,ba,train,79,12640,0.80246875,0.004870635378327688,-23.124142918571824,0.0034894968757428653,0.8369459789851872,0.1425
ba/ba_01.wav,ba,train,80,12800,0.81246875,0.0026873164422783827,-25.70681029031338,0.0025919666482607288,0.6720577079100144,0.1525
ba/ba_01.wav,ba,train,81,12960,0.82246875,0.0023615174005586475,-26.26808666123719,0.0024297723147234636,0.7081106142696261,0.1325
ba/ba_01.wav,ba,train,82,13120,0.83246875,0.004384147381821625,-23.581147555465378,0.0033106447188658078,0.8615769278837264,0.1325
ba/ba_01.wav,ba,train,83,13280,0.84246875,0.0055431507088277016,-22.562432351717266,0.0037226169252381116,0.9950236407489506,0.145
ba/ba_01.wav,ba,train,84,13440,0.85246875,0.009042157963154102,-20.43727862241582,0.004754513109445094,1.299569235892246,0.145
ba/ba_01.wav,ba,train,85,13600,0.86246875,0.012447304292831574,-19.049246584576203,0.005578374380774289,1.5110301434651605,0.1475
ba/ba_01.wav,ba,train,86,13760,0.87246875,0.00687177998439524,-21.62930690676284,0.004144810003002321,1.1608983253561616,0.1475
ba/ba_01.wav,ba,train,87,13920,0.88246875,0.007532477679128662,-21.23062088934376,0.004339492389418566,1.1516214570605285,0.1525
ba/ba_01.wav,ba,train,88,14080,0.89246875,0.007440796082207589,-21.283805389349844,0.004313002458325172,1.2204900403956664,0.1375
ba/ba_01.wav,ba,train,89,14240,0.90246875,0.00737101689021899,-21.324725347215754,0.0042927313246402315,1.1914372209141204,0.13
ba/ba_01.wav,ba,train,90,14400,0.91246875,0.007037209680015387,-21.525994468696496,0.004194403914746226,1.1703403890453186,0.1325
ba/ba_01.wav,ba,train,91,14560,0.92246875,0.006904066074488619,-21.60894998008551,0.004154535495843254,1.1465675846460177,0.1425
ba/ba_01.wav,ba,train,92,14720,0.93246875,0.007680466848198917,-21.146123245384544,0.0043819136368140905,1.1872343128549643,0.1575
ba/ba_01.wav,ba,train,93,14880,0.94246875,0.009100989540798396,-20.409113370204985,0.004769955330188742,1.3077782288014161,0.1725
ba/ba_01.wav,ba,train,94,15040,0.95246875,0.008197544483414672,-20.86316165004287,0.0045270146022005145,1.2669656708896786,0.1875
ba/ba_01.wav,ba,train,95,15200,0.96246875,0.007610446149440505,-21.185898256434132,0.004361893553676117,1.208925396759862,0.1875
ba/ba_01.wav,ba,train,96,15360,0.97246875,0.006498972817835331,-21.871552126548007,0.004030810345896756,1.1368143086187565,0.1875
ba/ba_01.wav,ba,train,97,15520,0.98246875,0.006497566373891402,-21.87249208562993,0.004030374168080242,1.1027670613814289,0.1925
ba/ba_01.wav,ba,train,98,15680,0.99246875,0.0046005943136003735,-23.371859673002973,0.003391384051386828,0.9441788882927151,0.1825
ba/ba_01.wav,ba,train,99,15840,1.00246875,0.002854167828654322,-25.445203412478683,0.002671220614557286,0.7282069408770271,0.1825
ba/ba_01.wav,ba,train,100,16000,1.01246875,0.0031140355493343022,-25.066762944393652,0.002790177211815722,0.7039228840991856,0.185
ba/ba_01.wav,ba,train,101,16160,1.02246875,0.0034475368443322124,-24.62490957786067,0.002935786455250199,0.7150946456310721,0.185
ba/ba_01.wav,ba,train,102,16320,1.03246875,0.0037050537289853008,-24.31205372483366,0.00304345762619808,0.755546494377584,0.185
ba/ba_01.wav,ba,train,103,16480,1.04246875,0.004756584539473113,-23.227046887654122,0.0034483998243653217,0.8440243510989858,0.1825
ba/ba_01.wav,ba,train,104,16640,1.05246875,0.0049890815058903915,-23.019793139488442,0.0035316715255988883,0.8770634252195779,0.1825
ba/ba_01.wav,ba,train,105,16800,1.06246875,0.003919311242452358,-24.067901359165752,0.003130220137008082,0.7913365264545659,0.1675
ba/ba_01.wav,ba,train,106,16960,1.07246875,0.00248892855867483,-26.03987394557226,0.002494458136888065,0.6484681202926351,0.16
ba/ba_01.wav,ba,train,107,17120,1.08246875,0.0024777905900414507,-26.059352254423484,0.0024888705219644567,0.6034231305767537,0.1725
ba/ba_01.wav,ba,train,108,17280,1.09246875,0.0023949568549071175,-26.20702124647048,0.002446914820190477,0.628204736986646,0.175
ba/ba_01.wav,ba,train,109,17440,1.10246875,0.002323624370133803,-26.33833890394739,0.002410199353857375,0.6500863148548326,0.1725
ba/ba_01.wav,ba,train,110,17600,1.11246875,0.0024764511035289764,-26.061700671865612,0.002488197692873788,0.664975584895399,0.1675
ba/ba_01.wav,ba,train,111,17760,1.12246875,0.002642691557860015,-25.77953358317878,0.0025703557914518445,0.6917548351939797,0.17
ba/ba_01.wav,ba,train,112,17920,1.13246875,0.0029925971192574356,-25.23951601338097,0.0027352317631498045,0.7729403322895445,0.1775
ba/ba_01.wav,ba,train,113,18080,1.14246875,0.004560761762323789,-23.409625179132647,0.003376670609610815,0.9410093421915557,0.19
ba/ba_01.wav,ba,train,114,18240,1.15246875,0.004872995825953685,-23.122038714980917,0.0034903423277501326,0.9228204768446862,0.19
ba/ba_01.wav,ba,train,115,18400,1.16246875,0.002718569036588756,-25.65659474097906,0.002606994935068323,0.7371353120371149,0.19
ba/ba_01.wav,ba,train,116,18560,1.17246875,0.0031251466612616536,-25.051294576939576,0.0027951505600153515,0.7559910424338474,0.19
ba/ba_01.wav,ba,train,117,18720,1.18246875,0.002869782886574633,-25.421508072388406,0.0026785177274822325,0.7609683566015011,0.1875
ba/ba_01.wav,ba,train,118,18880,1.19246875,0.0030696950054732914,-25.12904630934033,0.0027702414179423475,0.7837007966111981,0.1875
ba/ba_01.wav,ba,train,119,19040,1.20246875,0.002758676506849534,-25.592990661688052,0.002626155225253038,0.7478743430598215,0.1875
ba/ba_01.wav,ba,train,120,19200,1.21246875,0.0021553756601202885,-26.66476824288526,0.002321301176129612,0.6626669247061099,0.19
ba/ba_01.wav,ba,train,121,19360,1.22246875,0.0013998909076923334,-28.539054969682546,0.00187075580160288,0.5139355165814226,0.19
ba/ba_01.wav,ba,train,122,19520,1.23246875,0.0006225978362492658,-32.0579169542831,0.0012475955236466523,0.3507921029094282,0.185
ba/ba_01.wav,ba,train,123,19680,1.24246875,0.000387410082580428,-34.11827959676069,0.0009841367823890488,0.2692698086917936,0.185
ba/ba_01.wav,ba,train,124,19840,1.25246875,0.0002623176378519197,-35.81170851503874,0.0008098111475089728,0.2168515830872869,0.185
ba/ba_01.wav,ba,train,125,20000,1.26246875,0.00021938557284600284,-36.58789956147512,0.0007405835078605296,0.19878320058606186,0.1875
ba/ba_01.wav,ba,train,126,20160,1.27246875,0.00031670440106916785,-34.99344530140767,0.000889809531682438,0.22410678786340793,0.18
ba/ba_01.wav,ba,train,127,20320,1.28246875,0.00027284619200818445,-35.64080511375524,0.0008259028272263397,0.2003473196275491,0.205
ba/ba_01.wav,ba,train,128,20480,1.29246875,0.00026364275701335074,-35.789825081434536,0.0008118539847370195,0.19763686230316085,0.2375
ba/ba_01.wav,ba,train,129,20640,1.30246875,0.0002490392146700961,-36.03730517968016,0.0007890488176755861,0.19728933009757646,0.245
ba/ba_01.wav,ba,train,130,20800,1.31246875,0.00013875306281012362,-38.577542915913384,0.0005889674498860773,0.15383399608145099,0.2275
ba/ba_01.wav,ba,train,131,20960,1.32246875,5.9361867392611475e-05,-42.26485129583602,0.00038523326502461945,0.10629292251803832,0.1975
ba/ba_01.wav,ba,train,132,21120,1.33246875,5.031671266377109e-05,-42.98279109217806,0.00035467137135583376,0.09691153202851932,0.1825
ba/ba_01.wav,ba,train,133,21280,1.34246875,6.568584963717555e-05,-41.82521566538383,0.0004052340361975273,0.1047993787242762,0.1775
ba/ba_01.wav,ba,train,134,21440,1.35246875,8.272885011768097e-05,-40.82337762486635,0.00045477700611860585,0.11613044708599517,0.1875
ba/ba_01.wav,ba,train,135,21600,1.36246875,0.00010006371585908098,-39.99719033500234,0.0005001592642825907,0.13692407579985097,0.185
ba/ba_01.wav,ba,train,136,21760,1.37246875,0.00017439480963376823,-37.5846395446535,0.0006602931349669028,0.18304075564279662,0.185
ba/ba_01.wav,ba,train,137,21920,1.38246875,0.0005307880217016721,-32.75078068218473,0.0011519418623585915,0.315655518978431,0.1875
ba/ba_01.wav,ba,train,138,22080,1.39246875,0.0008958134929727944,-30.477819155827856,0.0014965071775410854,0.41656161254713836,0.1875
ba/ba_01.wav,ba,train,139,22240,1.40246875,0.0016837796666485808,-27.73714481404089,0.0020516942185962927,0.5608399555449993,0.1875
ba/ba_01.wav,ba,train,140,22400,1.41246875,0.002382139313837748,-26.23032661102297,0.002440358228743143,0.6799421300570196,0.19
ba/ba_01.wav,ba,train,141,22560,1.42246875,0.001660920657993314,-27.796508517771418,0.002037719716983493,0.5722501926692038,0.1825
ba/ba_01.wav,ba,train,142,22720,1.43246875,0.0007169523832117083,-31.445090815317677,0.0013387983261228223,0.39451392978703426,0.1825
ba/ba_01.wav,ba,train,143,22880,1.44246875,0.0005052433132213981,-32.96498565987751,0.0011238809025219244,0.31035733645502617,0.175
ba/ba_01.wav,ba,train,144,23040,1.45246875,0.00029544659573277175,-35.29519539833033,0.0008594280012496273,0.2326081966596435,0.18
ba/ba_01.wav,ba,train,145,23200,1.46246875,0.00010798458480925002,-39.6663421539859,0.0005195781577617799,0.14291220452116946,0.1825
ba/ba_01.wav,ba,train,146,23360,1.47246875,3.9210993993820235e-05,-44.065810725558386,0.0003130934125537466,0.08755919124939293,0.1825
ba/ba_01.wav,ba,train,147,23520,1.48246875,2.4516947232912787e-05,-46.10515893971659,0.0002475729550703832,0.06183600407720867,0.1925
ba/ba_01.wav,ba,train,148,23680,1.49246875,7.25005966648307e-06,-51.395985211976445,0.00013462967416661036,0.03773656781468965,0.2
ba/ba_01.wav,ba,train,149,23840,1.50246875,7.06374323753416e-06,-51.50903617615625,0.00013288851753946013,0.033875054785018927,0.1875
ba/ba_01.wav,ba,train,150,24000,1.51246875,5.279541418073522e-06,-52.77321546627733,0.00011488626351824574,0.032555812285445226,0.145
ba/ba_01.wav,ba,train,151,24160,1.52246875,6.9285110088270785e-06,-51.59297410938105,0.0001316103245268687,0.035308027774077134,0.125
ba/ba_01.wav,ba,train,152,24320,1.53246875,5.117789722223848e-06,-52.90832710721989,0.00011311266200368383,0.02940257734123472,0.15
ba/ba_01.wav,ba,train,153,24480,1.54246875,3.7405207049407162e-06,-54.26951847122325,9.670212904766777e-05,0.025420730730288568,0.1625
ba/ba_01.wav,ba,train,154,24640,1.55246875,3.751907718850045e-06,-54.25632114427029,9.684920906814423e-05,0.02728561845424131,0.1575
ba/ba_01.wav,ba,train,155,24800,1.56246875,4.044148942847156e-06,-53.9306548298477,0.00010055034737442675,0.02709858347446083,0.1425
ba/ba_01.wav,ba,train,156,24960,1.57246875,2.4832277770313958e-06,-56.048085865257946,7.879130308973503e-05,0.022009245706506694,0.1275
ba/ba_01.wav,ba,train,157,25120,1.58246875,6.581452490971294e-06,-51.8161226674274,0.00012827170860103265,0.036991471049252,0.08
ba/ba_01.wav,ba,train,158,25280,1.59246875,2.6173923658973215e-05,-45.82114576298022,0.0002558022852662443,0.07074181739967852,0.0475
ba/ba_01.wav,ba,train,159,25440,1.60246875,1.5137746842436652e-05,-48.19910073444906,0.0001945362873761387,0.0611820522049503,0.0375
ba/ba_01.wav,ba,train,160,25600,1.61246875,6.114023746353878e-05,-42.13665775650037,0.0003909611152772702,0.11208831493794542,0.03
ba/ba_01.wav,ba,train,161,25760,1.62246875,0.0002328345625557701,-36.329506862120446,0.0007629458738268563,0.23401446569889234,0.0075
ba/ba_01.wav,ba,train,162,25920,1.63246875,0.0006797190123515713,-31.676699433690256,0.0013035710685953905,0.3805264159494499,0.01
ba/ba_01.wav,ba,train,163,26080,1.64246875,0.0006259008991409001,-32.034937306880174,0.0012509005747269645,0.3864823432501511,0.0075
ba/ba_01.wav,ba,train,164,26240,1.65246875,0.0008140506484258369,-30.89348039932965,0.001426578641738545,0.4377703121083939,0.0075
ba/ba_01.wav,ba,train,165,26400,1.66246875,0.0010904237781054105,-29.62404288435133,0.0016510782674554003,0.5022424156074221,0.0075
ba/ba_01.wav,ba,train,166,26560,1.67246875,0.0008617924892367664,-30.645967912864375,0.001467815118838853,0.4597963428043147,0.01
ba/ba_01.wav,ba,train,167,26720,1.68246875,0.0008969682061405999,-30.472224664684788,0.0014974713738003472,0.4661869781793957,0.0075
ba/ba_01.wav,ba,train,168,26880,1.69246875,0.0012421268927901175,-29.058336857427793,0.0017621910316351329,0.5321870553501229,0.0075
ba/ba_01.wav,ba,train,169,27040,1.70246875,0.0009046651054962419,-30.435116807916273,0.0015038825631480022,0.4696133346099517,0.0075
ba/ba_01.wav,ba,train,170,27200,1.71246875,0.000744418603471308,-31.281821987232764,0.0013642017844432948,0.4165639091916379,0.0075
ba/ba_01.wav,ba,train,171,27360,1.72246875,0.0005596616055266001,-32.52073709988023,0.0011828584081860771,0.3567635504169228,0.0125
ba/ba_01.wav,ba,train,172,27520,1.73246875,0.00023849665216544257,-36.22515891913643,0.0007721668410477146,0.2446806118906245,0.0125
ba/ba_01.wav,ba,train,173,27680,1.74246875,0.00020459061961859042,-36.89112159616734,0.0007151758867904286,0.21782750324173733,0.02
ba/ba_01.wav,ba,train,174,27840,1.75246875,0.0005086793711961922,-32.93555020469003,0.0011276960707524348,0.3489284823758163,0.0175
ba/ba_01.wav,ba,train,175,28000,1.76246875,0.004065393000068612,-23.908973581231265,0.0031880217220357095,0.9340012001882709,0.0125
ba/ba_01.wav,ba,train,176,28160,1.77246875,0.011890763817430497,-19.24790210536286,0.005452238947769645,1.6385265713928496,0.0125
ba/ba_01.wav,ba,train,177,28320,1.78246875,0.014433673462771596,-18.406230940095817,0.006007011208323902,1.816668225992437,0.01
ba/ba_01.wav,ba,train,178,28480,1.79246875,0.009012755607887776,-20.451423570238966,0.004746776697899264,1.4057652153647437,0.01
ba/ba_01.wav,ba,train,179,28640,1.80246875,0.0028897741806615017,-25.391359432628498,0.0026878309938784756,0.8315838009066223,0.01
ba/ba_01.wav,ba,train,180,28800,1.81246875,0.0009040151711909908,-30.43823800723533,0.0015033422524420303,0.45212103232954964,0.01
ba/ba_01.wav,ba,train,181,28960,1.82246875,0.00016496258088541184,-37.826119246727345,0.0006421887979508282,0.2002147630995797,0.01
ba/ba_01.wav,ba,train,182,29120,1.83246875,0.00010243335910008552,-39.895543454628644,0.0005060468335541819,0.155100747490243,0.01
ba/ba_01.wav,ba,train,183,29280,1.84246875,9.6945656613497e-05,-40.13467163783281,0.0004923049273912891,0.14543025476306964,0.02
ba/ba_01.wav,ba,train,184,29440,1.85246875,3.749607711657293e-05,-44.26002584048725,0.00030617020232451156,0.09539602402968349,0.0175
ba/ba_01.wav,ba,train,185,29600,1.86246875,1.2454508814276224e-05,-49.04638526600462,0.00017645473083964216,0.05310436018908381,0.0625
ba/ba_01.wav,ba,train,186,29760,1.87246875,2.395675388269852e-06,-56.20390783917902,7.738984733590466e-05,0.021362424397634163,0.125
ba/ba_01.wav,ba,train,187,29920,1.88246875,1.5235289360400831e-06,-58.16864328174117,6.17156571714197e-05,0.016155843725525035,0.14
ba/ba_01.wav,ba,train,188,30080,1.89246875,3.411696503693951e-06,-54.66902332474866,9.235389141359923e-05,0.025182934930285547,0.0875
ba/ba_01.wav,ba,train,189,30240,1.90246875,2.8401151621502423e-06,-55.465111621683995,8.426320611854029e-05,0.022282217532330492,0.11
ba/ba_01.wav,ba,train,190,30400,1.91246875,1.4766479412195824e-06,-58.30429026968626,6.0758701870999156e-05,0.01659410101656136,0.1475
ba/ba_01.wav,ba,train,191,30560,1.92246875,1.7898647459313853e-06,-57.46937212762781,6.68929134126214e-05,0.01756665620230064,0.1325
ba/ba_01.wav,ba,train,192,30720,1.93246875,2.2308423575786583e-06,-56.51336484309521,7.46800233927832e-05,0.018375451101646945,0.1575
ba/ba_01.wav,ba,train,193,30880,1.94246875,1.2292454700960108e-06,-59.10008225412702,5.54356715052684e-05,0.015165631836204138,0.18
ba/ba_01.wav,ba,train,194,31040,1.95246875,1.053958632563357e-06,-59.767645697517835,5.1331243715775995e-05,0.013656593654389187,0.1675
ba/ba_01.wav,ba,train,195,31200,1.96246875,9.256879515969055e-07,-60.33066483454548,4.8106339280725405e-05,0.013157128658774988,0.145
ba/ba_01.wav,ba,train,196,31360,1.97246875,1.1889262916982244e-06,-59.24479939531967,5.451894835050985e-05,0.014206538026883484,0.115
ba/ba_02.wav,ba,train,0,0,0.01246875,0.0,-90.0,0.0,0.0,0.0
ba/ba_02.wav,ba,train,1,160,0.02246875,0.0,-90.0,0.0,0.0,0.0
ba/ba_02.wav,ba,train,2,320,0.03246875,0.0,-90.0,0.0,0.0,0.0
ba/ba_02.wav,ba,train,3,480,0.04246875,0.0,-90.0,0.0,0.0,0.0
ba/ba_02.wav,ba,train,4,640,0.05246875,0.0,-90.0,0.0,0.0,0.0
ba/ba_02.wav,ba,train,5,800,0.06246875,0.0,-90.0,0.0,0.0,0.0
ba/ba_02.wav,ba,train,6,960,0.07246875,0.0,-90.0,0.0,0.0,0.0
ba/ba_02.wav,ba,train,7,1120,0.08246875,0.0,-90.0,0.0,0.0,0.0
ba/ba_02.wav,ba,train,8,1280,0.09246875,0.0,-90.0,0.0,0.0,0.0
ba/ba_02.wav,ba,train,9,1440,0.10246875,0.0,-90.0,0.0,0.0,0.0
ba/ba_02.wav,ba,train,10,1600,0.11246875,0.0,-90.0,0.0,0.0,0.0
ba/ba_02.wav,ba,train,11,1760,0.12246875,0.0,-90.0,0.0,0.0,0.0
ba/ba_02.wav,ba,train,12,1920,0.13246875,0.0,-90.0,0.0,0.0,0.0
ba/ba_02.wav,ba,train,13,2080,0.14246875,0.0,-90.0,0.0,0.0,0.0
ba/ba_02.wav,ba,train,14,2240,0.15246875,0.0,-90.0,0.0,0.0,0.0
ba/ba_02.wav,ba,train,15,2400,0.16246875,0.0,-90.0,0.0,0.0,0.0
ba/ba_02.wav,ba,train,16,2560,0.17246875,0.0,-90.0,0.0,0.0,0.0
ba/ba_02.wav,ba,train,17,2720,0.18246875,0.0,-90.0,0.0,0.0,0.0
ba/ba_02.wav,ba,train,18,2880,0.19246875,0.0,-90.0,0.0,0.0,0.0
ba/ba_02.wav,ba,train,19,3040,0.20246875,0.0,-90.0,0.0,0.0,0.0
ba/ba_02.wav,ba,train,20,3200,0.21246875,0.0,-90.0,0.0,0.0,0.0
ba/ba_02.wav,ba,train,21,3360,0.22246875,0.0,-90.0,0.0,0.0,0.0
ba/ba_02.wav,ba,train,22,3520,0.23246875,0.0,-90.0,0.0,0.0,0.0
ba/ba_02.wav,ba,train,23,3680,0.24246875,0.0,-90.0,0.0,0.0,0.0
ba/ba_02.wav,ba,train,24,3840,0.25246875,0.0,-90.0,0.0,0.0,0.0
ba/ba_02.wav,ba,train,25,4000,0.26246875,0.0,-90.0,0.0,0.0,0.0
ba/ba_02.wav,ba,train,26,4160,0.27246875,0.0,-90.0,0.0,0.0,0.0
ba/ba_02.wav,ba,train,27,4320,0.28246875,0.0,-90.0,0.0,0.0,0.0
ba/ba_02.wav,ba,train,28,4480,0.29246875,0.0,-90.0,0.0,0.0,0.0
ba/ba_02.wav,ba,train,29,4640,0.30246875,0.0,-90.0,0.0,0.0,0.0
ba/ba_02.wav,ba,train,30,4800,0.31246875,0.0,-90.0,0.0,0.0,0.0
ba/ba_02.wav,ba,train,31,4960,0.32246875,8.62610578947872e-09,-80.16549369800319,4.643841564232871e-06,0.0005937571607445647,0.1
ba/ba_02.wav,ba,train,32,5120,0.33246875,6.303194724680933e-08,-71.93603290840439,1.255308201666122e-05,0.0026428599188619596,0.2225
ba/ba_02.wav,ba,train,33,5280,0.34246875,1.4236347819350288e-07,-68.43561470977701,1.886554254411352e-05,0.004642336304317707,0.265
ba/ba_02.wav,ba,train,34,5440,0.35246875,1.4495637679842938e-06,-58.38463174496639,6.019891543840914e-05,0.01399462192235687,0.225
ba/ba_02.wav,ba,train,35,5600,0.36246875,1.6822722745890136e-06,-57.73845629842587,6.485121962208986e-05,0.017455469905669478,0.1575
ba/ba_02.wav,ba,train,36,5760,0.37246875,1.5341072333686249e-06,-58.13861281923829,6.192954128218263e-05,0.01635552570174169,0.1525
ba/ba_02.wav,ba,train,37,5920,0.38246875,2.000858151942478e-06,-56.985666990900505,7.072584661816495e-05,0.0183343234575424,0.1175
ba/ba_02.wav,ba,train,38,6080,0.39246875,2.5922361011970172e-06,-55.86157941086749,8.050211334488396e-05,0.021656544687477693,0.1425
ba/ba_02.wav,ba,train,39,6240,0.40246875,1.3766176403204376e-06,-58.60871304737128,5.866467506771936e-05,0.016013995903924282,0.16
ba/ba_02.wav,ba,train,40,6400,0.41246875,1.392260296726752e-06,-58.5596773865749,5.899704011064352e-05,0.01541244731441149,0.18
ba/ba_02.wav,ba,train,41,6560,0.42246875,1.5065747882198497e-06,-58.21721134043176,6.137130412945145e-05,0.015430470652596125,0.1675
ba/ba_02.wav,ba,train,42,6720,0.43246875,1.090337022636839e-06,-59.62041111493362,5.2209602149337405e-05,0.015296388874846845,0.1275
ba/ba_02.wav,ba,train,43,6880,0.44246875,3.4674838566259524e-06,-54.59860322497758,9.310590551390863e-05,0.02389388359893513,0.0775
ba/ba_02.wav,ba,train,44,7040,0.45246875,3.2033669444934167e-06,-54.94257756993627,8.948976120894246e-05,0.025338945825537425,0.0675
ba/ba_02.wav,ba,train,45,7200,0.46246875,2.982739252655045e-06,-55.252391322988935,8.635304355746595e-05,0.024326332535251884,0.105
ba/ba_02.wav,ba,train,46,7360,0.47246875,2.0873512399470506e-06,-56.80196455505925,7.223834231118283e-05,0.01926471865280703,0.13
ba/ba_02.wav,ba,train,47,7520,0.48246875,1.1526557101505157e-06,-59.37923779993955,5.368090233384951e-05,0.014689391979145927,0.1425
ba/ba_02.wav,ba,train,48,7680,0.49246875,1.4138910612389016e-06,-58.49276997117872,5.945357561238226e-05,0.01555110217923226,0.1425
ba/ba_02.wav,ba,train,49,7840,0.50246875,1.4495401975267705e-06,-58.384702314789195,6.019842600780294e-05,0.015458930174656446,0.14
ba/ba_02.wav,ba,train,50,8000,0.51246875,1.5559472041997057e-06,-58.07726114030139,6.236880638988744e-05,0.017003671101221147,0.12
ba/ba_02.wav,ba,train,51,8160,0.52246875,1.4522324457934938e-06,-58.3766491436577,6.025430370092857e-05,0.016353608201170447,0.155
ba/ba_02.wav,ba,train,52,8320,0.53246875,1.0909887412458864e-06,-59.617818393235815,5.2225203236700915e-05,0.014236376661120374,0.15
ba/ba_02.wav,ba,train,53,8480,0.54246875,1.5806294675308322e-06,-58.00895252225733,6.286154364018657e-05,0.016471789947482628,0.155
ba/ba_02.wav,ba,train,54,8640,0.55246875,1.2725144575161759e-06,-58.949961203636114,5.640289127155132e-05,0.014669623579380696,0.1675
ba/ba_02.wav,ba,train,55,8800,0.56246875,5.990094745426128e-07,-62.21841891767877,3.869785118526004e-05,0.010635127737205902,0.205
ba/ba_02.wav,ba,train,56,8960,0.57246875,6.099341672302001e-07,-62.14005585746047,3.904914106706446e-05,0.010356977782208239,0.22
ba/ba_02.wav,ba,train,57,9120,0.58246875,8.704395446991842e-07,-60.59762736281179,4.6648674812345534e-05,0.012370380039173342,0.1875
ba/ba_02.wav,ba,train,58,9280,0.59246875,9.769142192177043e-07,-60.09699239030688,4.9419485509708224e-05,0.012952680842965006,0.1675
ba/ba_02.wav,ba,train,59,9440,0.60246875,9.599224087126453e-07,-60.17311678750169,4.898781503375726e-05,0.012799724049842458,0.1325
ba/ba_02.wav,ba,train,60,9600,0.61246875,1.9354958644626305e-06,-57.129834261465156,6.95610498853818e-05,0.016908569891865878,0.14
ba/ba_02.wav,ba,train,61,9760,0.62246875,1.1231469331384109e-06,-59.49176920011881,5.298931338341748e-05,0.014752136407597236,0.165
ba/ba_02.wav,ba,train,62,9920,0.63246875,1.1975216696020423e-06,-59.213541093954376,5.4715666623053274e-05,0.014275061808837204,0.1975
ba/ba_02.wav,ba,train,63,10080,0.64246875,1.4387979899805392e-06,-58.41698437065191,5.9974952896616335e-05,0.015765824510617168,0.1775
ba/ba_02.wav,ba,train,64,10240,0.65246875,2.3981057056395164e-06,-56.19950616407082,7.742909184601607e-05,0.019433327305466735,0.13
ba/ba_02.wav,ba,train,65,10400,0.66246875,1.807045080535303e-06,-57.42790745329877,6.721318844793972e-05,0.018351516088292434,0.1225
ba/ba_02.wav,ba,train,66,10560,0.67246875,2.252921526213911e-06,-56.47061208665046,7.504867630767898e-05,0.01986375255587405,0.1275
ba/ba_02.wav,ba,train,67,10720,0.68246875,1.9483468953488298e-06,-57.10110869281483,6.979159862312994e-05,0.01839237497913718,0.15
ba/ba_02.wav,ba,train,68,10880,0.69246875,1.1855486600391408e-06,-59.257144467823714,5.4441451579636006e-05,0.015177796965446116,0.125
ba/ba_02.wav,ba,train,69,11040,0.70246875,1.272150580443041e-06,-58.95120227620494,5.639482645693311e-05,0.015070161611462516,0.13
ba/ba_02.wav,ba,train,70,11200,0.71246875,1.2407765541896104e-06,-59.0595654426633,5.569507505582541e-05,0.015346146929304768,0.14
ba/ba_02.wav,ba,train,71,11360,0.72246875,1.4094884491078797e-06,-58.506304660554065,5.936093936899667e-05,0.015261644512416905,0.1775
ba/ba_02.wav,ba,train,72,11520,0.73246875,9.553465733172863e-07,-60.19384693913014,4.887091602674556e-05,0.012584297177091006,0.1925
ba/ba_02.wav,ba,train,73,11680,0.74246875,1.086559495472229e-06,-59.63546975432158,5.2119082289316766e-05,0.013455126339568942,0.165
ba/ba_02.wav,ba,train,74,11840,0.75246875,1.111653567172453e-06,-59.53640035382613,5.271749157472435e-05,0.014617815541663706,0.1375
ba/ba_02.wav,ba,train,75,12000,0.76246875,1.5881768379937022e-06,-57.98827773345362,6.301144415885304e-05,0.017609936142346024,0.135
ba/ba_02.wav,ba,train,76,12160,0.77246875,1.8631119650596806e-06,-57.29528005958841,6.824792973159847e-05,0.018366776115041065,0.1325
ba/ba_02.wav,ba,train,77,12320,0.78246875,1.475169758737091e-06,-58.3086369600659,6.072828333521974e-05,0.015597386203867167,0.19
ba/ba_02.wav,ba,train,78,12480,0.79246875,8.227512136239216e-07,-60.84203932556011,4.535281726706517e-05,0.01186517811122621,0.1875
ba/ba_02.wav,ba,train,79,12640,0.80246875,6.572753653177133e-07,-61.81592397234774,4.053626047496591e-05,0.011148555775641278,0.2
ba/ba_02.wav,ba,train,80,12800,0.81246875,1.7161438209354417e-06,-57.65193328588153,6.550083627205537e-05,0.015736297465960482,0.1425
ba/ba_02.wav,ba,train,81,12960,0.82246875,2.908628603942411e-06,-55.3616244247531,8.527351001252399e-05,0.023487586458079177,0.065
ba/ba_02.wav,ba,train,82,13120,0.83246875,2.8971077200296265e-06,-55.37885476233712,8.510446110559696e-05,0.022278354659510564,0.0875
ba/ba_02.wav,ba,train,83,13280,0.84246875,2.0883740949560796e-06,-56.79983794184524,7.225603945270042e-05,0.020072918940000774,0.1075
ba/ba_02.wav,ba,train,84,13440,0.85246875,5.071538269408412e-06,-52.94774667778066,0.0001126003804323992,0.030078767896672198,0.0875
ba/ba_02.wav,ba,train,85,13600,0.86246875,5.75450871113539e-06,-52.39916284427756,0.00011994278543471665,0.03424413207197217,0.065
ba/ba_02.wav,ba,train,86,13760,0.87246875,8.86132432724696e-06,-50.52452360493043,0.0001488398831567581,0.043336112272842356,0.0275
ba/ba_02.wav,ba,train,87,13920,0.88246875,2.0916281203594712e-05,-46.794947650729036,0.00022867160516554474,0.0702093137127201,0.0325
ba/ba_02.wav,ba,train,88,14080,0.89246875,0.0002162418790556959,-36.65058185078115,0.0007352582523435148,0.21423330425140386,0.0325
ba/ba_02.wav,ba,train,89,14240,0.90246875,0.0018101945262458555,-27.422745127642823,0.0021273190441526723,0.6396750684225005,0.03
ba/ba_02.wav,ba,train,90,14400,0.91246875,0.007773352177583693,-21.093915999400494,0.004408330800196286,1.3272042105734423,0.03
ba/ba_02.wav,ba,train,91,14560,0.92246875,0.017975991265030692,-17.453071274633828,0.006703728676085924,2.0300859491078715,0.03
ba/ba_02.wav,ba,train,92,14720,0.93246875,0.028681776849261206,-15.423939322861917,0.008467847549593286,2.577888206435871,0.03
ba/ba_02.wav,ba,train,93,14880,0.94246875,0.032761309337354896,-14.84638736310213,0.009050042726053134,2.659647632008066,0.0325
ba/ba_02.wav,ba,train,94,15040,0.95246875,0.01147052085049475,-19.404168234557716,0.005355025875403113,1.5811068867559992,0.0425
ba/ba_02.wav,ba,train,95,15200,0.96246875,0.0050235719743764035,-22.989872846279408,0.003543858058097278,1.070228665375704,0.0575
ba/ba_02.wav,ba,train,96,15360,0.97246875,0.00823423516015732,-20.843766814747504,0.0045371343269065,1.2903366987505074,0.075
ba/ba_02.wav,ba,train,97,15520,0.98246875,0.011968091898152218,-19.219750484068946,0.005469938733238294,1.4796006437870939,0.095
ba/ba_02.wav,ba,train,98,15680,0.99246875,0.00904165444650534,-20.43752046796589,0.0047543807289975575,1.3280240336823073,0.1175
ba/ba_02.wav,ba,train,99,15840,1.00246875,0.006832370753960488,-21.654285114201542,0.004132907800193614,1.1811976400548228,0.1175
ba/ba_02.wav,ba,train,100,16000,1.01246875,0.008357613733676428,-20.779176526820837,0.004570999270858733,1.2387290201884436,0.115
ba/ba_02.wav,ba,train,101,16160,1.02246875,0.01030637721994201,-19.8689392399218,0.005076016454844785,1.401229229006903,0.1175
ba/ba_02.wav,ba,train,102,16320,1.03246875,0.014893167608245788,-18.27012893740203,0.006101878319059999,1.668988203641749,0.13
ba/ba_02.wav,ba,train,103,16480,1.04246875,0.015406456486385766,-18.12297210144623,0.006206137382943147,1.6186067925565948,0.1375
ba/ba_02.wav,ba,train,104,16640,1.05246875,0.012478079547310138,-19.038522152804735,0.0055852662307427515,1.5069112747275337,0.125
ba/ba_02.wav,ba,train,105,16800,1.06246875,0.01669541154602169,-17.774028449985224,0.006460536267606136,1.7334113745739623,0.1225
ba/ba_02.wav,ba,train,106,16960,1.07246875,0.016492252838185353,-17.827199894373287,0.006421108322981585,1.7030241259543846,0.1375
ba/ba_02.wav,ba,train,107,17120,1.08246875,0.01896192761203276,-17.221174927908415,0.006885115760107589,1.8137577904495719,0.1375
ba/ba_02.wav,ba,train,108,17280,1.09246875,0.022681759731294902,-16.443232352198393,0.0075302323555277665,1.9538168134731813,0.1375
ba/ba_02.wav,ba,train,109,17440,1.10246875,0.016780725063474042,-17.75189252176062,0.006477021897344883,1.680514793420607,0.1325
ba/ba_02.wav,ba,train,110,17600,1.11246875,0.017653839862609086,-17.531607926009652,0.0066433876641757645,1.6457482768520881,0.1375
ba/ba_02.wav,ba,train,111,17760,1.12246875,0.020163560111212453,-16.95432764172441,0.007099922554368542,1.7318354350698466,0.1375
ba/ba_02.wav,ba,train,112,17920,1.13246875,0.0195609408954005,-17.086102369652725,0.006993021681540909,1.7915644559325385,0.1375
ba/ba_02.wav,ba,train,113,18080,1.14246875,0.015519523039912242,-18.091216020217335,0.006228868886064356,1.520304935893859,0.145
ba/ba_02.wav,ba,train,114,18240,1.15246875,0.011406146088197556,-19.428610322616386,0.005339978016854928,1.3408773325183847,0.155
ba/ba_02.wav,ba,train,115,18400,1.16246875,0.011956107618907868,-19.224101481344263,0.005467199378774261,1.547135506570827,0.1575
ba/ba_02.wav,ba,train,116,18560,1.17246875,0.012460044403868675,-19.04480375123583,0.005581228449872993,1.4199686531037523,0.15
ba/ba_02.wav,ba,train,117,18720,1.18246875,0.0064709449785289325,-21.890322257881646,0.004022109203679375,1.0667351533614708,0.1425
ba/ba_02.wav,ba,train,118,18880,1.19246875,0.007372293031153081,-21.323973520258356,0.004293102907907368,1.1311016448323516,0.1375
ba/ba_02.wav,ba,train,119,19040,1.20246875,0.007251148109245996,-21.39593164151833,0.004257683674618746,1.0476459700389382,0.1425
ba/ba_02.wav,ba,train,120,19200,1.21246875,0.00727280572118688,-21.382979538883994,0.004264037324293398,1.0373094808189824,0.15
ba/ba_02.wav,ba,train,121,19360,1.22246875,0.009114648304594703,-20.402600366095925,0.004773533362351913,1.2391732332293963,0.1425
ba/ba_02.wav,ba,train,122,19520,1.23246875,0.010071600109567907,-19.96901482993923,0.005017868100490463,1.3240862613175794,0.1425
ba/ba_02.wav,ba,train,123,19680,1.24246875,0.009876150051917661,-20.05412276322867,0.00496894104712404,1.372492816608005,0.1475
ba/ba_02.wav,ba,train,124,19840,1.25246875,0.007697073561175219,-21.1367430643128,0.00438664836782458,1.2345192457621206,0.155
ba/ba_02.wav,ba,train,125,20000,1.26246875,0.0071028503527971135,-21.485672740700924,0.0042139204883330185,1.1832371769449015,0.1675
ba/ba_02.wav,ba,train,126,20160,1.27246875,0.007810611926829078,-21.07314884138713,0.004418883322409938,1.2201966889076137,0.1625
ba/ba_02.wav,ba,train,127,20320,1.28246875,0.0069250133281940985,-21.595793236860125,0.004160833248339237,1.1500841670356234,0.1525
ba/ba_02.wav,ba,train,128,20480,1.29246875,0.005918353313717253,-22.277990385187252,0.003846541730475978,1.0736864238755717,0.145
ba/ba_02.wav,ba,train,129,20640,1.30246875,0.004444952004520069,-23.521328263665463,0.003333523662927889,0.9318263653317259,0.1425
ba/ba_02.wav,ba,train,130,20800,1.31246875,0.003296226239429547,-24.81982856007544,0.0028706385349907553,0.7953217984930341,0.14
ba/ba_02.wav,ba,train,131,20960,1.32246875,0.003581551407282763,-24.459286896185258,0.002992303212945992,0.7533568944046759,0.145
ba/ba_02.wav,ba,train,132,21120,1.33246875,0.003703019692750976,-24.31443861074388,0.0030426220981050935,0.7334612091364988,0.155
ba/ba_02.wav,ba,train,133,21280,1.34246875,0.002259551891224674,-26.459774883234097,0.0023767372021453455,0.6076027229172078,0.1575
ba/ba_02.wav,ba,train,134,21440,1.35246875,0.0018405865627309208,-27.35043516926205,0.002145102889566676,0.5774183647611283,0.1575
ba/ba_02.wav,ba,train,135,21600,1.36246875,0.0022088541737651833,-26.558327582329277,0.002349922431573638,0.630128650366157,0.1625
ba/ba_02.wav,ba,train,136,21760,1.37246875,0.002302726606527025,-26.377574324130315,0.002399336682568239,0.5989521135866331,0.1675
ba/ba_02.wav,ba,train,137,21920,1.38246875,0.0016779240516007856,-27.75227441840542,0.002048123562923381,0.5033253880201503,0.1575
ba/ba_02.wav,ba,train,138,22080,1.39246875,0.001078651799452701,-29.67118325054969,0.0016421417413340885,0.42091803690086677,0.15
ba/ba_02.wav,ba,train,139,22240,1.40246875,0.001449913715021663,-28.386575425131518,0.0019038866267596286,0.4817015238210885,0.145
ba/ba_02.wav,ba,train,140,22400,1.41246875,0.0012785467773067031,-28.932830384370437,0.0017878386233848842,0.5002891934047865,0.15
ba/ba_02.wav,ba,train,141,22560,1.42246875,0.0012945114088096365,-28.87893782191857,0.0017989659591065338,0.46768505122332504,0.1475
ba/ba_02.wav,ba,train,142,22720,1.43246875,0.0006477591980603426,-31.88585740941182,0.0012725556943218072,0.37617526751994346,0.1425
ba/ba_02.wav,ba,train,143,22880,1.44246875,0.0007586154679510913,-31.19977733920784,0.0013771487464605007,0.37306728661827293,0.15
ba/ba_02.wav,ba,train,144,23040,1.45246875,0.0003115511020222169,-35.06469314242088,0.0008825405118494801,0.24835903783700364,0.165
ba/ba_02.wav,ba,train,145,23200,1.46246875,0.000351723354152121,-34.53797559156227,0.0009377144476759984,0.24106516739343836,0.1575
ba/ba_02.wav,ba,train,146,23360,1.47246875,0.0003122642112915719,-35.05476396767799,0.0008835499579700797,0.2352708538544639,0.15
ba/ba_02.wav,ba,train,147,23520,1.48246875,0.0003437596479665241,-34.63743840706453,0.0009270378201110839,0.23708834101531495,0.1475
ba/ba_02.wav,ba,train,148,23680,1.49246875,0.0002815062592906724,-35.50510401419271,0.0008389074133816443,0.23250058000616936,0.1475
ba/ba_02.wav,ba,train,149,23840,1.50246875,0.000262062077397404,-35.815941633805025,0.0008094165759937894,0.21509970554714058,0.145
ba/ba_02.wav,ba,train,150,24000,1.51246875,0.0002301554386188279,-36.37976871226166,0.0007585437341030969,0.18517336980209315,0.145
ba/ba_02.wav,ba,train,151,24160,1.52246875,0.00016793266604094536,-37.74862231139127,0.0006479441836318645,0.16035771483454858,0.1425
ba/ba_02.wav,ba,train,152,24320,1.53246875,0.00010527682216760146,-39.7766310768126,0.0005130224706764838,0.1346619119508317,0.1475
ba/ba_02.wav,ba,train,153,24480,1.54246875,6.346654513500806e-05,-41.97448299463546,0.0003983294651887055,0.10401950526811117,0.14
ba/ba_02.wav,ba,train,154,24640,1.55246875,6.006213138171353e-05,-42.21392029673699,0.00038749881090692885,0.10339869630536871,0.1325
ba/ba_02.wav,ba,train,155,24800,1.56246875,8.737505500116986e-05,-40.586075674302926,0.0004673731244978948,0.11695988683309579,0.1175
ba/ba_02.wav,ba,train,156,24960,1.57246875,8.066603866261744e-05,-40.93303885986138,0.0004490713714506232,0.11899189890305409,0.115
ba/ba_02.wav,ba,train,157,25120,1.58246875,7.500680732387349e-05,-41.24893529925525,0.0004330323524976901,0.12030247092402695,0.1175
ba/ba_02.wav,ba,train,158,25280,1.59246875,9.089676494938058e-05,-40.414467953488185,0.0004766989745882106,0.12183335390836991,0.1125
ba/ba_02.wav,ba,train,159,25440,1.60246875,5.613680417741901e-05,-42.507445787389955,0.00037462249057357397,0.1038051021020831,0.0975
ba/ba_02.wav,ba,train,160,25600,1.61246875,5.780251993606681e-05,-42.38045714481462,0.00038013984247927367,0.10029287537048062,0.0775
ba/ba_02.wav,ba,train,161,25760,1.62246875,3.7319994750322085e-05,-44.28046789126549,0.00030545046550268216,0.08404482917136409,0.09
ba/ba_02.wav,ba,train,162,25920,1.63246875,1.8761678126708235e-05,-47.26705171679826,0.0002165737641469312,0.05692847842671005,0.1025
ba/ba_02.wav,ba,train,163,26080,1.64246875,8.386181219586257e-06,-50.76383973196197,0.00014479452009301196,0.03971002975179561,0.1225
ba/ba_02.wav,ba,train,164,26240,1.65246875,6.650631284366218e-06,-51.77071832754275,0.0001289440894764686,0.03365237017275172,0.1275
ba/ba_02.wav,ba,train,165,26400,1.66246875,4.784044534496947e-06,-53.201140158816465,0.0001093622939419358,0.027550236400597228,0.1475
ba/ba_02.wav,ba,train,166,26560,1.67246875,2.7890200314255487e-06,-55.54392678623768,8.350179685829445e-05,0.023444033338556935,0.13
ba/ba_02.wav,ba,train,167,26720,1.68246875,3.80700358075453e-06,-54.193026519101466,9.755772112901329e-05,0.026123020575279148,0.12
ba/ba_02.wav,ba,train,168,26880,1.69246875,2.529596777905599e-06,-55.96777049263441,7.952353076142933e-05,0.02329645337368548,0.1075
ba/ba_02.wav,ba,train,169,27040,1.70246875,2.4012627093435425e-06,-56.193795002722254,7.748004112904727e-05,0.02141970288994461,0.12
ba/ba_02.wav,ba,train,170,27200,1.71246875,2.217388461850363e-06,-56.53962402250854,7.445449049336049e-05,0.020087067655229548,0.135
ba/ba_02.wav,ba,train,171,27360,1.72246875,2.1499202102324587e-06,-56.673756997466484,7.331303107620873e-05,0.01948325636829971,0.115
ba/ba_02.wav,ba,train,172,27520,1.73246875,2.7020926689656955e-06,-55.6813906531475,8.219021640325714e-05,0.02192711893381721,0.115
ba/ba_02.wav,ba,train,173,27680,1.74246875,1.8388259525210042e-06,-57.352232592920444,6.780165839640289e-05,0.016900017704838725,0.1375
ba/ba_02.wav,ba,train,174,27840,1.75246875,1.4873665366918096e-06,-58.27290102889596,6.097881879578781e-05,0.016097465699826785,0.1375
ba/ba_02.wav,ba,train,175,28000,1.76246875,1.940086578479101e-06,-57.11955093299344,6.964349536171883e-05,0.019606419921683785,0.14
ba/ba_02.wav,ba,train,176,28160,1.77246875,2.3013999509488215e-06,-56.3781923265984,7.58518284378963e-05,0.01947196625553256,0.1775
ba/ba_02.wav,ba,train,177,28320,1.78246875,1.6502994978903941e-06,-57.82174151155779,6.423199159862618e-05,0.01594095453504295,0.15
ba/ba_02.wav,ba,train,178,28480,1.79246875,1.1694010128292142e-06,-59.31665311057431,5.4069423263736e-05,0.014232072923813975,0.1725
ba/ba_02.wav,ba,train,179,28640,1.80246875,1.6725714307245067e-06,-57.76355746522548,6.4663966602825e-05,0.01744198751133782,0.1475
ba/ba_02.wav,ba,train,180,28800,1.81246875,2.6101004178237547e-06,-55.83176425738091,8.077902601888306e-05,0.01996946886673462,0.195
ba/ba_02.wav,ba,train,181,28960,1.82246875,6.155078012602988e-07,-62.10061423491829,3.922715262609239e-05,0.01125723688659492,0.2025
ba/ba_02.wav,ba,train,182,29120,1.83246875,8.968128208574275e-07,-60.4681419712118,4.735010086730089e-05,0.01225352669708829,0.22
ba/ba_02.wav,ba,train,183,29280,1.84246875,7.075083729177577e-07,-61.4965501303756,4.2056758461564704e-05,0.011381030766844092,0.17
ba/ba_02.wav,ba,train,184,29440,1.85246875,9.650524385711784e-07,-60.14999298880578,4.9118541269340905e-05,0.01220868314287048,0.1825
ba/ba_02.wav,ba,train,185,29600,1.86246875,9.389354639460223e-07,-60.269019640750834,4.844934117059855e-05,0.01264161732643207,0.1625
ba/ba_02.wav,ba,train,186,29760,1.87246875,1.2452740724820508e-06,-59.043864399579995,5.579592441393123e-05,0.015098613542920454,0.14
ba/ba_02.wav,ba,train,187,29920,1.88246875,1.1949756864154208e-06,-59.22277649246396,5.465747173112339e-05,0.014045681832233429,0.19
ba/ba_02.wav,ba,train,188,30080,1.89246875,1.1777642542973485e-06,-59.285730424834576,5.4262423791638457e-05,0.014138540748244017,0.1975
ba/ba_02.wav,ba,train,189,30240,1.90246875,1.7608054232118269e-06,-57.540420574969566,6.634767183578913e-05,0.016683465599023898,0.1825
ba/ba_02.wav,ba,train,190,30400,1.91246875,1.255042052489801e-06,-59.00995820106354,5.6014329695395824e-05,0.01535368971719209,0.16
ba/ba_02.wav,ba,train,191,30560,1.92246875,2.525846480607202e-06,-55.974211429833204,7.946455940554887e-05,0.01931019621392499,0.15
ba/ba_02.wav,ba,train,192,30720,1.93246875,2.243477217455384e-06,-56.48884798541957,7.489120805300486e-05,0.019621798950492736,0.1825
ba/ba_02.wav,ba,train,193,30880,1.94246875,9.241359202944446e-07,-60.33794456344899,4.8065994223942894e-05,0.013031902457710744,0.17
ba/ba_02.wav,ba,train,194,31040,1.95246875,7.495972777431327e-07,-61.24593015013903,4.328964303800427e-05,0.011373600401403828,0.21
ba/ba_02.wav,ba,train,195,31200,1.96246875,6.507313863492795e-07,-61.859313635677395,4.033396169325794e-05,0.010942376241240243,0.225
ba/ba_02.wav,ba,train,196,31360,1.97246875,9.918613511657917e-07,-60.03111394634293,4.9796118100856814e-05,0.013158879036487828,0.2475
ba/ba_02.wav,ba,train,197,31520,1.98246875,1.064822584587922e-06,-59.72315081376031,5.1595120519965884e-05,0.013505124969714788,0.2225
ba/ba_02.wav,ba,train,198,31680,1.99246875,1.090782024438643e-06,-59.61864060379364,5.2220255276057466e-05,0.013193422562953337,0.1875
ba/ba_02.wav,ba,train,199,31840,2.00246875,1.05703986897976e-06,-59.75497966940081,5.1406222118041315e-05,0.013328625687323077,0.1525
ba/ba_02.wav,ba,train,200,32000,2.01246875,1.230286840792557e-06,-59.09640761965558,5.545914804593912e-05,0.014976605048411784,0.1425
ba/ba_02.wav,ba,train,201,32160,2.02246875,1.0199154523199268e-06,-59.91010222762558,5.0495431781497e-05,0.014022193144836426,0.14
ba/ba_02.wav,ba,train,202,32320,2.03246875,2.1188279782530973e-06,-56.736993801687035,7.27809724147235e-05,0.019181993114552445,0.12
ba/ba_02.wav,ba,train,203,32480,2.04246875,1.387079770612627e-06,-58.57585574989667,5.8887175399500764e-05,0.016907513135672552,0.1025
ba/ba_02.wav,ba,train,204,32640,2.05246875,1.2240922686791681e-06,-59.11831200875645,5.531935169267551e-05,0.014205693520092157,0.1625
ba/ba_02.wav,ba,train,205,32800,2.06246875,6.623676753884916e-07,-61.7824569462304,4.0692986969147756e-05,0.01071821624421199,0.2
ba/ba_02.wav,ba,train,206,32960,2.07246875,6.937325859544987e-07,-61.581823303636924,4.164530543634236e-05,0.011307377707354013,0.2025
ba/ba_02.wav,ba,train,207,33120,2.08246875,1.6805790840349105e-06,-57.74282703162119,6.481857534755972e-05,0.015378682824948347,0.18
ba/ba_02.wav,ba,train,208,33280,2.09246875,1.093945483345604e-06,-59.60607503537634,5.2295924395348536e-05,0.013884444728470804,0.1275
ba/ba_02.wav,ba,train,209,33440,2.10246875,1.1445477113604864e-06,-59.40986817998745,5.349176832374507e-05,0.013832454508471856,0.145
ba/ba_02.wav,ba,train,210,33600,2.11246875,9.264609212836344e-07,-60.327043803958546,4.812642001239118e-05,0.01216726490518542,0.155
ba/ba_02.wav,ba,train,211,33760,2.12246875,1.3613843840409196e-06,-58.65700342998865,5.83391888879362e-05,0.015539654353313543,0.1375
ba/ba_02.wav,ba,train,212,33920,2.13246875,2.154089119107631e-06,-56.66534765811182,7.338407727681174e-05,0.018573603788789163,0.1075
ba/ba_02.wav,ba,train,213,34080,2.14246875,1.8735368836732735e-06,-57.27106009913978,6.843860174772118e-05,0.019222201571917695,0.125
ba/ba_02.wav,ba,train,214,34240,2.15246875,2.8036867416512947e-06,-55.52115638496786,8.372106577276855e-05,0.022514049409444216,0.115
ba/ba_02.wav,ba,train,215,34400,2.16246875,3.6573499091032933e-06,-54.3671475803809,9.562099545998375e-05,0.027040295353618668,0.125
ba/ba_02.wav,ba,train,216,34560,2.17246875,3.7569530157339194e-06,-54.250486540212975,9.691430513260052e-05,0.026310540145688333,0.0975
ba/ba_02.wav,ba,train,217,34720,2.18246875,3.5845322363493255e-06,-54.454463685448616,9.466430473453715e-05,0.02878843242727145,0.08
ba/ba_02.wav,ba,train,218,34880,2.19246875,7.5202170980582195e-06,-51.237118753391464,0.00013711507118163761,0.03634739099915992,0.0775
ba/ba_02.wav,ba,train,219,35040,2.20246875,3.370345027367541e-06,-54.721967990026144,9.179249734275047e-05,0.024913804279235088,0.0975
ba/ba_02.wav,ba,train,220,35200,2.21246875,1.640892437189485e-06,-57.84655297560781,6.404866191399874e-05,0.0183469312719248,0.1025
ba/ba_02.wav,ba,train,221,35360,2.22246875,3.8080917632218543e-06,-54.1917856480798,9.7571662935786e-05,0.02692097397707561,0.075
ba/ba_02.wav,ba,train,222,35520,2.23246875,6.896184221050828e-06,-51.61328174023042,0.00013130293428795516,0.033924493355930396,0.085
ba/ba_02.wav,ba,train,223,35680,2.24246875,3.086767480012101e-06,-55.10355411040233,8.784599421732474e-05,0.024024928971399705,0.1075
ba/ba_02.wav,ba,train,224,35840,2.25246875,2.2575643970948293e-06,-56.461675221474295,7.51259674995076e-05,0.019678459108930218,0.1675
ba/ba_02.wav,ba,train,225,36000,2.26246875,1.3959507023640784e-06,-58.54818919633145,5.907517884789005e-05,0.015957705508075768,0.18
ba/ba_02.wav,ba,train,226,36160,2.27246875,1.64159329728386e-06,-57.844699536739135,6.406233872728695e-05,0.017705139733954062,0.1775
ba/ba_02.wav,ba,train,227,36320,2.28246875,3.7873321987662644e-06,-54.21551944725445,9.73053467026127e-05,0.022425734054744795,0.1225
ba/ba_02.wav,ba,train,228,36480,2.29246875,2.1330846018173134e-06,-56.70788367772785,7.302541683922991e-05,0.02063593315797956,0.095
ba/ba_02.wav,ba,train,229,36640,2.30246875,3.1475623483332917e-06,-55.018877023082396,8.87068535730652e-05,0.02347583549253769,0.1125
ba/ba_02.wav,ba,train,230,36800,2.31246875,1.0302282828089948e-06,-59.866451843867736,5.075008085729999e-05,0.014448277951974325,0.145
ba/ba_02.wav,ba,train,231,36960,2.32246875,8.155299761720076e-07,-60.8802786696268,4.5153349160721386e-05,0.012577583602942987,0.1525
ba/ba_02.wav,ba,train,232,37120,2.33246875,1.8179342623481587e-06,-57.40182996382004,6.741539628208378e-05,0.01825594233164545,0.125
ba/ba_02.wav,ba,train,233,37280,2.34246875,2.248866495602577e-06,-56.47843251641223,7.498110588012451e-05,0.020110678833415087,0.11
ba/ba_02.wav,ba,train,234,37440,2.35246875,9.155941620297613e-07,-60.37822913190222,4.784334232758413e-05,0.013160785800913545,0.1525
ba/ba_02.wav,ba,train,235,37600,2.36246875,4.233177707132332e-05,-43.73323240451312,0.0003253143751485758,0.0716952998328797,0.1225
ba/ba_02.wav,ba,train,236,37760,2.37246875,0.0015052481858063732,-28.22391599031889,0.0019398764044433173,0.5186587813789167,0.0375
ba/ba_02.wav,ba,train,237,37920,2.38246875,0.009511632228096565,-20.21744904613589,0.004876379863201944,1.4423635290835772,0.015
ba/ba_02.wav,ba,train,238,38080,2.39246875,0.023245129843170946,-16.336680048989535,0.0076231768055009305,2.271717897908861,0.0125
ba/ba_02.wav,ba,train,239,38240,2.40246875,0.02708197331574501,-15.67319678126527,0.008228300753458305,2.5192715059186286,0.01
ba/ba_02.wav,ba,train,240,38400,2.41246875,0.019566002964676504,-17.084978628089196,0.006993926465991136,2.0571437554705643,0.01
ba/ba_02.wav,ba,train,241,38560,2.42246875,0.006230293621322802,-22.054914157181408,0.00394661045117288,1.1779981078149209,0.01
ba/ba_02.wav,ba,train,242,38720,2.43246875,0.0007681071931175655,-31.14577602410518,0.001385737342642506,0.38463486688814563,0.0175
ba/ba_02.wav,ba,train,243,38880,2.44246875,0.0002070156761646396,-36.83994668675589,0.0007194019672002565,0.21213733230473192,0.015
ba/ba_02.wav,ba,train,244,39040,2.45246875,0.0005871938458491073,-32.312177651306705,0.001211604149308993,0.37042793199867513,0.01
ba/ba_02.wav,ba,train,245,39200,2.46246875,0.0010130063875765309,-29.943873874412766,0.0015913880635914444,0.4793746440407436,0.01
ba/ba_02.wav,ba,train,246,39360,2.47246875,0.0005664789255109866,-32.46815475728702,0.001190040887439363,0.34042851297532123,0.01
ba/ba_02.wav,ba,train,247,39520,2.48246875,5.422760297004497e-05,-42.65771583656295,0.0003681969682454113,0.10071040294066622,0.0525
ba/ba_02.wav,ba,train,248,39680,2.49246875,4.439537339436241e-06,-53.5256447370698,0.00010535104816085412,0.029245336556569204,0.08
ba/ba_02.wav,ba,train,249,39840,2.50246875,2.849597050653517e-06,-55.45064168536085,8.440374770490819e-05,0.025037094141596154,0.08
ba/ba_02.wav,ba,train,250,40000,2.51246875,2.4583592367178596e-06,-56.09178029565777,7.839577853299659e-05,0.023089250065878638,0.05
ba/ba_02.wav,ba,train,251,40160,2.52246875,2.727448123274247e-06,-55.64084299161361,8.257493753061892e-05,0.022256200066643163,0.0925
ba/ba_02.wav,ba,train,252,40320,2.53246875,1.8560543003035285e-06,-57.31175397295539,6.811854190129749e-05,0.01739943426633361,0.1225
ba/ba_02.wav,ba,train,253,40480,2.54246875,1.6192451727887963e-06,-57.9041926377039,6.362478237268863e-05,0.015699674392253914,0.16
ba/ba_02.wav,ba,train,254,40640,2.55246875,7.921271910517874e-07,-61.006571608002915,4.450076378703481e-05,0.011053659161053622,0.175
ba/ba_02.wav,ba,train,255,40800,2.56246875,7.980122970126657e-07,-60.97446536726498,4.4665767009329016e-05,0.011564662772258223,0.1825
ba/ba_02.wav,ba,train,256,40960,2.57246875,9.723254423604286e-07,-60.11741924182081,4.9303281897872394e-05,0.01376887667015873,0.135
ba/ba_02.wav,ba,train,257,41120,2.58246875,1.377450999524042e-06,-58.60608667363468,5.868242921701611e-05,0.016169837439581006,0.125
ba/ba_02.wav,ba,train,258,41280,2.59246875,1.2686793293314344e-06,-58.963059507659786,5.631783308445546e-05,0.014523713554639318,0.1475
ba/ba_02.wav,ba,train,259,41440,2.60246875,7.802041100421859e-07,-61.07235480484099,4.4164581681540526e-05,0.012081379549655755,0.15
ba/ba_02.wav,ba,train,260,41600,2.61246875,1.0286646563478113e-06,-59.873041943345974,5.071155332731909e-05,0.013834836492966799,0.1425
ba/ba_02.wav,ba,train,261,41760,2.62246875,1.2073974925099647e-06,-59.177901845823186,5.49408202639432e-05,0.014803174607894534,0.145
ba/ba_03.wav,ba,train,0,0,0.01246875,0.0,-90.0,0.0,0.0,0.0
ba/ba_03.wav,ba,train,1,160,0.02246875,0.0,-90.0,0.0,0.0,0.0
ba/ba_03.wav,ba,train,2,320,0.03246875,0.0,-90.0,0.0,0.0,0.0
ba/ba_03.wav,ba,train,3,480,0.04246875,0.0,-90.0,0.0,0.0,0.0
ba/ba_03.wav,ba,train,4,640,0.05246875,0.0,-90.0,0.0,0.0,0.0
ba/ba_03.wav,ba,train,5,800,0.06246875,0.0,-90.0,0.0,0.0,0.0
ba/ba_03.wav,ba,train,6,960,0.07246875,0.0,-90.0,0.0,0.0,0.0
ba/ba_03.wav,ba,train,7,1120,0.08246875,0.0,-90.0,0.0,0.0,0.0
ba/ba_03.wav,ba,train,8,1280,0.09246875,0.0,-90.0,0.0,0.0,0.0
ba/ba_03.wav,ba,train,9,1440,0.10246875,0.0,-90.0,0.0,0.0,0.0
ba/ba_03.wav,ba,train,10,1600,0.11246875,0.0,-90.0,0.0,0.0,0.0
ba/ba_03.wav,ba,train,11,1760,0.12246875,0.0,-90.0,0.0,0.0,0.0
ba/ba_03.wav,ba,train,12,1920,0.13246875,0.0,-90.0,0.0,0.0,0.0
ba/ba_03.wav,ba,train,13,2080,0.14246875,0.0,-90.0,0.0,0.0,0.0
ba/ba_03.wav,ba,train,14,2240,0.15246875,0.0,-90.0,0.0,0.0,0.0
ba/ba_03.wav,ba,train,15,2400,0.16246875,0.0,-90.0,0.0,0.0,0.0
ba/ba_03.wav,ba,train,16,2560,0.17246875,0.0,-90.0,0.0,0.0,0.0
ba/ba_03.wav,ba,train,17,2720,0.18246875,0.0,-90.0,0.0,0.0,0.0
ba/ba_03.wav,ba,train,18,2880,0.19246875,0.0,-90.0,0.0,0.0,0.0
ba/ba_03.wav,ba,train,19,3040,0.20246875,0.0,-90.0,0.0,0.0,0.0
ba/ba_03.wav,ba,train,20,3200,0.21246875,0.0,-90.0,0.0,0.0,0.0
ba/ba_03.wav,ba,train,21,3360,0.22246875,0.0,-90.0,0.0,0.0,0.0
ba/ba_03.wav,ba,train,22,3520,0.23246875,0.0,-90.0,0.0,0.0,0.0
ba/ba_03.wav,ba,train,23,3680,0.24246875,0.0,-90.0,0.0,0.0,0.0
ba/ba_03.wav,ba,train,24,3840,0.25246875,0.0,-90.0,0.0,0.0,0.0
ba/ba_03.wav,ba,train,25,4000,0.26246875,0.0,-90.0,0.0,0.0,0.0
ba/ba_03.wav,ba,train,26,4160,0.27246875,0.0,-90.0,0.0,0.0,0.0
ba/ba_03.wav,ba,train,27,4320,0.28246875,0.0,-90.0,0.0,0.0,0.0
ba/ba_03.wav,ba,train,28,4480,0.29246875,0.0,-90.0,0.0,0.0,0.0
ba/ba_03.wav,ba,train,29,4640,0.30246875,0.0,-90.0,0.0,0.0,0.0
ba/ba_03.wav,ba,train,30,4800,0.31246875,0.0,-90.0,0.0,0.0,0.0
ba/ba_03.wav,ba,train,31,4960,0.32246875,0.0,-90.0,0.0,0.0,0.0
ba/ba_03.wav,ba,train,32,5120,0.33246875,1.6895460109684238e-09,-85.70321021696778,2.05520437607092e-06,0.0002012284935587774,0.085
ba/ba_03.wav,ba,train,33,5280,0.34246875,4.827473383460081e-08,-73.0737571295367,1.098575598611684e-05,0.0020278367246243725,0.2225
ba/ba_03.wav,ba,train,34,5440,0.35246875,8.83753824546615e-08,-70.48782086756249,1.486399865906391e-05,0.0037670597231369207,0.3525
ba/ba_03.wav,ba,train,35,5600,0.36246875,7.045607671682273e-07,-61.51465576226657,4.196905905450548e-05,0.009991714494505302,0.27
ba/ba_03.wav,ba,train,36,5760,0.37246875,1.7382326076853584e-06,-57.596423308905614,6.592102486470759e-05,0.016861954229860733,0.1575
ba/ba_03.wav,ba,train,37,5920,0.38246875,1.381238479418947e-06,-58.59417021100299,5.876305130392199e-05,0.01569946457415909,0.155
ba/ba_03.wav,ba,train,38,6080,0.39246875,1.40500175036189e-06,-58.52014138653295,5.9266384872917e-05,0.015419540203877091,0.1775
ba/ba_03.wav,ba,train,39,6240,0.40246875,1.6235188978472943e-06,-57.89275232190305,6.370869049523962e-05,0.015490323862343168,0.1875
ba/ba_03.wav,ba,train,40,6400,0.41246875,1.2690792044560665e-06,-58.96169194803392,5.632670779603728e-05,0.014853015446761434,0.16
ba/ba_03.wav,ba,train,41,6560,0.42246875,2.3751746958636983e-06,-56.24121633278136,7.705800892612815e-05,0.019645066099216398,0.1375
ba/ba_03.wav,ba,train,42,6720,0.43246875,1.3156316553535299e-06,-58.80535707515175,5.7350493793722686e-05,0.015510940571163284,0.145
ba/ba_03.wav,ba,train,43,6880,0.44246875,1.1063824700717304e-06,-59.55702355676328,5.259235852459296e-05,0.014264045608347719,0.1475
ba/ba_03.wav,ba,train,44,7040,0.45246875,1.1297271152957142e-06,-59.466421931476994,5.314431096777232e-05,0.014374544130039602,0.1575
ba/ba_03.wav,ba,train,45,7200,0.46246875,1.02291866666037e-06,-59.89734539476845,5.0569720848062085e-05,0.013287050414593025,0.175
ba/ba_03.wav,ba,train,46,7360,0.47246875,6.108004549864072e-07,-62.13390204373222,3.907686191937651e-05,0.010935166001240355,0.1575
ba/ba_03.wav,ba,train,47,7520,0.48246875,1.1068754190928312e-06,-59.55509073400432,5.260407348991215e-05,0.013771348419043997,0.1775
ba/ba_03.wav,ba,train,48,7680,0.49246875,9.946863177817881e-07,-60.01877460686031,4.986698100401176e-05,0.013015716001072875,0.19
ba/ba_03.wav,ba,train,49,7840,0.50246875,8.521120444084591e-07,-60.68993926543196,4.615495759960297e-05,0.01242211582881115,0.205
ba/ba_03.wav,ba,train,50,8000,0.51246875,8.047815714511334e-07,-60.93782669323667,4.485480942583341e-05,0.011501045742153219,0.22
ba/ba_03.wav,ba,train,51,8160,0.52246875,1.7179105903391384e-06,-57.64746712685957,6.553454414160402e-05,0.014999385500137396,0.235
ba/ba_03.wav,ba,train,52,8320,0.53246875,9.79079699192264e-07,-60.08738606438088,4.947422811909914e-05,0.012963661702938284,0.2125
ba/ba_03.wav,ba,train,53,8480,0.54246875,8.856740191082434e-07,-60.52236016834949,4.705512775214417e-05,0.01200064335160414,0.24
ba/ba_03.wav,ba,train,54,8640,0.55246875,1.0742821350149854e-06,-59.68477569605173,5.182379123083783e-05,0.014083873050952812,0.19
ba/ba_03.wav,ba,train,55,8800,0.56246875,1.3356275623087196e-06,-58.73989587627133,5.778467708460262e-05,0.014971309478752966,0.15
ba/ba_03.wav,ba,train,56,8960,0.57246875,1.1998713035665417e-06,-59.2050353310146,5.476931859094428e-05,0.012678734261917023,0.1575
ba/ba_03.wav,ba,train,57,9120,0.58246875,5.731753019059953e-07,-62.409554925720634,3.7854170903151325e-05,0.010460837352246557,0.16
ba/ba_03.wav,ba,train,58,9280,0.59246875,1.1986059494526725e-06,-59.20961389021165,5.474043179982855e-05,0.013853643135275213,0.19
ba/ba_03.wav,ba,train,59,9440,0.60246875,1.3629546423604114e-06,-58.65200071688422,5.8372824206997454e-05,0.014858979614681658,0.1875
ba/ba_03.wav,ba,train,60,9600,0.61246875,2.021571112626077e-06,-56.94096199862458,7.109098242087524e-05,0.018471817667110473,0.1675
ba/ba_03.wav,ba,train,61,9760,0.62246875,2.1439177287704814e-06,-56.68589361113861,7.321061618321624e-05,0.020539558383464798,0.1075
ba/ba_03.wav,ba,train,62,9920,0.63246875,1.812230775842059e-06,-57.41546918300227,6.730956053641376e-05,0.017854365294922542,0.115
ba/ba_03.wav,ba,train,63,10080,0.64246875,8.491749997457233e-07,-60.7049167004887,4.607534589522154e-05,0.012718942530512409,0.1325
ba/ba_03.wav,ba,train,64,10240,0.65246875,1.0605365368116513e-06,-59.740650533466784,5.149117732222801e-05,0.0138117524065004,0.1525
ba/ba_03.wav,ba,train,65,10400,0.66246875,8.340886406960385e-07,-60.78267423771492,4.5664226717859745e-05,0.012660109595157922,0.1525
ba/ba_03.wav,ba,train,66,10560,0.67246875,1.4021488750441286e-06,-58.52896247588865,5.920618369402238e-05,0.015229101857888259,0.1225
ba/ba_03.wav,ba,train,67,10720,0.68246875,1.9706857480786356e-06,-57.051623027573235,7.019055755724262e-05,0.01816510197433028,0.1125
ba/ba_03.wav,ba,train,68,10880,0.69246875,1.3086713253548485e-06,-58.82837681057534,5.719858663802036e-05,0.014743340912706241,0.135
ba/ba_03.wav,ba,train,69,11040,0.70246875,9.931617624768604e-07,-60.02542944742237,4.982875079903319e-05,0.012799103695921316,0.1725
ba/ba_03.wav,ba,train,70,11200,0.71246875,7.51718115679837e-07,-61.233676316671826,4.335083954434553e-05,0.011746686498886438,0.175
ba/ba_03.wav,ba,train,71,11360,0.72246875,1.2016314355253852e-06,-59.198674483395294,5.480947535612307e-05,0.013962474532853313,0.16
ba/ba_03.wav,ba,train,72,11520,0.73246875,1.9790956053557202e-06,-57.033138401041086,7.034016642992324e-05,0.017174494846814603,0.175
ba/ba_03.wav,ba,train,73,11680,0.74246875,1.1564427710381032e-06,-59.36500473171173,5.3769014567827616e-05,0.014341485768388116,0.155
ba/ba_03.wav,ba,train,74,11840,0.75246875,1.3868362688130024e-06,-58.57661767127094,5.888200635196211e-05,0.015150972367046286,0.1825
ba/ba_03.wav,ba,train,75,12000,0.76246875,1.0090380645525564e-06,-59.95662258976142,5.022544336669803e-05,0.013904058491820671,0.1625
ba/ba_03.wav,ba,train,76,12160,0.77246875,1.3046131408720969e-06,-58.84185487435558,5.710983148443219e-05,0.014162177430285926,0.185
ba/ba_03.wav,ba,train,77,12320,0.78246875,1.2083911908704104e-06,-59.174331990923264,5.496342399428938e-05,0.013318529259820256,0.1975
ba/ba_03.wav,ba,train,78,12480,0.79246875,8.872809934984712e-07,-60.51449630367728,4.709779701584967e-05,0.013129990820270745,0.1675
ba/ba_03.wav,ba,train,79,12640,0.80246875,1.2721867970228357e-06,-58.95107873671721,5.63956291972799e-05,0.01575440630657918,0.1375
ba/ba_03.wav,ba,train,80,12800,0.81246875,2.6707174570609235e-06,-55.73209471842989,8.17116493693054e-05,0.020081079416240728,0.145
ba/ba_03.wav,ba,train,81,12960,0.82246875,1.6880344295207237e-06,-57.723614976175845,6.496218957056335e-05,0.017792077033261636,0.1775
ba/ba_03.wav,ba,train,82,13120,0.83246875,1.5641463819677961e-06,-58.05445038368069,6.253291897008719e-05,0.016237198680340344,0.2
ba/ba_03.wav,ba,train,83,13280,0.84246875,7.402064870365578e-07,-61.30060788392734,4.3017626824261175e-05,0.010989677655966147,0.235
ba/ba_03.wav,ba,train,84,13440,0.85246875,4.723235089764704e-07,-63.24841924508972,3.436289819618211e-05,0.008442528932300034,0.235
ba/ba_03.wav,ba,train,85,13600,0.86246875,8.993761462691741e-07,-60.45576019314451,4.741772206330599e-05,0.011813267854903338,0.185
ba/ba_03.wav,ba,train,86,13760,0.87246875,1.5255727215658435e-06,-58.16282502323396,6.175703849695684e-05,0.016468491506140732,0.165
ba/ba_03.wav,ba,train,87,13920,0.88246875,1.3398288772028867e-06,-58.72626645286877,5.787548870642231e-05,0.014665561762299958,0.1675
ba/ba_03.wav,ba,train,88,14080,0.89246875,9.350468805040181e-07,-60.287023997294725,4.834891106591797e-05,0.010657258370076713,0.21
ba/ba_03.wav,ba,train,89,14240,0.90246875,7.928724494928522e-07,-61.00249269526634,4.452169273210679e-05,0.0113074937875126,0.1825
ba/ba_03.wav,ba,train,90,14400,0.91246875,1.4614980565506212e-06,-58.349047023602445,6.044621693188543e-05,0.017411844760059962,0.145
ba/ba_03.wav,ba,train,91,14560,0.92246875,2.9670706718985147e-06,-55.27525762405766,8.612593500070862e-05,0.02441190500394868,0.0975
ba/ba_03.wav,ba,train,92,14720,0.93246875,3.970653492313671e-06,-54.01028648630968,9.963249334822539e-05,0.024657239550329273,0.1275
ba/ba_03.wav,ba,train,93,14880,0.94246875,1.0874496985786773e-06,-59.63191636567296,5.2140428138314066e-05,0.013846152432289293,0.1725
ba/ba_03.wav,ba,train,94,15040,0.95246875,9.061062660736638e-07,-60.42341833043483,4.7594807124140755e-05,0.012591996902305261,0.1675
ba/ba_03.wav,ba,train,95,15200,0.96246875,1.1095029003435352e-06,-59.54480302850268,5.266647179049341e-05,0.013828669190306961,0.1675
ba/ba_03.wav,ba,train,96,15360,0.97246875,8.585792601727543e-07,-60.65714071660341,4.632977606714591e-05,0.012479668127209582,0.175
ba/ba_03.wav,ba,train,97,15520,0.98246875,1.0262846780733932e-06,-59.883091893294484,5.065285475847816e-05,0.013574925054897019,0.1625
ba/ba_03.wav,ba,train,98,15680,0.99246875,1.1167574331969205e-06,-59.516524333492875,5.283837225911015e-05,0.013484030977036796,0.16
ba/ba_03.wav,ba,train,99,15840,1.00246875,7.023485709566113e-07,-61.52829390591605,4.19031195424819e-05,0.011791228525941257,0.15
ba/ba_03.wav,ba,train,100,16000,1.01246875,1.40215571561452e-06,-58.52894130340449,5.920632811648008e-05,0.013115619412030162,0.205
ba/ba_03.wav,ba,train,101,16160,1.02246875,1.0828514560745903e-06,-59.65030234612814,5.203007438190412e-05,0.013625839175316037,0.1875
ba/ba_03.wav,ba,train,102,16320,1.03246875,1.4684392042326024e-06,-58.328483774801015,6.058958665135046e-05,0.015795320301964465,0.14
ba/ba_03.wav,ba,train,103,16480,1.04246875,1.8340040049905905e-06,-57.36362983540821,6.771270200247865e-05,0.016958877024143594,0.145
ba/ba_03.wav,ba,train,104,16640,1.05246875,9.258818411204989e-07,-60.329756261792156,4.81113770619928e-05,0.013806957246443315,0.1675
ba/ba_03.wav,ba,train,105,16800,1.06246875,1.021526664836761e-06,-59.903253579020664,5.05353011477314e-05,0.013257778001598289,0.195
ba/ba_03.wav,ba,train,106,16960,1.07246875,9.813408995474211e-07,-60.07737773821512,4.953132593489248e-05,0.01204927586410708,0.225
ba/ba_03.wav,ba,train,107,17120,1.08246875,5.808303063493282e-07,-62.35203660989464,3.810611192280473e-05,0.00959043716379426,0.2475
ba/ba_03.wav,ba,train,108,17280,1.09246875,5.329141439145683e-07,-62.72528574098662,3.6500484377421906e-05,0.009545525723828559,0.2825
ba/ba_03.wav,ba,train,109,17440,1.10246875,4.871484297979516e-07,-63.11448103323542,3.489800960649302e-05,0.008916137357637412,0.27
ba/ba_03.wav,ba,train,110,17600,1.11246875,8.03867238690998e-07,-60.94275749767406,4.4829321841039436e-05,0.01120044410101669,0.2175
ba/ba_03.wav,ba,train,111,17760,1.12246875,9.622116945204043e-07,-60.16278253209539,4.9046194921736905e-05,0.012517692409149513,0.1825
ba/ba_03.wav,ba,train,112,17920,1.13246875,6.847941661860889e-07,-61.63806213598395,4.137614548825473e-05,0.010840974462760354,0.1975
ba/ba_03.wav,ba,train,113,18080,1.14246875,4.6197494267531966e-07,-63.34442513414707,3.398436929955151e-05,0.009397050913851138,0.22
ba/ba_03.wav,ba,train,114,18240,1.15246875,6.820731476263119e-07,-61.65532786934168,4.129385994389214e-05,0.010557554464007359,0.2375
ba/ba_03.wav,ba,train,115,18400,1.16246875,8.540959660809603e-07,-60.67985142347125,4.6208656279991535e-05,0.012046976741525226,0.2175
ba/ba_03.wav,ba,train,116,18560,1.17246875,1.1347102982386947e-06,-59.447324361617866,5.3261390759129986e-05,0.014439418000504883,0.18
ba/ba_03.wav,ba,train,117,18720,1.18246875,1.0813116380248386e-06,-59.65647671588453,5.1993067759674426e-05,0.014131739184028793,0.1675
ba/ba_03.wav,ba,train,118,18880,1.19246875,1.0018374043821326e-06,-59.98769475856814,5.004591402857312e-05,0.013364165445916523,0.15
ba/ba_03.wav,ba,train,119,19040,1.20246875,1.0855869077897569e-06,-59.63935532054846,5.209575097332211e-05,0.014611055903119941,0.14
ba/ba_03.wav,ba,train,120,19200,1.21246875,1.2619499138325276e-06,-58.98613872388036,5.6168272045535806e-05,0.014481429939588154,0.1675
ba/ba_03.wav,ba,train,121,19360,1.22246875,7.256304960460709e-07,-61.38686379131439,4.2591973893154766e-05,0.01190413400556773,0.1775
ba/ba_03.wav,ba,train,122,19520,1.23246875,1.183153909656581e-06,-59.26591846793424,5.4386439248598103e-05,0.013981804396709464,0.155
ba/ba_03.wav,ba,train,123,19680,1.24246875,1.1559502005353365e-06,-59.36685334305092,5.3757562271166476e-05,0.014259555978466617,0.2
ba/ba_03.wav,ba,train,124,19840,1.25246875,6.436856488365447e-07,-61.906519973869536,4.011501118149366e-05,0.01096507854147558,0.195
ba/ba_03.wav,ba,train,125,20000,1.26246875,1.1646218140589833e-06,-59.33442333546924,5.395882258859489e-05,0.014220958850472146,0.2075
ba/ba_03.wav,ba,train,126,20160,1.27246875,1.3033202294846213e-06,-58.84615769935088,5.708152567785442e-05,0.015625700938022798,0.1625
ba/ba_03.wav,ba,train,127,20320,1.28246875,1.1008004400832367e-06,-59.57897058495931,5.245951868067502e-05,0.012834522862302477,0.1875
ba/ba_03.wav,ba,train,128,20480,1.29246875,9.511837082022419e-07,-60.21279253546655,4.876432374703462e-05,0.012327691419136005,0.22
ba/ba_03.wav,ba,train,129,20640,1.30246875,5.572408377802096e-07,-62.531783961278194,3.732428290604555e-05,0.010326220837150624,0.19
ba/ba_03.wav,ba,train,130,20800,1.31246875,9.361806157330063e-07,-60.281767027546024,4.837821347809896e-05,0.011943563601820098,0.19
ba/ba_03.wav,ba,train,131,20960,1.32246875,7.206803560228848e-07,-61.41655115939544,4.2446447319619246e-05,0.011740439490076311,0.18
ba/ba_03.wav,ba,train,132,21120,1.33246875,1.0134120015173293e-06,-59.937856212901046,5.033418325346427e-05,0.013063717508667614,0.1725
ba/ba_03.wav,ba,train,133,21280,1.34246875,1.2486321795560205e-06,-59.03217799709039,5.587110567091053e-05,0.013835063456060084,0.1875
ba/ba_03.wav,ba,train,134,21440,1.35246875,1.3631165778023408e-06,-58.651485131598776,5.837629180160257e-05,0.015683734853459377,0.17
ba/ba_03.wav,ba,train,135,21600,1.36246875,1.506697212148134e-06,-58.2168586821208,6.137379758797997e-05,0.01595655105806553,0.185
ba/ba_03.wav,ba,train,136,21760,1.37246875,1.063440137872757e-06,-59.728787574502306,5.156161697117239e-05,0.013789585631774756,0.2325
ba/ba_03.wav,ba,train,137,21920,1.38246875,1.0851452608262576e-06,-59.64112088415183,5.208515289471313e-05,0.012880253145920055,0.2075
ba/ba_03.wav,ba,train,138,22080,1.39246875,8.153857615672991e-07,-60.88104578339451,4.514935662795482e-05,0.012022494246599263,0.1975
ba/ba_03.wav,ba,train,139,22240,1.40246875,1.373532623087706e-06,-58.618449481749394,5.859890406585489e-05,0.015333058654732966,0.1625
ba/ba_03.wav,ba,train,140,22400,1.41246875,1.249009079229633e-06,-59.03086832555936,5.587953738242723e-05,0.015763344651791796,0.1525
ba/ba_03.wav,ba,train,141,22560,1.42246875,1.355103961297585e-06,-58.677070154194,5.8204466351337356e-05,0.015478216793468974,0.175
ba/ba_03.wav,ba,train,142,22720,1.43246875,1.0253257088276116e-06,-59.88714792149425,5.0629183995686016e-05,0.013468920958372321,0.1775
ba/ba_03.wav,ba,train,143,22880,1.44246875,9.129330851735365e-07,-60.39085600550331,4.7773765948832644e-05,0.011982721432907543,0.1875
ba/ba_03.wav,ba,train,144,23040,1.45246875,6.55089206737508e-07,-61.830371067220455,4.046879065210338e-05,0.010608742086322561,0.215
ba/ba_03.wav,ba,train,145,23200,1.46246875,6.856349091396339e-07,-61.632741204248205,4.140153708316981e-05,0.01024683289176224,0.2275
ba/ba_03.wav,ba,train,146,23360,1.47246875,6.744552676529194e-07,-61.70403407048711,4.1062612789888305e-05,0.010841261750814245,0.215
ba/ba_03.wav,ba,train,147,23520,1.48246875,1.0927847396467422e-06,-59.61068140143538,5.226817242947046e-05,0.013649611747804848,0.1725
ba/ba_03.wav,ba,train,148,23680,1.49246875,1.4995186867770289e-06,-58.237585916995656,6.122741801629865e-05,0.015454036544935382,0.1825
ba/ba_03.wav,ba,train,149,23840,1.50246875,6.645472110655877e-07,-61.76821132108109,4.075988257667052e-05,0.010905899485462854,0.2325
ba/ba_03.wav,ba,train,150,24000,1.51246875,5.43454236212659e-07,-62.64038618746735,3.6859674313966034e-05,0.009376904105768424,0.255
ba/ba_03.wav,ba,train,151,24160,1.52246875,8.047163375717118e-07,-60.9381783004429,4.485299147135316e-05,0.012124112872862674,0.2025
ba/ba_03.wav,ba,train,152,24320,1.53246875,2.147797183122102e-06,-56.67804573995599,7.327682415201449e-05,0.01905618459112695,0.145
ba/ba_03.wav,ba,train,153,24480,1.54246875,1.8003495766158112e-06,-57.444019981949054,6.708855298439167e-05,0.01807421114998852,0.165
ba/ba_03.wav,ba,train,154,24640,1.55246875,1.9088674213653456e-06,-57.18996779437024,6.908088413890896e-05,0.017968983246091058,0.165
ba/ba_03.wav,ba,train,155,24800,1.56246875,1.5979510123253127e-06,-57.961648416963556,6.320504355518855e-05,0.017441590304634907,0.155
ba/ba_03.wav,ba,train,156,24960,1.57246875,1.3387338463694617e-06,-58.729814706903205,5.7851833297862345e-05,0.015342043613571771,0.1475
ba/ba_03.wav,ba,train,157,25120,1.58246875,1.3597360702914417e-06,-58.662261028139575,5.8303860727473305e-05,0.015131835031213023,0.2
ba/ba_03.wav,ba,train,158,25280,1.59246875,1.267305554946196e-06,-58.967761054125674,5.628733327637303e-05,0.014380831643306655,0.1775
ba/ba_03.wav,ba,train,159,25440,1.60246875,1.3047269475265356e-06,-58.84147632847197,5.711232239032431e-05,0.0147860334991387,0.2025
ba/ba_03.wav,ba,train,160,25600,1.61246875,1.301848106193138e-06,-58.85106213978435,5.704927927224712e-05,0.014332283139288908,0.1825
ba/ba_03.wav,ba,train,161,25760,1.62246875,1.4263402242771725e-06,-58.4547249505994,5.9714743243967244e-05,0.01637820097485123,0.1475
ba/ba_03.wav,ba,train,162,25920,1.63246875,1.6897432458732526e-06,-57.719223388047844,6.499506223308915e-05,0.01849453269617243,0.1025
ba/ba_03.wav,ba,train,163,26080,1.64246875,1.75937982513411e-06,-57.54393617320599,6.632080791754028e-05,0.018058029593359975,0.11
ba/ba_03.wav,ba,train,164,26240,1.65246875,1.598748018454559e-06,-57.959484191021645,6.322080390295901e-05,0.015311609591699006,0.1275
ba/ba_03.wav,ba,train,165,26400,1.66246875,1.1385716241531063e-06,-59.432583734262025,5.3351935863497644e-05,0.013786650641949193,0.155
ba/ba_03.wav,ba,train,166,26560,1.67246875,1.0406491765341054e-06,-59.822785251341244,5.1006106902362816e-05,0.01313604797407401,0.2025
ba/ba_03.wav,ba,train,167,26720,1.68246875,9.748822726494755e-07,-60.10602571085929,4.936806337728561e-05,0.012743793872188769,0.205
ba/ba_03.wav,ba,train,168,26880,1.69246875,1.8581884946193067e-06,-57.30676576864424,6.815769389106608e-05,0.016750604539132883,0.175
ba/ba_03.wav,ba,train,169,27040,1.70246875,1.5849186897854915e-06,-57.99719082770437,6.294677691878853e-05,0.016685312597640004,0.135
ba/ba_03.wav,ba,train,170,27200,1.71246875,1.4444063641744192e-06,-58.40010037400116,6.0091729135015316e-05,0.016072978336320647,0.1175
ba/ba_03.wav,ba,train,171,27360,1.72246875,1.0356408437640656e-06,-59.84371683908695,5.088322031289061e-05,0.012528978875359118,0.1625
ba/ba_03.wav,ba,train,172,27520,1.73246875,7.863204786913108e-07,-61.03848452143697,4.433735667276836e-05,0.011733881424604652,0.1825
ba/ba_03.wav,ba,train,173,27680,1.74246875,8.598438097463586e-07,-60.6507563916032,4.636388167923277e-05,0.012139715331459217,0.1825
ba/ba_03.wav,ba,train,174,27840,1.75246875,6.806486437289297e-07,-61.66439425064639,4.125071647041205e-05,0.011479378161428078,0.175
ba/ba_03.wav,ba,train,175,28000,1.76246875,1.2055170235888524e-06,-59.18466545948696,5.489801962705149e-05,0.014378710473306501,0.16
ba/ba_03.wav,ba,train,176,28160,1.77246875,1.6167457205919561e-06,-57.91089740339479,6.357565808923956e-05,0.017807098822146677,0.1075
ba/ba_03.wav,ba,train,177,28320,1.78246875,3.7271695948780717e-06,-54.28504339761078,9.652939442053483e-05,0.024938477724247485,0.1275
ba/ba_03.wav,ba,train,178,28480,1.79246875,1.462908203940573e-06,-58.34486155362314,6.047537110139493e-05,0.015900642514597947,0.165
ba/ba_03.wav,ba,train,179,28640,1.80246875,1.3401883551938343e-06,-58.72510225968699,5.788325222363189e-05,0.014736675026591671,0.1525
ba/ba_03.wav,ba,train,180,28800,1.81246875,1.4852180619421234e-06,-58.2791746503689,6.093476146548297e-05,0.01683368412520181,0.1525
ba/ba_03.wav,ba,train,181,28960,1.82246875,1.4414103522011273e-06,-58.4091116933634,6.002937514669646e-05,0.015985165476666025,0.1475
ba/ba_03.wav,ba,train,182,29120,1.83246875,2.1292992242113748e-06,-56.715593907880866,7.296059251766283e-05,0.02002457218218195,0.135
ba/ba_03.wav,ba,train,183,29280,1.84246875,2.443672553950163e-06,-56.11779303221753,7.816125245206481e-05,0.021006075213115462,0.1025
ba/ba_03.wav,ba,train,184,29440,1.85246875,1.4870398553708231e-06,-58.273854365752065,6.097212181339155e-05,0.015380275321315189,0.145
ba/ba_03.wav,ba,train,185,29600,1.86246875,8.646982859143425e-07,-60.62633442386464,4.649457726214807e-05,0.012087603502322856,0.14
ba/ba_03.wav,ba,train,186,29760,1.87246875,9.603724825804222e-07,-60.17108312865276,4.899929801998244e-05,0.012981163846744661,0.13
ba/ba_03.wav,ba,train,187,29920,1.88246875,1.4218813664972937e-06,-58.4683130794338,5.962133356646121e-05,0.015413082615080387,0.1575
ba/ba_03.wav,ba,train,188,30080,1.89246875,2.2163087900649193e-06,-56.541738213271856,7.443636191514399e-05,0.017601344047269485,0.19
ba/ba_03.wav,ba,train,189,30240,1.90246875,6.69913798021539e-07,-61.73333276326552,4.092413096271987e-05,0.011761712588407153,0.185
ba/ba_03.wav,ba,train,190,30400,1.91246875,5.483235219278194e-07,-62.60171804174088,3.7024435239710934e-05,0.010033127231631456,0.2225
ba/ba_03.wav,ba,train,191,30560,1.92246875,1.2445524427434035e-06,-59.04637982206481,5.577975534957561e-05,0.013946771787291859,0.1775
ba/ba_03.wav,ba,train,192,30720,1.93246875,1.2011316732974056e-06,-59.20047960074929,5.4798076455688785e-05,0.015387673142291476,0.1225
ba/ba_03.wav,ba,train,193,30880,1.94246875,1.6060306104944722e-06,-57.93975850777274,6.336463150872244e-05,0.015931025209345744,0.14
ba/ba_03.wav,ba,train,194,31040,1.95246875,1.0876953497037357e-06,-59.63093632138402,5.214631697693845e-05,0.014539846540010032,0.1325
ba/ba_03.wav,ba,train,195,31200,1.96246875,3.0341563274047388e-06,-55.17818935435245,8.709414916348772e-05,0.024026096897949246,0.11
ba/ba_03.wav,ba,train,196,31360,1.97246875,9.445710256986946e-06,-50.24719404821782,0.00015366937119174845,0.04543371012422329,0.05
ba/ba_03.wav,ba,train,197,31520,1.98246875,8.131634287347154e-05,-40.89816820814157,0.0004508778739123032,0.13334020276730998,0.035
ba/ba_03.wav,ba,train,198,31680,1.99246875,0.0007156101767478347,-31.453228850387003,0.0013375445569660798,0.3981442876783224,0.0275
ba/ba_03.wav,ba,train,199,31840,2.00246875,0.002352668957370979,-26.284389932430095,0.002425215947792577,0.7379908427365035,0.03
ba/ba_03.wav,ba,train,200,32000,2.01246875,0.0063229072092715576,-21.99083122867504,0.003975835512590894,1.1996876599553046,0.0275
ba/ba_03.wav,ba,train,201,32160,2.02246875,0.01431536536521807,-18.441975328427638,0.0059823418000850784,1.7826078078257726,0.05
ba/ba_03.wav,ba,train,202,32320,2.03246875,0.02547100976717733,-15.939538205684759,0.007979819823651617,2.241513486225946,0.085
ba/ba_03.wav,ba,train,203,32480,2.04246875,0.034739126781089265,-14.591810898789978,0.009319217614838875,2.5410547323699344,0.115
ba/ba_03.wav,ba,train,204,32640,2.05246875,0.05797803581123877,-12.367364943359835,0.012039314329649215,3.281783436195844,0.1175
ba/ba_03.wav,ba,train,205,32800,2.06246875,0.08667272701240372,-10.621175338608758,0.01472011608415536,4.081368176687041,0.1175
ba/ba_03.wav,ba,train,206,32960,2.07246875,0.08615814661861645,-10.647036468463476,0.014676353993636879,4.156459160243105,0.1225
ba/ba_03.wav,ba,train,207,33120,2.08246875,0.046675645635611926,-13.309096567033025,0.010802273561108782,3.2689762065192163,0.125
ba/ba_03.wav,ba,train,208,33280,2.09246875,0.036317429615292295,-14.398848845196824,0.00952856621104302,2.643695634657753,0.1275
ba/ba_03.wav,ba,train,209,33440,2.10246875,0.01970796763154429,-17.053581376472838,0.007019253455949623,1.907094711644623,0.1375
ba/ba_03.wav,ba,train,210,33600,2.11246875,0.01393546203521096,-18.558785963589205,0.005902427897740674,1.6024881770264414,0.15
ba/ba_03.wav,ba,train,211,33760,2.12246875,0.013574482578951018,-18.672766835128197,0.005825479074494865,1.6356568568972283,0.145
ba/ba_03.wav,ba,train,212,33920,2.13246875,0.016728880357993296,-17.76533098863876,0.006467008651222236,1.7912745707903368,0.1475
ba/ba_03.wav,ba,train,213,34080,2.14246875,0.01799378535493258,-17.44877440321467,0.006707045801791683,1.8354984592841066,0.155
ba/ba_03.wav,ba,train,214,34240,2.15246875,0.01709970457892005,-17.670113671839374,0.006538291936530528,1.758796665249113,0.1575
ba/ba_03.wav,ba,train,215,34400,2.16246875,0.01305515689703108,-18.842178711872933,0.005712958274184899,1.58812997576235,0.16
ba/ba_03.wav,ba,train,216,34560,2.17246875,0.01517301944305118,-18.18927957039418,0.0061589405426280865,1.6763664553743598,0.16
ba/ba_03.wav,ba,train,217,34720,2.18246875,0.017082599964102996,-17.674460037665092,0.006535021033650733,1.7823973454481887,0.1525
ba/ba_03.wav,ba,train,218,34880,2.19246875,0.017011280653360307,-17.692629648110938,0.006521365013047557,1.8895247271982196,0.1475
ba/ba_03.wav,ba,train,219,35040,2.20246875,0.019050538253525963,-17.200927264704603,0.006901184364572135,1.9757465673749626,0.145
ba/ba_03.wav,ba,train,220,35200,2.21246875,0.01748308109329555,-17.573820031593538,0.0066111801316587095,1.8026554885667072,0.1475
ba/ba_03.wav,ba,train,221,35360,2.22246875,0.012326241066959523,-19.09169307697953,0.005551180294982213,1.5869390202649574,0.15
ba/ba_03.wav,ba,train,222,35520,2.23246875,0.01928734785665996,-17.147274642198255,0.006943944818447933,2.0012829028163175,0.1425
ba/ba_03.wav,ba,train,223,35680,2.24246875,0.020710616724459605,-16.83806947445356,0.007195591831889092,2.036627383177531,0.1425
ba/ba_03.wav,ba,train,224,35840,2.25246875,0.013258079142036867,-18.775193601005682,0.005757186626738113,1.682034477062632,0.1425
ba/ba_03.wav,ba,train,225,36000,2.26246875,0.010321129389177158,-19.862727353737558,0.005079647967422831,1.546935666737101,0.1425
ba/ba_03.wav,ba,train,226,36160,2.27246875,0.01519874115174402,-18.181923527895005,0.0061641587324922165,1.7796484073844572,0.1425
ba/ba_03.wav,ba,train,227,36320,2.28246875,0.010320952878682779,-19.86280162679324,0.0050796045315267355,1.4351305974348183,0.16
ba/ba_03.wav,ba,train,228,36480,2.29246875,0.006770251632401575,-21.693951252866604,0.004114076941551281,1.1444393834783404,0.17
ba/ba_03.wav,ba,train,229,36640,2.30246875,0.010555721079691653,-19.765120527874604,0.005137051946323799,1.4188457312312246,0.16
ba/ba_03.wav,ba,train,230,36800,2.31246875,0.011819719472759352,-19.273927940616687,0.005435926662667403,1.468097494646198,0.15
ba/ba_03.wav,ba,train,231,36960,2.32246875,0.005913822611891707,-22.281316330605794,0.003845069118979432,1.1210588924445823,0.155
ba/ba_03.wav,ba,train,232,37120,2.33246875,0.005288735641426709,-22.766480586234458,0.0036361846905192774,1.0462457202442992,0.165
ba/ba_03.wav,ba,train,233,37280,2.34246875,0.006294247231921351,-22.01056133423461,0.00396681460113822,1.0979208109889274,0.1725
ba/ba_03.wav,ba,train,234,37440,2.35246875,0.0063179291651811065,-21.994251788493738,0.003974270110718793,1.1190182615187956,0.1725
ba/ba_03.wav,ba,train,235,37600,2.36246875,0.006903006571019402,-21.609616502897843,0.004154216704452056,1.1538923133382735,0.1825
ba/ba_03.wav,ba,train,236,37760,2.37246875,0.009621140461677778,-20.167733997813322,0.004904370617540486,1.3378458664214947,0.175
ba/ba_03.wav,ba,train,237,37920,2.38246875,0.009162119486511952,-20.380040013305944,0.0047859480478041,1.3171478448565734,0.16
ba/ba_03.wav,ba,train,238,38080,2.39246875,0.00885828856141065,-20.526501275207288,0.004705924075410335,1.2986845249624752,0.15
ba/ba_03.wav,ba,train,239,38240,2.40246875,0.006596877918762164,-21.806614870270252,0.004061058334585384,1.1264748680409613,0.1425
ba/ba_03.wav,ba,train,240,38400,2.41246875,0.0030533104853379877,-25.152288886384166,0.0027628384341732634,0.7686247215616622,0.1475
ba/ba_03.wav,ba,train,241,38560,2.42246875,0.003004928543265604,-25.221657064664615,0.002740861426297216,0.8131354915663777,0.15
ba/ba_03.wav,ba,train,242,38720,2.43246875,0.004268380755324274,-23.697367451012695,0.0032666422957389574,0.8917865187155578,0.15
ba/ba_03.wav,ba,train,243,38880,2.44246875,0.0017995822526158882,-27.448280571436957,0.002121074169268892,0.6082002919278223,0.155
ba/ba_03.wav,ba,train,244,39040,2.45246875,0.0016136677753151574,-27.921856045676353,0.0020085241941007067,0.5561236585923797,0.1625
ba/ba_03.wav,ba,train,245,39200,2.46246875,0.0011996372790418963,-29.20949684866968,0.0017317890164811477,0.4666420388698093,0.1575
ba/ba_03.wav,ba,train,246,39360,2.47246875,0.00046291721600863765,-33.34495729227172,0.0010757755528090394,0.2966627304562558,0.1725
ba/ba_03.wav,ba,train,247,39520,2.48246875,0.00016195244528808295,-37.90609808668392,0.0006363026899363285,0.18589534595150242,0.155
ba/ba_03.wav,ba,train,248,39680,2.49246875,0.00046024230945016046,-33.37012516110197,0.0010726629357004002,0.3098063702917039,0.095
ba/ba_03.wav,ba,train,249,39840,2.50246875,0.0019269203435675994,-27.151360127715062,0.0021948350413912654,0.6164154972344448,0.045
ba/ba_03.wav,ba,train,250,40000,2.51246875,0.001624005147497961,-27.89412331117387,0.002014947361283888,0.6037091018814051,0.02
ba/ba_03.wav,ba,train,251,40160,2.52246875,0.0008313858625052772,-30.80196842454946,0.0014416881272533227,0.4218202622078705,0.02
ba/ba_03.wav,ba,train,252,40320,2.53246875,0.00022362192486528512,-36.50483676491591,0.0007476996804621578,0.22878253074823918,0.02
ba/ba_03.wav,ba,train,253,40480,2.54246875,7.94093404869531e-05,-41.00122941854725,0.00044555959334008593,0.1298059777968873,0.0375
ba/ba_03.wav,ba,train,254,40640,2.55246875,1.8970444034106653e-05,-47.21899611010336,0.00021777536611211707,0.06363757010280352,0.0575
ba/ba_03.wav,ba,train,255,40800,2.56246875,1.95587695316681e-05,-47.08636266711734,0.00022112648830289474,0.06190122847781945,0.0625
ba/ba_03.wav,ba,train,256,40960,2.57246875,2.2500167070566547e-05,-46.47794955703645,0.0002371717050501943,0.06589456462048263,0.04
ba/ba_03.wav,ba,train,257,41120,2.58246875,8.506327132884362e-06,-50.70206866915923,0.00014582804199539574,0.041466816554239276,0.0725
ba/ba_03.wav,ba,train,258,41280,2.59246875,3.9942075723321705e-06,-53.98460651850216,9.992756842248502e-05,0.02808569306653097,0.1
ba/ba_03.wav,ba,train,259,41440,2.60246875,4.206804790434418e-06,-53.75944416288644,0.00010255248400739031,0.028000455495894985,0.1
ba/ba_03.wav,ba,train,260,41600,2.61246875,2.1579897476411477e-06,-56.657494199878855,7.345048923664749e-05,0.020145084064824813,0.1475
ba/ba_03.wav,ba,train,261,41760,2.62246875,8.756984341695064e-07,-60.571497691182415,4.678938004957713e-05,0.012356994246739663,0.1875
ba/ba_03.wav,ba,train,262,41920,2.63246875,1.3893598405592819e-06,-58.568727849657364,5.893555464571624e-05,0.014933749633057866,0.1875
ba/ba_03.wav,ba,train,263,42080,2.64246875,2.3409872432197742e-06,-56.30415474854752,7.650142552952484e-05,0.020053528562396394,0.1625
ba/ba_03.wav,ba,train,264,42240,2.65246875,1.8504670522150045e-06,-57.32484012033946,6.801593659237158e-05,0.01606535410973629,0.185
ba/ba_03.wav,ba,train,265,42400,2.66246875,4.1400542804809683e-07,-63.81946222912198,3.217162678697243e-05,0.008330841001706175,0.265
ba/ba_03.wav,ba,train,266,42560,2.67246875,5.038962710117609e-07,-62.967978368406506,3.54928257191422e-05,0.009305780055041402,0.26
ba/ba_03.wav,ba,train,267,42720,2.68246875,1.0572611148656988e-06,-59.75407161455898,5.141160167865078e-05,0.013449814684770222,0.18
ba/ba_03.wav,ba,train,268,42880,2.69246875,1.7974285432152241e-06,-57.451068132826876,6.703410593151863e-05,0.017678961072847624,0.125
ba/ba_03.wav,ba,train,269,43040,2.70246875,1.3492283002161498e-06,-58.69592793622486,5.807814348393356e-05,0.016528842720938925,0.115
ba/ba_03.wav,ba,train,270,43200,2.71246875,9.913006573679053e-07,-60.03356720938029,4.9782041374573654e-05,0.013275544109624306,0.145
ba/ba_03.wav,ba,train,271,43360,2.72246875,5.434356015045956e-07,-62.64053483337448,3.685904236088465e-05,0.009855694966561093,0.21
ba/ba_03.wav,ba,train,272,43520,2.73246875,6.514986875881224e-07,-61.85420357512761,4.0357734314134957e-05,0.01045798513524612,0.205
ba/ba_03.wav,ba,train,273,43680,2.74246875,1.1154475390459436e-06,-59.521616792545615,5.280737493584451e-05,0.01302545996644394,0.1925
ba/ba_03.wav,ba,train,274,43840,2.75246875,7.113462274280051e-07,-61.47308871371479,4.2170671900860346e-05,0.011446508604373552,0.19
ba/ba_03.wav,ba,train,275,44000,2.76246875,7.642941766829109e-07,-61.1617159131461,4.371195993898326e-05,0.011343282620801955,0.1725
ba/ba_03.wav,ba,train,276,44160,2.77246875,5.56289008983306e-07,-62.53919522142026,3.7292392286608065e-05,0.010077981928395218,0.1925
ba/ba_03.wav,ba,train,277,44320,2.78246875,6.874151933496298e-07,-61.62149553342891,4.145525278386413e-05,0.01050271209923458,0.1975
ba/ba_03.wav,ba,train,278,44480,2.79246875,1.0833957074862997e-06,-59.648122102161395,5.204314814378305e-05,0.013756073803005024,0.2
ba/ba_03.wav,ba,train,279,44640,2.80246875,1.467389345140175e-06,-58.33158775464439,6.056792354745569e-05,0.015612436358655286,0.2125
ba/ba_03.wav,ba,train,280,44800,2.81246875,6.978139366942755e-07,-61.556384423138,4.1767629113174345e-05,0.010783613816615363,0.2375
ba/ba_03.wav,ba,train,281,44960,2.82246875,4.2705040591812965e-07,-63.685050867738866,3.267454689502709e-05,0.008977638578360966,0.2275
ba/ba_03.wav,ba,train,282,45120,2.83246875,7.40886727111878e-07,-61.29662398690754,4.3037388603163355e-05,0.011578198142983973,0.19
ba/ba_03.wav,ba,train,283,45280,2.84246875,1.2088416132701225e-06,-59.172714817374306,5.497366672485388e-05,0.014683553895268991,0.1575
ba/ba_03.wav,ba,train,284,45440,2.85246875,1.7738402547436712e-06,-57.50840729710504,6.659279718452423e-05,0.018412014856051366,0.1325
ba/ba_03.wav,ba,train,285,45600,2.86246875,2.151820959927072e-06,-56.669920869200936,7.33454320310248e-05,0.018584562597333844,0.135
ba/ba_03.wav,ba,train,286,45760,2.87246875,1.518670801252378e-06,-58.182504809261346,6.161718107095573e-05,0.01664863999242437,0.1475
ba/ba_03.wav,ba,train,287,45920,2.88246875,1.977823480225179e-06,-57.03592945047431,7.03175561333224e-05,0.01904880617189139,0.135
ba/ba_03.wav,ba,train,288,46080,2.89246875,3.918270958722165e-06,-54.0679471054333,9.897311451503086e-05,0.026277352318567926,0.0975
ba/ba_03.wav,ba,train,289,46240,2.90246875,3.3532493415611793e-06,-54.74404656804712,9.155939795511407e-05,0.025052689628204464,0.1075
ba/ba_03.wav,ba,train,290,46400,2.91246875,2.6736306696297024e-06,-55.72736179704704,8.17562026642276e-05,0.021050830910971003,0.12
ba/ba_03.wav,ba,train,291,46560,2.92246875,2.465303040986562e-06,-56.07953561583615,7.85064175877769e-05,0.020901016148522307,0.1125
ba/ba_03.wav,ba,train,292,46720,2.93246875,1.0134097081388668e-06,-59.93786603142386,5.033412629963062e-05,0.013975161509344353,0.1525
ba/ba_03.wav,ba,train,293,46880,2.94246875,1.0726670199586558e-06,-59.69130386994597,5.1784819685856196e-05,0.013441009785739106,0.1875
ba/ba_03.wav,ba,train,294,47040,2.95246875,1.5588407859013217e-06,-58.06919728141217,6.242677282026762e-05,0.016317334136981592,0.18
ba/ba_03.wav,ba,train,295,47200,2.96246875,1.2197948053907819e-06,-59.133573273535774,5.5222160528876034e-05,0.01576461654359714,0.1525
ba/ba_03.wav,ba,train,296,47360,2.97246875,1.3930988414062895e-06,-58.5570643373043,5.9014804104696674e-05,0.015896263397791995,0.15
ba/ba_03.wav,ba,train,297,47520,2.98246875,1.5794899106373138e-06,-58.01208272218281,6.28388794982317e-05,0.01571000621761929,0.1475
ba/ba_03.wav,ba,train,298,47680,2.99246875,1.2861455678437055e-06,-58.90372334419404,5.670417903126068e-05,0.014875808641415971,0.1375
ba/ba_03.wav,ba,train,299,47840,3.00246875,1.1497265607118835e-06,-59.39027862540581,5.361265150857313e-05,0.014201621624975043,0.1175
ba/ba_03.wav,ba,train,300,48000,3.01246875,2.239894346617446e-06,-56.49578619039549,7.48313828987786e-05,0.018166383819053583,0.1125
ba/ba_03.wav,ba,train,301,48160,3.02246875,1.4401291346453565e-06,-58.41297101801453,6.0002690244799786e-05,0.016906973378032653,0.1425
ba/ba_03.wav,ba,train,302,48320,3.03246875,1.3152356294318994e-06,-58.806663573772056,5.7341861441531076e-05,0.015266728289550058,0.1725
ba/ba_03.wav,ba,train,303,48480,3.04246875,1.0732793948465692e-06,-59.68882754148592,5.1799599294940716e-05,0.014353843269992343,0.1675
ba/ba_03.wav,ba,train,304,48640,3.05246875,1.2315609720927233e-06,-59.09191587922165,5.5487858403724756e-05,0.01428673853892513,0.1975
ba/ba_03.wav,ba,train,305,48800,3.06246875,9.5617561755645e-07,-60.19008372841256,4.889211637770578e-05,0.012125521917265462,0.1825
ba/ba_03.wav,ba,train,306,48960,3.07246875,8.733567358645617e-07,-60.58311339896571,4.672677861421012e-05,0.011967501848337279,0.185
ba/ba_03.wav,ba,train,307,49120,3.08246875,9.7168616193275e-07,-60.12027262636902,4.928707137609086e-05,0.012597382693324385,0.145
ba/ba_03.wav,ba,train,308,49280,3.09246875,1.2428350370865614e-06,-59.05237213884418,5.5741255751161575e-05,0.014164833505020777,0.1525
ba/ba_03.wav,ba,train,309,49440,3.10246875,1.0376292085619658e-06,-59.83539468243063,5.093204316935376e-05,0.013900020862449508,0.1575
ba/ba_03.wav,ba,train,310,49600,3.11246875,1.8249609726151517e-06,-57.385085091451025,6.754555819251092e-05,0.01776924553289539,0.1475
ba/ba_03.wav,ba,train,311,49760,3.12246875,2.6234794292901454e-06,-55.80956826889283,8.098579241586368e-05,0.023523225023213107,0.1
ba/ba_03.wav,ba,train,312,49920,3.13246875,0.0001386021042394078,-38.58227042891974,0.0005886469745089323,0.14900498446817617,0.0625
ba/ba_03.wav,ba,train,313,50080,3.14246875,0.0012193159906119227,-29.138833744660545,0.0017459352727205572,0.5212298137915388,0.0175
ba/ba_03.wav,ba,train,314,50240,3.15246875,0.0038423888467388223,-24.153985739620385,0.0030993502733390843,0.9208441942230638,0.01
ba/ba_03.wav,ba,train,315,50400,3.16246875,0.004861445515414181,-23.132344879000264,0.0034862033487069355,1.0689724708480666,0.01
ba/ba_03.wav,ba,train,316,50560,3.17246875,0.00390843772375149,-24.07996692494175,0.003125874967009833,0.9378291151645479,0.01
ba/ba_03.wav,ba,train,317,50720,3.18246875,0.0016882555506066506,-27.725615564978717,0.0020544193526436188,0.6126897182218114,0.0075
ba/ba_03.wav,ba,train,318,50880,3.19246875,0.00036641676544073835,-34.360234781105184,0.0009571007854985001,0.2668207900558673,0.0125
ba/ba_03.wav,ba,train,319,51040,3.20246875,3.5249086036109736e-05,-44.52839818673658,0.00029685470366877184,0.09228369253989643,0.01
ba/ba_03.wav,ba,train,320,51200,3.21246875,2.5979165226887e-05,-45.85358091257714,0.0002548488043276199,0.07925540944830392,0.015
ba/ba_03.wav,ba,train,321,51360,3.22246875,3.8393719560554116e-05,-44.15728500200255,0.000309813329121562,0.09511766160667662,0.0175
ba/ba_03.wav,ba,train,322,51520,3.23246875,7.312514847564938e-05,-41.359273000862366,0.00042756621848448625,0.12569752895629183,0.025
ba/ba_03.wav,ba,train,323,51680,3.24246875,4.648462178744001e-05,-43.32681355582779,0.0003408981584998664,0.10091876832982707,0.025
ba/ba_03.wav,ba,train,324,51840,3.25246875,1.6519817748359332e-05,-47.81968459751083,0.00020322289332380428,0.05718424954895149,0.0375
ba/ba_03.wav,ba,train,325,52000,3.26246875,4.210786660981506e-06,-53.75533635184796,0.00010260100707329224,0.030722943493425255,0.04
ba/ba_03.wav,ba,train,326,52160,3.27246875,5.13973963605017e-06,-52.889743913654314,0.00011335496941080892,0.034589506522933834,0.0375
ba/ba_03.wav,ba,train,327,52320,3.28246875,1.3523398632635643e-05,-48.68882036856097,0.00018387086931210476,0.052962726820227735,0.025
ba/ba_03.wav,ba,train,328,52480,3.29246875,1.8223203426680562e-05,-47.39351445449361,0.00021344322094341952,0.0631696586055262,0.02
ba/ba_03.wav,ba,train,329,52640,3.30246875,2.0326048854664656e-05,-46.91925669033782,0.00022542209771151905,0.06698417836322967,0.0375
ba/ba_03.wav,ba,train,330,52800,3.31246875,1.352320765565989e-05,-48.68888169537822,0.00018386957099843825,0.04977831275232965,0.0625
ba/ba_03.wav,ba,train,331,52960,3.32246875,2.1375159355705624e-06,-56.69887509164675,7.310123007806644e-05,0.022096000098065997,0.0975
ba/ba_03.wav,ba,train,332,53120,3.33246875,2.5787220690785783e-06,-55.884270810008836,8.029199943142807e-05,0.01974838987741349,0.135
ba/ba_03.wav,ba,train,333,53280,3.34246875,1.367586360829446e-06,-58.6372779244582,5.8471924049697684e-05,0.016226932647441537,0.13
ba/ba_04.wav,ba,test,0,0,0.01246875,0.0,-90.0,0.0,0.0,0.0
ba/ba_04.wav,ba,test,1,160,0.02246875,0.0,-90.0,0.0,0.0,0.0
ba/ba_04.wav,ba,test,2,320,0.03246875,0.0,-90.0,0.0,0.0,0.0
ba/ba_04.wav,ba,test,3,480,0.04246875,0.0,-90.0,0.0,0.0,0.0
ba/ba_04.wav,ba,test,4,640,0.05246875,0.0,-90.0,0.0,0.0,0.0
ba/ba_04.wav,ba,test,5,800,0.06246875,0.0,-90.0,0.0,0.0,0.0
ba/ba_04.wav,ba,test,6,960,0.07246875,0.0,-90.0,0.0,0.0,0.0
ba/ba_04.wav,ba,test,7,1120,0.08246875,0.0,-90.0,0.0,0.0,0.0
ba/ba_04.wav,ba,test,8,1280,0.09246875,0.0,-90.0,0.0,0.0,0.0
ba/ba_04.wav,ba,test,9,1440,0.10246875,0.0,-90.0,0.0,0.0,0.0
ba/ba_04.wav,ba,test,10,1600,0.11246875,0.0,-90.0,0.0,0.0,0.0
ba/ba_04.wav,ba,test,11,1760,0.12246875,0.0,-90.0,0.0,0.0,0.0
ba/ba_04.wav,ba,test,12,1920,0.13246875,0.0,-90.0,0.0,0.0,0.0
ba/ba_04.wav,ba,test,13,2080,0.14246875,0.0,-90.0,0.0,0.0,0.0
ba/ba_04.wav,ba,test,14,2240,0.15246875,0.0,-90.0,0.0,0.0,0.0
ba/ba_04.wav,ba,test,15,2400,0.16246875,0.0,-90.0,0.0,0.0,0.0
ba/ba_04.wav,ba,test,16,2560,0.17246875,0.0,-90.0,0.0,0.0,0.0
ba/ba_04.wav,ba,test,17,2720,0.18246875,0.0,-90.0,0.0,0.0,0.0
ba/ba_04.wav,ba,test,18,2880,0.19246875,0.0,-90.0,0.0,0.0,0.0
ba/ba_04.wav,ba,test,19,3040,0.20246875,0.0,-90.0,0.0,0.0,0.0
ba/ba_04.wav,ba,test,20,3200,0.21246875,0.0,-90.0,0.0,0.0,0.0
ba/ba_04.wav,ba,test,21,3360,0.22246875,0.0,-90.0,0.0,0.0,0.0
ba/ba_04.wav,ba,test,22,3520,0.23246875,0.0,-90.0,0.0,0.0,0.0
ba/ba_04.wav,ba,test,23,3680,0.24246875,0.0,-90.0,0.0,0.0,0.0
ba/ba_04.wav,ba,test,24,3840,0.25246875,0.0,-90.0,0.0,0.0,0.0
ba/ba_04.wav,ba,test,25,4000,0.26246875,0.0,-90.0,0.0,0.0,0.0
ba/ba_04.wav,ba,test,26,4160,0.27246875,0.0,-90.0,0.0,0.0,0.0
ba/ba_04.wav,ba,test,27,4320,0.28246875,0.0,-90.0,0.0,0.0,0.0
ba/ba_04.wav,ba,test,28,4480,0.29246875,0.0,-90.0,0.0,0.0,0.0
ba/ba_04.wav,ba,test,29,4640,0.30246875,0.0,-90.0,0.0,0.0,0.0
ba/ba_04.wav,ba,test,30,4800,0.31246875,0.0,-90.0,0.0,0.0,0.0
ba/ba_04.wav,ba,test,31,4960,0.32246875,1.2281045470327796e-08,-78.7676773640452,5.54099392490368e-06,0.000747782404026675,0.11
ba/ba_04.wav,ba,test,32,5120,0.33246875,6.10947563847065e-08,-72.06945072437543,1.2358676748008513e-05,0.002545978300773213,0.205
ba/ba_04.wav,ba,test,33,5280,0.34246875,1.1805860827489193e-06,-59.27534632981265,5.432738910413695e-05,0.01059128656815682,0.1975
ba/ba_04.wav,ba,test,34,5440,0.35246875,4.149079022289422e-06,-53.819436337415205,0.00010184644105575587,0.026288001863395853,0.125
ba/ba_04.wav,ba,test,35,5600,0.36246875,3.1566890780387765e-06,-55.006306350433015,8.883536849192973e-05,0.02708059975380788,0.0525
ba/ba_04.wav,ba,test,36,5760,0.37246875,8.690612531357855e-06,-50.608996425958715,0.00014739922431408734,0.0418582427880855,0.0675
ba/ba_04.wav,ba,test,37,5920,0.38246875,2.9155692728603736e-05,-45.35261739996607,0.0002699800581922845,0.07637485413480914,0.0425
ba/ba_04.wav,ba,test,38,6080,0.39246875,6.745359079991963e-05,-41.70988487930909,0.00041065067514835414,0.12152544674617063,0.0175
ba/ba_04.wav,ba,test,39,6240,0.40246875,8.821273043646759e-05,-40.544638118217584,0.0004696081622918931,0.13667151005528239,0.0125
ba/ba_04.wav,ba,test,40,6400,0.41246875,4.269486883989704e-05,-43.696141443387305,0.00032670655349983815,0.09576312541851226,0.0275
ba/ba_04.wav,ba,test,41,6560,0.42246875,1.9971915898265934e-05,-46.99558526712538,0.00022344974769657904,0.06915154440467815,0.0325
ba/ba_04.wav,ba,test,42,6720,0.43246875,3.7314581523071425e-05,-44.281097859799885,0.00030542831205976724,0.09169413408193948,0.0375
ba/ba_04.wav,ba,test,43,6880,0.44246875,6.014302421816264e-05,-42.20807516753097,0.0003877596685389116,0.11081744258096482,0.0325
ba/ba_04.wav,ba,test,44,7040,0.45246875,4.3494273750722815e-05,-43.61557931447553,0.0003297509429505957,0.09602834721813608,0.0325
ba/ba_04.wav,ba,test,45,7200,0.46246875,1.5884104607287512e-05,-47.99009920892349,0.00019927433732976952,0.05927092696532721,0.0375
ba/ba_04.wav,ba,test,46,7360,0.47246875,8.990507039768143e-06,-50.4616751135877,0.00014992087112680595,0.04525848603090085,0.045
ba/ba_04.wav,ba,test,47,7520,0.48246875,9.652867131819563e-06,-50.152986827614406,0.0001553453180161826,0.04685807520049934,0.0675
ba/ba_04.wav,ba,test,48,7680,0.49246875,2.644628588048905e-05,-45.77618890268019,0.0002571297623792754,0.074337921166629,0.0525
ba/ba_04.wav,ba,test,49,7840,0.50246875,3.7893292241697216e-05,-44.214261999161366,0.00030778763881001304,0.08902781643383254,0.0325
ba/ba_04.wav,ba,test,50,8000,0.51246875,1.6940786476617203e-05,-47.71040796128736,0.00020579593336978992,0.06096452287973547,0.0325
ba/ba_04.wav,ba,test,51,8160,0.52246875,2.037454566036212e-05,-46.90890751956766,0.00022569085969729766,0.06420698288155693,0.0325
ba/ba_04.wav,ba,test,52,8320,0.53246875,1.569364151995847e-05,-48.04248599535897,0.00019807600510888786,0.05759795828527762,0.0425
ba/ba_04.wav,ba,test,53,8480,0.54246875,1.2191435154130009e-05,-49.13909545539833,0.0001745811784967813,0.051205926911390656,0.0475
ba/ba_04.wav,ba,test,54,8640,0.55246875,8.108449681308821e-06,-50.910086166248654,0.0001423766982454364,0.040836510815688225,0.0475
ba/ba_04.wav,ba,test,55,8800,0.56246875,6.073077672945531e-06,-52.16519658793132,0.00012321807571279397,0.03290888214269988,0.0875
ba/ba_04.wav,ba,test,56,8960,0.57246875,4.136242573893788e-06,-53.83289014899731,0.00010168877241236846,0.02622362077397259,0.14
ba/ba_04.wav,ba,test,57,9120,0.58246875,1.4634443957220558e-06,-58.343271136304075,6.0486452940349706e-05,0.017229099472947578,0.1475
ba/ba_04.wav,ba,test,58,9280,0.59246875,2.5717759699973754e-06,-55.895980292695924,8.01837884175688e-05,0.02335756673257052,0.0975
ba/ba_04.wav,ba,test,59,9440,0.60246875,5.638136032467975e-06,-52.48787428831114,0.00011872379745093205,0.03249860393844056,0.0775
ba/ba_04.wav,ba,test,60,9600,0.61246875,4.029429680151307e-06,-53.946486516823875,0.00010036719683431568,0.0290203632679081,0.0775
ba/ba_04.wav,ba,test,61,9760,0.62246875,4.597233877954205e-06,-53.37408943175091,0.00010720580532268537,0.02971559964945371,0.065
ba/ba_04.wav,ba,test,62,9920,0.63246875,4.47723073156162e-06,-53.488935340570045,0.00010579733847741186,0.028846334560481517,0.075
ba/ba_04.wav,ba,test,63,10080,0.64246875,3.4769294541728015e-06,-54.58679231411569,9.323263181650512e-05,0.02559729896048602,0.09
ba/ba_04.wav,ba,test,64,10240,0.65246875,2.6439365486345126e-06,-55.77584742119697,8.130093093923513e-05,0.022077323171698165,0.0975
ba/ba_04.wav,ba,test,65,10400,0.66246875,3.828831807773839e-06,-54.16820298240158,9.783700485723486e-05,0.026757666475057,0.1075
ba/ba_04.wav,ba,test,66,10560,0.67246875,4.156659781539976e-06,-53.81151051571411,0.0001019394401291764,0.027668352820628676,0.12
ba/ba_04.wav,ba,test,67,10720,0.68246875,2.509667037203723e-06,-56.00210879279635,7.920964330818128e-05,0.022170452611566548,0.1175
ba/ba_04.wav,ba,test,68,10880,0.69246875,2.3976357846533046e-06,-56.20035691475135,7.742150516254034e-05,0.020765960872961724,0.1475
ba/ba_04.wav,ba,test,69,11040,0.70246875,1.7410724817550373e-06,-57.589337794251485,6.597485281823365e-05,0.018301679715875624,0.12
ba/ba_04.wav,ba,test,70,11200,0.71246875,2.3177791576021995e-06,-56.34740611949289,7.612127096945701e-05,0.021810147461295067,0.1175
ba/ba_04.wav,ba,test,71,11360,0.72246875,3.5412259721880115e-06,-54.50723736950592,9.409072712265555e-05,0.02328070448177717,0.155
ba/ba_04.wav,ba,test,72,11520,0.73246875,1.9237534102552516e-06,-57.15624902220533,6.934971900186856e-05,0.01874547472728951,0.1575
ba/ba_04.wav,ba,test,73,11680,0.74246875,2.1208502482388182e-06,-56.73285270132362,7.28156962515435e-05,0.02017494541615556,0.1275
ba/ba_04.wav,ba,test,74,11840,0.75246875,1.522063972568135e-06,-58.172818548058814,6.16859784020675e-05,0.0176486594736852,0.105
ba/ba_04.wav,ba,test,75,12000,0.76246875,3.59286625006136e-06,-54.44438089703723,9.477428778499683e-05,0.02524806081178702,0.11
ba/ba_04.wav,ba,test,76,12160,0.77246875,3.353826482934296e-06,-54.74329937328945,9.156727694616533e-05,0.023723589568412196,0.13
ba/ba_04.wav,ba,test,77,12320,0.78246875,1.4449782249571391e-06,-58.39838247049899,6.0103623537960235e-05,0.016371075504485338,0.1525
ba/ba_04.wav,ba,test,78,12480,0.79246875,1.5308166565569603e-06,-58.14793212386563,6.186308787469633e-05,0.016568650029808025,0.135
ba/ba_04.wav,ba,test,79,12640,0.80246875,2.189998446223552e-06,-56.59357930425044,7.399321668611846e-05,0.02061898243290741,0.1
ba/ba_04.wav,ba,test,80,12800,0.81246875,6.492162513159617e-06,-51.87543727315875,0.00012739861177775462,0.03613037220892101,0.0625
ba/ba_04.wav,ba,test,81,12960,0.82246875,9.097131555989544e-06,-50.410477877053104,0.00015080725741811586,0.041313151104416676,0.0375
ba/ba_04.wav,ba,test,82,13120,0.83246875,5.085128562092768e-06,-52.93612666358145,0.00011275114813265503,0.029943853747259254,0.095
ba/ba_04.wav,ba,test,83,13280,0.84246875,1.840469219792508e-06,-57.348355359923346,6.783194711550944e-05,0.018718984660713367,0.1575
ba/ba_04.wav,ba,test,84,13440,0.85246875,2.6464229658713957e-06,-55.77176668041518,8.133915056526279e-05,0.02214260488390072,0.1575
ba/ba_04.wav,ba,test,85,13600,0.86246875,7.371466357533787e-06,-51.32387200569419,0.0001357522224268703,0.038108537143095256,0.09
ba/ba_04.wav,ba,test,86,13760,0.87246875,7.101000060430463e-06,-51.48619328339019,0.00013323850851415352,0.037151626004309185,0.08
ba/ba_04.wav,ba,test,87,13920,0.88246875,2.316905109031695e-06,-56.349043472626086,7.610691671969926e-05,0.021315415305856053,0.12
ba/ba_04.wav,ba,test,88,14080,0.89246875,2.31337763493763e-06,-56.355657761584254,7.604895848954195e-05,0.02083736147996121,0.12
ba/ba_04.wav,ba,test,89,14240,0.90246875,3.533413909289643e-06,-54.51682592352039,9.398688617687101e-05,0.02660722723266415,0.0775
ba/ba_04.wav,ba,test,90,14400,0.91246875,9.433240948378307e-06,-50.25293036165912,0.00015356790801123054,0.045027011620000376,0.055
ba/ba_04.wav,ba,test,91,14560,0.92246875,1.3336282136767788e-05,-48.74932661668492,0.00018259437379590716,0.05163936789007953,0.025
ba/ba_04.wav,ba,test,92,14720,0.93246875,5.960882931796359e-06,-52.24616556074943,0.00012207459739639078,0.03553758016528735,0.0575
ba/ba_04.wav,ba,test,93,14880,0.94246875,3.292900043551896e-06,-54.82289584034662,9.073174807574105e-05,0.025908046006227127,0.09
ba/ba_04.wav,ba,test,94,15040,0.95246875,5.859366962802829e-06,-52.320751886012715,0.00012103064656113787,0.031035587965708596,0.0875
ba/ba_04.wav,ba,test,95,15200,0.96246875,9.707839174380989e-06,-50.128326928827306,0.00015578702749572082,0.04565077892949796,0.055
ba/ba_04.wav,ba,test,96,15360,0.97246875,4.289568899311725e-05,-43.67576227803898,0.00032747400275868175,0.1007542439693404,0.0375
ba/ba_04.wav,ba,test,97,15520,0.98246875,0.0007567864984606472,-31.210260507531984,0.0013754876394034292,0.38594885198082884,0.0275
ba/ba_04.wav,ba,test,98,15680,0.99246875,0.004235391541278559,-23.73106332532595,0.0032539942921272,0.9691510551443536,0.03
ba/ba_04.wav,ba,test,99,15840,1.00246875,0.010249826878633087,-19.89283427485056,0.005062071433374159,1.537247515698648,0.0275
ba/ba_04.wav,ba,test,100,16000,1.01246875,0.013999263481812628,-18.538947814561475,0.005915924163182923,1.8122611335662113,0.03
ba/ba_04.wav,ba,test,101,16160,1.02246875,0.014915975974275984,-18.26348295728577,0.006106548938286662,1.8074791493233495,0.03
ba/ba_04.wav,ba,test,102,16320,1.03246875,0.013315283764587696,-18.75649541176476,0.005769593522204943,1.574015027456373,0.045
ba/ba_04.wav,ba,test,103,16480,1.04246875,0.015404927860026448,-18.123403029146676,0.006205829489283936,1.6115086551022986,0.0725
ba/ba_04.wav,ba,test,104,16640,1.05246875,0.01859730152388669,-17.305500441663824,0.006818596175879367,1.7365515286705877,0.0975
ba/ba_04.wav,ba,test,105,16800,1.06246875,0.01738379586995913,-17.598553613982585,0.0065923811839803245,1.7977383955707573,0.1025
ba/ba_04.wav,ba,test,106,16960,1.07246875,0.021367102220784577,-16.702543519820786,0.007308745142085709,2.0443610560558927,0.1
ba/ba_04.wav,ba,test,107,17120,1.08246875,0.020814438518411513,-16.81635279100448,0.007213604944549486,2.0879850063582217,0.1
ba/ba_04.wav,ba,test,108,17280,1.09246875,0.02221998904330168,-16.53256140000917,0.007453185400099357,2.110378950538293,0.11
ba/ba_04.wav,ba,test,109,17440,1.10246875,0.0180815736993115,-17.42763750108357,0.006723387111291358,1.9159031241288562,0.1175
ba/ba_04.wav,ba,test,110,17600,1.11246875,0.01700972507298698,-17.693026802703297,0.006521066836221467,1.7892552554894736,0.11
ba/ba_04.wav,ba,test,111,17760,1.12246875,0.015873309811524502,-17.993324798480444,0.006299466209831691,1.692848338787012,0.1025
ba/ba_04.wav,ba,test,112,17920,1.13246875,0.012172334676268735,-19.14626079618087,0.00551641520288963,1.4980567697958787,0.1225
ba/ba_04.wav,ba,test,113,18080,1.14246875,0.009255383432410096,-20.336055376450638,0.004810245168494558,1.3716887235317046,0.1425
ba/ba_04.wav,ba,test,114,18240,1.15246875,0.011848734011007066,-19.263280131192325,0.005442594512502071,1.5533442677116267,0.15
ba/ba_04.wav,ba,test,115,18400,1.16246875,0.016178593556883235,-17.910592084778457,0.006359755018254091,1.8033808699759555,0.1475
ba/ba_04.wav,ba,test,116,18560,1.17246875,0.014458235385069552,-18.398846790293536,0.006012120130426028,1.695594813151404,0.1475
ba/ba_04.wav,ba,test,117,18720,1.18246875,0.01400085319545935,-18.538454671033566,0.005916260050796311,1.6610353677381453,0.1475
ba/ba_04.wav,ba,test,118,18880,1.19246875,0.019416917007141724,-17.118197033010095,0.00696722990275578,1.9309177174252028,0.1475
ba/ba_04.wav,ba,test,119,19040,1.20246875,0.02433008670183592,-16.138563255798783,0.007799052298490491,2.203089680589519,0.1475
ba/ba_04.wav,ba,test,120,19200,1.21246875,0.02463553445876985,-16.08437993800609,0.007847855512617739,2.251412354748378,0.145
ba/ba_04.wav,ba,test,121,19360,1.22246875,0.02176869924930752,-16.62167500743237,0.007377109740492465,2.1572749551160646,0.1475
ba/ba_04.wav,ba,test,122,19520,1.23246875,0.020089727737707348,-16.970259272891923,0.0070869118340973,2.0025644716475766,0.145
ba/ba_04.wav,ba,test,123,19680,1.24246875,0.013482458861435603,-18.702308639738238,0.005805699540416212,1.6404472435254083,0.145
ba/ba_04.wav,ba,test,124,19840,1.25246875,0.015248509463129615,-18.16772577906584,0.006174242759871371,1.6730151767542998,0.145
ba/ba_04.wav,ba,test,125,20000,1.26246875,0.017020516417121823,-17.69027241667104,0.006523135062437735,1.7768143975233655,0.15
ba/ba_04.wav,ba,test,126,20160,1.27246875,0.014192187807753415,-18.479506197770043,0.005956548456898805,1.62551797450718,0.1475
ba/ba_04.wav,ba,test,127,20320,1.28246875,0.014760371034354604,-18.309026960068085,0.00607461336925129,1.6393050354239656,0.145
ba/ba_04.wav,ba,test,128,20480,1.29246875,0.015464244419052003,-18.10671266629899,0.006217765760112712,1.7601829227172092,0.15
ba/ba_04.wav,ba,test,129,20640,1.30246875,0.020001774629474136,-16.989314487433788,0.007071381518040541,1.9705404307493883,0.1425
ba/ba_04.wav,ba,test,130,20800,1.31246875,0.0211700143069431,-16.742788279645975,0.007274959502798469,2.046714686902763,0.1425
ba/ba_04.wav,ba,test,131,20960,1.32246875,0.016848526651037338,-17.734380449984762,0.006490093730262557,1.781268671418013,0.145
ba/ba_04.wav,ba,test,132,21120,1.33246875,0.011098210231967925,-19.547470135275248,0.005267402166146022,1.4033849413633392,0.14
ba/ba_04.wav,ba,test,133,21280,1.34246875,0.011287474965774761,-19.47403161413101,0.005312126449402057,1.3929470633308485,0.135
ba/ba_04.wav,ba,test,134,21440,1.35246875,0.01314461090359655,-18.812522319702957,0.00573249747134627,1.5235882166424555,0.13
ba/ba_04.wav,ba,test,135,21600,1.36246875,0.01045255104153174,-19.807776614916065,0.005111885914594471,1.4087244638568872,0.125
ba/ba_04.wav,ba,test,136,21760,1.37246875,0.013555701909628045,-18.678779578431445,0.005821447824559635,1.5840919304885475,0.1325
ba/ba_04.wav,ba,test,137,21920,1.38246875,0.019894538419469608,-17.01266110797474,0.007052400020466368,1.9236334996505997,0.135
ba/ba_04.wav,ba,test,138,22080,1.39246875,0.01984961689216421,-17.02247849048061,0.007044433421532957,1.9290107119646087,0.1425
ba/ba_04.wav,ba,test,139,22240,1.40246875,0.017172329920270527,-17.651707510182057,0.006552161841764618,1.801124898061705,0.14
ba/ba_04.wav,ba,test,140,22400,1.41246875,0.015006212859532216,-18.23728868538065,0.006124992420308007,1.7203721062435822,0.1475
ba/ba_04.wav,ba,test,141,22560,1.42246875,0.013043142767833311,-18.846177186908616,0.005710328967720098,1.6574181099464054,0.145
ba/ba_04.wav,ba,test,142,22720,1.43246875,0.01236183145914661,-19.079171467303762,0.005559188668130137,1.5534594181659687,0.145
ba/ba_04.wav,ba,test,143,22880,1.44246875,0.011483264581947573,-19.39934590810396,0.00535799976249243,1.4079985730577942,0.1525
ba/ba_04.wav,ba,test,144,23040,1.45246875,0.011445665267078986,-19.413589214085018,0.005349220800050926,1.3349983791699764,0.1625
ba/ba_04.wav,ba,test,145,23200,1.46246875,0.01192776139126009,-19.234410208958078,0.005460714557468668,1.3649062182675045,0.1475
ba/ba_04.wav,ba,test,146,23360,1.47246875,0.014624847102492216,-18.34908635918741,0.006046661703471639,1.5510791386321208,0.14
ba/ba_04.wav,ba,test,147,23520,1.48246875,0.01770750664190589,-17.51842562104084,0.0066534777826911485,1.7121244611151223,0.1425
ba/ba_04.wav,ba,test,148,23680,1.49246875,0.015331522668575195,-18.14414682198985,0.006191026301950105,1.6097720635549841,0.1475
ba/ba_04.wav,ba,test,149,23840,1.50246875,0.013539867975661153,-18.683855382670252,0.005818046917922962,1.5050991132479061,0.1625
ba/ba_04.wav,ba,test,150,24000,1.51246875,0.012928671960886632,-18.884460501653233,0.005685215906385313,1.4568665294177918,0.18
ba/ba_04.wav,ba,test,151,24160,1.52246875,0.01274447848635344,-18.946778974109332,0.005644572279268253,1.4610649751560822,0.175
ba/ba_04.wav,ba,test,152,24320,1.53246875,0.011388958230725854,-19.435159616983253,0.005335953108565951,1.4301544870364087,0.1575
ba/ba_04.wav,ba,test,153,24480,1.54246875,0.010492328938808946,-19.79128061166784,0.005121603493733419,1.427734000726698,0.145
ba/ba_04.wav,ba,test,154,24640,1.55246875,0.013573382712969515,-18.673118734392858,0.005825243066381333,1.6129154862425255,0.145
ba/ba_04.wav,ba,test,155,24800,1.56246875,0.016640114136454817,-17.788436730600786,0.006449828318733534,1.7612888435839715,0.145
ba/ba_04.wav,ba,test,156,24960,1.57246875,0.015342160612068355,-18.141134467718864,0.0061931737849160095,1.638865030094363,0.1525
ba/ba_04.wav,ba,test,157,25120,1.58246875,0.010802702995640557,-19.664675238276995,0.0051968026217186075,1.3488984496438134,0.1525
ba/ba_04.wav,ba,test,158,25280,1.59246875,0.012623609426581075,-18.988164165583527,0.005617741856516076,1.4586837088123223,0.16
ba/ba_04.wav,ba,test,159,25440,1.60246875,0.012544714282002073,-19.01539191093779,0.0056001594356772716,1.509328629041935,0.155
ba/ba_04.wav,ba,test,160,25600,1.61246875,0.012738047291932734,-18.948971089689515,0.005643147900758214,1.5301360523993508,0.155
ba/ba_04.wav,ba,test,161,25760,1.62246875,0.01580095619700743,-18.013166033755283,0.006285092719484619,1.6799950190535489,0.15
ba/ba_04.wav,ba,test,162,25920,1.63246875,0.01656949909220152,-17.806905942042846,0.006436128318368412,1.737074736191531,0.15
ba/ba_04.wav,ba,test,163,26080,1.64246875,0.015368334064620421,-18.133731794367442,0.006198454255824677,1.64439588015796,0.145
ba/ba_04.wav,ba,test,164,26240,1.65246875,0.0131511237061213,-18.8103710399742,0.005733917444932674,1.4540786653111857,0.145
ba/ba_04.wav,ba,test,165,26400,1.66246875,0.01134701701543257,-19.451182556160557,0.005326118900154354,1.338298229140342,0.145
ba/ba_04.wav,ba,test,166,26560,1.67246875,0.012197271291309547,-19.137372809058657,0.0055220628598625955,1.4389941038368095,0.145
ba/ba_04.wav,ba,test,167,26720,1.68246875,0.012905319951308112,-18.892311902174544,0.005680079214084103,1.5430118783764102,0.145
ba/ba_04.wav,ba,test,168,26880,1.69246875,0.012583505666906311,-19.001983164528017,0.005608811297170353,1.5792937337329502,0.145
ba/ba_04.wav,ba,test,169,27040,1.70246875,0.013748864838346399,-18.61733125867402,0.005862777677506286,1.6991138304433886,0.1475
ba/ba_04.wav,ba,test,170,27200,1.71246875,0.014950635245135995,-18.25340324940082,0.006113639514465993,1.7863319955708015,0.145
ba/ba_04.wav,ba,test,171,27360,1.72246875,0.016886538220352923,-17.724593469658632,0.006497410680485135,1.8829288246128582,0.145
ba/ba_04.wav,ba,test,172,27520,1.73246875,0.017826107255550158,-17.48943460392895,0.006675722293420795,1.932292491813333,0.145
ba/ba_04.wav,ba,test,173,27680,1.74246875,0.01755915313921759,-17.55496408789722,0.0066255477394736185,1.8965196600541168,0.145
ba/ba_04.wav,ba,test,174,27840,1.75246875,0.017335280143019202,-17.610691105768513,0.006583175552690966,1.8483691251723473,0.145
ba/ba_04.wav,ba,test,175,28000,1.76246875,0.016372449812737246,-17.858863056350827,0.006397743706326717,1.7908993412598693,0.1425
ba/ba_04.wav,ba,test,176,28160,1.77246875,0.013709820932328753,-18.629681859332624,0.005854447226751804,1.6619916449285004,0.145
ba/ba_04.wav,ba,test,177,28320,1.78246875,0.013065182912166375,-18.83884472543862,0.005715151553582454,1.6165333364495509,0.1425
ba/ba_04.wav,ba,test,178,28480,1.79246875,0.014146289139233924,-18.493574388185312,0.005946908679985326,1.6681038968819544,0.1425
ba/ba_04.wav,ba,test,179,28640,1.80246875,0.01791932863894637,-17.466782413006825,0.006693154831420376,1.8606863182785622,0.1425
ba/ba_04.wav,ba,test,180,28800,1.81246875,0.018831387677081847,-17.251176527631372,0.006861375167756433,1.949463092272252,0.1475
ba/ba_04.wav,ba,test,181,28960,1.82246875,0.017727958794782003,-17.513412418864636,0.006657319054015288,1.9217761100688138,0.1475
ba/ba_04.wav,ba,test,182,29120,1.83246875,0.018939412722077456,-17.22633468902306,0.006881026944082812,2.01807291061546,0.1425
ba/ba_04.wav,ba,test,183,29280,1.84246875,0.0227060679039347,-16.438580485679633,0.007534266371707119,2.218167215484972,0.1425
ba/ba_04.wav,ba,test,184,29440,1.85246875,0.026021419311592964,-15.846690022919969,0.008065577987905295,2.3342680299333525,0.1425
ba/ba_04.wav,ba,test,185,29600,1.86246875,0.02460995155407114,-16.088892235798046,0.007843779630074895,2.2128617789399496,0.1525
ba/ba_04.wav,ba,test,186,29760,1.87246875,0.02196005891774626,-16.583664792533177,0.007409463360754653,1.9968699481067251,0.165
ba/ba_04.wav,ba,test,187,29920,1.88246875,0.02124359369209852,-16.72771993106047,0.007287591112997922,1.894290075274778,0.1675
ba/ba_04.wav,ba,test,188,30080,1.89246875,0.01904066322340438,-17.203179055561833,0.006899395485005259,1.8140590257639144,0.1575
ba/ba_04.wav,ba,test,189,30240,1.90246875,0.018447996723194818,-17.340507636488987,0.006791170135402812,1.8349207283083557,0.1475
ba/ba_04.wav,ba,test,190,30400,1.91246875,0.019278316269089463,-17.149308766905765,0.006942318825343853,1.9235175533636788,0.14
ba/ba_04.wav,ba,test,191,30560,1.92246875,0.022442386642844925,-16.489309404216524,0.007490391619075221,2.1020138552986976,0.14
ba/ba_04.wav,ba,test,192,30720,1.93246875,0.026292213881604687,-15.801728269654632,0.008107436999694276,2.2937800751952944,0.14
ba/ba_04.wav,ba,test,193,30880,1.94246875,0.02560387990024876,-15.91694201648293,0.0080006062114456,2.247020284959291,0.1425
ba/ba_04.wav,ba,test,194,31040,1.95246875,0.020726444609162196,-16.83475168947179,0.0071983408868228444,1.96421453249457,0.1425
ba/ba_04.wav,ba,test,195,31200,1.96246875,0.018512545176197513,-17.325338452003628,0.006803040712835238,1.8403797995357833,0.1425
ba/ba_04.wav,ba,test,196,31360,1.97246875,0.022196322767494434,-16.53718948959208,0.007449215188107811,2.1008718960911272,0.1425
ba/ba_04.wav,ba,test,197,31520,1.98246875,0.027524532918245203,-15.60280026341606,0.008295259627981092,2.4069066684235008,0.1425
ba/ba_04.wav,ba,test,198,31680,1.99246875,0.02751797410896819,-15.603835265177675,0.00829427123214695,2.4175372280046785,0.1425
ba/ba_04.wav,ba,test,199,31840,2.00246875,0.021191780555239622,-16.73832531392733,0.007278698468002302,2.10171092399653,0.1425
ba/ba_04.wav,ba,test,200,32000,2.01246875,0.013559598948051152,-18.67753123368423,0.005822284549051848,1.7223085868067467,0.1425
ba/ba_04.wav,ba,test,201,32160,2.02246875,0.011346297177364791,-19.451458074906384,0.005325949956900832,1.5691357218578692,0.1425
ba/ba_04.wav,ba,test,202,32320,2.03246875,0.01177074039420398,-19.291961817384482,0.005424652153411309,1.5694696233390002,0.1425
ba/ba_04.wav,ba,test,203,32480,2.04246875,0.012005970633046325,-19.20602687102584,0.00547858800993612,1.5716080894120128,0.1425
ba/ba_04.wav,ba,test,204,32640,2.05246875,0.012131129969938176,-19.160987085228026,0.005507070448509392,1.5764783160598048,0.1425
ba/ba_04.wav,ba,test,205,32800,2.06246875,0.01217854708767209,-19.144044846996863,0.005517822733577097,1.5736426720768855,0.1425
ba/ba_04.wav,ba,test,206,32960,2.07246875,0.012267487416838233,-19.112443434147554,0.005537934501427006,1.5578142247748956,0.1425
ba/ba_04.wav,ba,test,207,33120,2.08246875,0.01345388374826205,-18.711522969897864,0.005799543893329468,1.5648538975718695,0.1475
ba/ba_04.wav,ba,test,208,33280,2.09246875,0.015419336615716086,-18.119342823173692,0.0062087310731976635,1.5862345191560656,0.155
ba/ba_04.wav,ba,test,209,33440,2.10246875,0.01678059700341545,-17.751925664539307,0.006476997182996039,1.6448851040094206,0.165
ba/ba_04.wav,ba,test,210,33600,2.11246875,0.014902786107373115,-18.26732502583755,0.006103848398218356,1.5779053203354194,0.1475
ba/ba_04.wav,ba,test,211,33760,2.12246875,0.013240737984878289,-18.780877756139397,0.005753420283813423,1.6468207539416015,0.1375
ba/ba_04.wav,ba,test,212,33920,2.13246875,0.018318737419808828,-17.371044387566755,0.006767336518123069,2.014003980300517,0.14
ba/ba_04.wav,ba,test,213,34080,2.14246875,0.02452243410037702,-16.104364061704658,0.007829820256617808,2.309552427860804,0.14
ba/ba_04.wav,ba,test,214,34240,2.15246875,0.020371767634240957,-16.909712648266584,0.007136485065184568,2.0896264704473317,0.14
ba/ba_04.wav,ba,test,215,34400,2.16246875,0.01500738404826226,-18.236949745152558,0.006125231434048484,1.8122628704945456,0.14
ba/ba_04.wav,ba,test,216,34560,2.17246875,0.015991904179685684,-17.960997939312954,0.006322955040897745,1.823217712127598,0.14
ba/ba_04.wav,ba,test,217,34720,2.18246875,0.015784503852027218,-18.017690370473474,0.006281819770581455,1.8431943666867747,0.14
ba/ba_04.wav,ba,test,218,34880,2.19246875,0.014670264698563085,-18.335620204188277,0.006056043406912446,1.7990620890269435,0.14
ba/ba_04.wav,ba,test,219,35040,2.20246875,0.01267380290310291,-18.97093016830408,0.005628899293623689,1.6814790689169352,0.1375
ba/ba_04.wav,ba,test,220,35200,2.21246875,0.011178189639605565,-19.516284879369042,0.005286347898030729,1.5792272976491761,0.1375
ba/ba_04.wav,ba,test,221,35360,2.22246875,0.011505192114266226,-19.39106087316387,0.005363112928669838,1.619050817950816,0.1375
ba/ba_04.wav,ba,test,222,35520,2.23246875,0.015114397697886073,-18.206091258519944,0.00614703133591453,1.8205324540889771,0.14
ba/ba_04.wav,ba,test,223,35680,2.24246875,0.0189819639092932,-17.216588337899207,0.006888752410504605,2.0063766715919917,0.14
ba/ba_04.wav,ba,test,224,35840,2.25246875,0.018015578917254624,-17.44351753479796,0.006711106264479542,1.9451901294152019,0.1375
ba/ba_04.wav,ba,test,225,36000,2.26246875,0.01453490887724498,-18.37587656699645,0.006028040493652348,1.7518963064713362,0.1375
ba/ba_04.wav,ba,test,226,36160,2.27246875,0.012150071595667314,-19.154211271847196,0.005511368159465332,1.6074499858420945,0.1375
ba/ba_04.wav,ba,test,227,36320,2.28246875,0.010410571990449332,-19.825253665757238,0.005101610527678817,1.5127680874613703,0.1375
ba/ba_04.wav,ba,test,228,36480,2.29246875,0.01003894086410952,-19.983120607762686,0.005009725756992473,1.462652906576829,0.1375
ba/ba_04.wav,ba,test,229,36640,2.30246875,0.009415774763096968,-20.261438927739277,0.004851745758769973,1.4196809994861055,0.1375
ba/ba_04.wav,ba,test,230,36800,2.31246875,0.008928688380048873,-20.492122854323895,0.004724586854966494,1.3826530210990722,0.1375
ba/ba_04.wav,ba,test,231,36960,2.32246875,0.008433059984870823,-20.74014758999695,0.0045915846896444215,1.3528239106853333,0.14
ba/ba_04.wav,ba,test,232,37120,2.33246875,0.008653179947490784,-20.62824214616747,0.004651123506071083,1.380409483857246,0.14
ba/ba_04.wav,ba,test,233,37280,2.34246875,0.010405279040307427,-19.82746227002223,0.0051003134806371034,1.5075293015928155,0.1375
ba/ba_04.wav,ba,test,234,37440,2.35246875,0.01096208139922535,-19.601069377688006,0.005234997946328477,1.5822052367062067,0.1375
ba/ba_04.wav,ba,test,235,37600,2.36246875,0.011881532064235516,-19.251275190869677,0.005450122031715326,1.6501828503563545,0.1375
ba/ba_04.wav,ba,test,236,37760,2.37246875,0.012519266173421046,-19.024210922002013,0.005594476332379342,1.704044340916641,0.14
ba/ba_04.wav,ba,test,237,37920,2.38246875,0.013775323499798996,-18.60898161854604,0.005868416204522093,1.7834176944081372,0.14
ba/ba_04.wav,ba,test,238,38080,2.39246875,0.015421350306503592,-18.11877569265289,0.006209136475087255,1.882422895477012,0.1375
ba/ba_04.wav,ba,test,239,38240,2.40246875,0.015376215530167653,-18.13150513832993,0.006200043453510559,1.8705796269348882,0.1375
ba/ba_04.wav,ba,test,240,38400,2.41246875,0.013469704138577933,-18.706419111879384,0.005802952726538864,1.747922290988501,0.1375
ba/ba_04.wav,ba,test,241,38560,2.42246875,0.010352914700449245,-19.849373222564807,0.005087463685484459,1.5268128470567364,0.1375
ba/ba_04.wav,ba,test,242,38720,2.43246875,0.006615496264566416,-21.794375058014126,0.004066785052276065,1.2040645381845732,0.1375
ba/ba_04.wav,ba,test,243,38880,2.44246875,0.004023420656392615,-23.954044507872897,0.003171521975484568,0.9477815919639776,0.1375
ba/ba_04.wav,ba,test,244,39040,2.45246875,0.0030406918592272127,-25.17027445781356,0.002757123437220037,0.7843816946922568,0.145
ba/ba_04.wav,ba,test,245,39200,2.46246875,0.0007391212749500978,-31.312837091784523,0.0013593392466103686,0.38728795044278264,0.1725
ba/ba_04.wav,ba,test,246,39360,2.47246875,0.00027773910268970347,-35.5636140826048,0.000833275318681802,0.24039375185612266,0.1975
ba/ba_04.wav,ba,test,247,39520,2.48246875,0.0003286641156160561,-34.83246389314894,0.0009064547915037685,0.25448972029271866,0.185
ba/ba_04.wav,ba,test,248,39680,2.49246875,0.0002017528133968584,-36.95178247824919,0.0007101985873628206,0.20166401815003823,0.1625
ba/ba_04.wav,ba,test,249,39840,2.50246875,9.995840524153313e-05,-40.00176336590093,0.0004998960022883088,0.13920580825173998,0.1575
ba/ba_04.wav,ba,test,250,40000,2.51246875,4.206125509846724e-05,-43.761074470427985,0.00032427324549855804,0.09600432020143512,0.1525
ba/ba_04.wav,ba,test,251,40160,2.52246875,4.932316087922585e-05,-43.069402943904535,0.00035115224931369103,0.1017614640863734,0.14
ba/ba_04.wav,ba,test,252,40320,2.53246875,5.7005175376948675e-05,-42.44078095435179,0.00037750885876012457,0.10164055192493643,0.14
ba/ba_04.wav,ba,test,253,40480,2.54246875,4.1041861468790294e-05,-43.867623682475035,0.0003203196117504761,0.08827425640180897,0.13
ba/ba_04.wav,ba,test,254,40640,2.55246875,2.7171583972517605e-05,-45.65869060454169,0.000260631847500059,0.07341075810425726,0.1175
ba/ba_04.wav,ba,test,255,40800,2.56246875,3.0388263966673113e-05,-45.17279818481537,0.00027562775607090583,0.0776251380544328,0.085
ba/ba_04.wav,ba,test,256,40960,2.57246875,1.989327426723869e-05,-47.01271899065084,0.00022300938470857392,0.06334633741714932,0.0875
ba/ba_04.wav,ba,test,257,41120,2.58246875,6.057533170376186e-06,-52.17632510012194,0.00012306028167504112,0.03676819734864351,0.1125
ba/ba_04.wav,ba,test,258,41280,2.59246875,6.240782539121284e-06,-52.04691366030314,0.00012490779138149555,0.03444520265782984,0.0925
ba/ba_04.wav,ba,test,259,41440,2.60246875,8.635531592250706e-06,-50.63660633999245,0.0001469313750722655,0.04128918990821992,0.09
ba/ba_04.wav,ba,test,260,41600,2.61246875,9.033192600728385e-06,-50.44110654914549,0.00015027635044084935,0.044440006517424274,0.065
ba/ba_04.wav,ba,test,261,41760,2.62246875,1.4336515661740324e-05,-48.435260946841424,0.00018931795782321025,0.05609549558380692,0.0275
ba/ba_04.wav,ba,test,262,41920,2.63246875,1.1646056415832268e-05,-49.33783820894747,0.00017063159449404636,0.048595951933175646,0.075
ba/ba_04.wav,ba,test,263,42080,2.64246875,2.4194121226969546e-06,-56.161106805589746,7.777229781061112e-05,0.02293364627460407,0.145
ba/ba_04.wav,ba,test,264,42240,2.65246875,8.734114902100446e-07,-60.58284144171309,4.672824333874655e-05,0.012612282570288003,0.1925
ba/ba_04.wav,ba,test,265,42400,2.66246875,9.968834521809896e-07,-60.00920179183983,4.992202550430495e-05,0.012959166229464185,0.175
ba/ba_04.wav,ba,test,266,42560,2.67246875,9.099833901023788e-07,-60.40489541416292,4.769652477126554e-05,0.012845546648919438,0.19
ba/ba_04.wav,ba,test,267,42720,2.68246875,1.0049324169217994e-06,-59.97431196162672,5.012315874228697e-05,0.014068737805494506,0.1675
ba/ba_04.wav,ba,test,268,42880,2.69246875,2.4396351018386122e-06,-56.124971468851406,7.809665648794787e-05,0.019985056161759683,0.12
ba/ba_04.wav,ba,test,269,43040,2.70246875,1.7986230307755412e-06,-57.448184575631885,6.705637610950097e-05,0.01826298245629597,0.125
ba/ba_04.wav,ba,test,270,43200,2.71246875,1.6133153809713244e-06,-57.92011615317007,6.350817626438592e-05,0.016902584642297172,0.155
ba/ba_04.wav,ba,test,271,43360,2.72246875,8.945974617276084e-07,-60.47887145954168,4.729158122032949e-05,0.012798994443441843,0.1725
ba/ba_04.wav,ba,test,272,43520,2.73246875,1.1798142785648355e-06,-59.27818403942083,5.430962802682494e-05,0.014429157692393765,0.16
ba/ba_04.wav,ba,test,273,43680,2.74246875,2.9401304356587252e-06,-55.31485714618845,8.57340427668427e-05,0.023430145785763076,0.1375
ba/ba_04.wav,ba,test,274,43840,2.75246875,3.0130672760225576e-06,-55.20847058166284,8.679094532297937e-05,0.023667621566367474,0.105
ba/ba_04.wav,ba,test,275,44000,2.76246875,2.078167287427645e-06,-56.82110566424235,7.207924956996369e-05,0.01756357700379011,0.1575
ba/ba_04.wav,ba,test,276,44160,2.77246875,7.038826915214292e-07,-61.51883153454005,4.194885849225904e-05,0.011275039204726911,0.1725
ba/ba_04.wav,ba,test,277,44320,2.78246875,1.3006428154630965e-06,-58.855081744123616,5.7022864174449716e-05,0.015617188461563784,0.1625
ba/ba_04.wav,ba,test,278,44480,2.79246875,1.971516867858672e-06,-57.04979274259672,7.020535712925817e-05,0.020072534700473654,0.1025
ba/ba_04.wav,ba,test,279,44640,2.80246875,2.103612352272766e-06,-56.76827884993334,7.251917595148139e-05,0.019868535451089964,0.115
ba/ba_04.wav,ba,test,280,44800,2.81246875,1.9050154053667727e-06,-57.19873593498981,6.901114774742507e-05,0.017202794924000432,0.1275
ba/ba_04.wav,ba,test,281,44960,2.82246875,1.3453047440325757e-06,-58.70856623862665,5.7993636375739016e-05,0.016557499066054727,0.1175
ba/ba_04.wav,ba,test,282,45120,2.83246875,1.965042046509649e-06,-57.06407198420537,7.008997871503545e-05,0.018496509436747945,0.0975
ba/ba_04.wav,ba,test,283,45280,2.84246875,2.0054384240849383e-06,-56.97574163859607,7.080675151574422e-05,0.01933266201162164,0.1325
ba/ba_04.wav,ba,test,284,45440,2.85246875,1.1207745792699063e-06,-59.50094405838264,5.293332077410944e-05,0.014304389426283343,0.1875
ba/ba_04.wav,ba,test,285,45600,2.86246875,9.056551698493769e-07,-60.42557857710425,4.758295834249319e-05,0.012280402850141179,0.21
ba/ba_04.wav,ba,test,286,45760,2.87246875,1.5121170040849855e-06,-58.20127488193749,6.148408338921923e-05,0.017025870854446398,0.115
ba/ba_04.wav,ba,test,287,45920,2.88246875,2.3844548004619812e-06,-56.22428808028098,7.720839980957352e-05,0.021851738922541573,0.075
ba/ba_04.wav,ba,test,288,46080,2.89246875,1.1895522496698969e-06,-59.242515399941915,5.4533298306399386e-05,0.01563871381423093,0.09
ba/ba_04.wav,ba,test,289,46240,2.90246875,1.417215674593443e-06,-58.4825771896725,5.9523433927182054e-05,0.013380731737867746,0.145
ba/ba_04.wav,ba,test,290,46400,2.91246875,1.0577626539676837e-06,-59.75201386091698,5.1423794443032e-05,0.013615092943497425,0.1825
ba/ba_04.wav,ba,test,291,46560,2.92246875,1.3903066467047693e-06,-58.56577140105233,5.895563261268531e-05,0.014738599805166362,0.1925
ba/ba_04.wav,ba,test,292,46720,2.93246875,8.784577137355293e-07,-60.55785037540028,4.6863037506534115e-05,0.011408258847362473,0.2425
ba/ba_04.wav,ba,test,293,46880,2.94246875,4.0713961244841707e-07,-63.891912522424505,3.190374634930893e-05,0.007995129692155616,0.305
ba/ba_04.wav,ba,test,294,47040,2.95246875,3.1246284414403824e-07,-65.03813930238495,2.7949188008958248e-05,0.007208452330433404,0.3
ba/ba_04.wav,ba,test,295,47200,2.96246875,6.484566489708661e-07,-61.874498326449576,4.026340301597923e-05,0.009447979026633788,0.2525
ba/ba_04.wav,ba,test,296,47360,2.97246875,1.116007950697146e-06,-59.51943735629594,5.2820638738497524e-05,0.013136358872156109,0.215
ba/ba_04.wav,ba,test,297,47520,2.98246875,1.5480019637534196e-06,-58.09948031661883,6.220936351855361e-05,0.01736244998952973,0.125
ba/ba_04.wav,ba,test,298,47680,2.99246875,8.240021539020193e-06,-50.840189507711465,0.00014352718853078146,0.04132385260381445,0.09
ba/ba_04.wav,ba,test,299,47840,3.00246875,2.6826679910609727e-05,-45.714168840029686,0.00025897239191953323,0.07593379059597109,0.01
ba/ba_04.wav,ba,test,300,48000,3.01246875,5.2412702154535665e-05,-42.80555163546755,0.00036198308715510336,0.10617056728810269,0.01
ba/ba_04.wav,ba,test,301,48160,3.02246875,6.48569786536618e-05,-41.880365905572816,0.0004026691528217111,0.11506093238170131,0.02
ba/ba_04.wav,ba,test,302,48320,3.03246875,2.172928962724468e-05,-46.629344852452405,0.00023307343063530794,0.07269764759238133,0.0325
ba/ba_04.wav,ba,test,303,48480,3.04246875,8.037796258632287e-06,-50.948089782879265,0.00014175503746456671,0.041694642765060574,0.065
ba/ba_04.wav,ba,test,304,48640,3.05246875,3.845421471914042e-06,-54.14943129640516,9.80487311482668e-05,0.02761736805041839,0.0775
ba/ba_04.wav,ba,test,305,48800,3.06246875,2.277686207133248e-06,-56.42315476440233,7.54600259596637e-05,0.02208601501108485,0.0825
ba/ba_04.wav,ba,test,306,48960,3.07246875,2.616425585439737e-06,-55.82125656656683,8.087684442162258e-05,0.022451642332519554,0.1075
ba/ba_04.wav,ba,test,307,49120,3.08246875,2.069600932416565e-06,-56.839035947567844,7.193053823683939e-05,0.020827747763579922,0.1075
ba/ba_04.wav,ba,test,308,49280,3.09246875,3.934760130974656e-06,-54.04971377966436,9.918114905281467e-05,0.025650055090771184,0.0775
ba/ba_04.wav,ba,test,309,49440,3.10246875,2.4185487178488865e-06,-56.16265628905665,7.775841944524218e-05,0.02186367895844509,0.0775
ba/ba_04.wav,ba,test,310,49600,3.11246875,1.5793892714077852e-06,-58.01235927221554,6.283687753635968e-05,0.01730983247559653,0.1025
ba/ba_04.wav,ba,test,311,49760,3.12246875,1.3427933060531832e-06,-58.71667526627297,5.793947933087558e-05,0.016706766656294718,0.0975
ba/ba_04.wav,ba,test,312,49920,3.13246875,3.0182749053389194e-06,-55.2009734261243,8.68659154291676e-05,0.022850818199218054,0.0775
ba/ba_04.wav,ba,test,313,50080,3.14246875,1.7598044202696915e-06,-57.54288880213724,6.632881011049594e-05,0.019863235778235618,0.0975
ba/ba_04.wav,ba,test,314,50240,3.15246875,2.1136405424571054e-06,-56.74763445638742,7.269182454817574e-05,0.01845396302016545,0.15
ba/ba_04.wav,ba,test,315,50400,3.16246875,9.101693627143265e-07,-60.40400891461661,4.7701398373483936e-05,0.01149608303198306,0.1725
ba/ba_04.wav,ba,test,316,50560,3.17246875,1.3404369985665673e-06,-58.72429719426928,5.788862147621429e-05,0.01404617516462358,0.1575
ba/ba_04.wav,ba,test,317,50720,3.18246875,2.3217941253370112e-06,-56.33989281027272,7.618717289243989e-05,0.018712852738184904,0.11
ba/ba_04.wav,ba,test,318,50880,3.19246875,1.2061980021623764e-06,-59.182214919622325,5.491352297390818e-05,0.015224085605975313,0.1575
ba/ba_04.wav,ba,test,319,51040,3.20246875,8.575469246894692e-07,-60.66235963081083,4.6301914773837086e-05,0.012508086572836438,0.19
ba/ba_04.wav,ba,test,320,51200,3.21246875,1.1165795399939017e-06,-59.51721557635718,5.283416366315222e-05,0.012931709299196785,0.2125
ba/ba_04.wav,ba,test,321,51360,3.22246875,1.040008711438673e-06,-59.82545636182149,5.099040869219115e-05,0.012258957056947467,0.2075
ba/ba_04.wav,ba,test,322,51520,3.23246875,7.421094740885413e-07,-61.28947201730235,4.3072888052942926e-05,0.011596185190691178,0.215
ba/ba_04.wav,ba,test,323,51680,3.24246875,9.398942548797041e-07,-60.26459183270741,4.847407180338021e-05,0.011811373820850762,0.22
ba/ba_04.wav,ba,test,324,51840,3.25246875,8.448274055061606e-07,-60.7271824746143,4.595724658598904e-05,0.012402089608852519,0.1925
ba/ba_04.wav,ba,test,325,52000,3.26246875,3.3546987689723473e-06,-54.74217031408506,9.157918389257937e-05,0.022968638477820286,0.1475
ba/ba_04.wav,ba,test,326,52160,3.27246875,2.879075005638257e-06,-55.40596201785688,8.483918619420889e-05,0.02331601954185813,0.12
ba/ba_04.wav,ba,test,327,52320,3.28246875,1.8755984142801062e-06,-57.266286549876185,6.847624431655306e-05,0.01781414385165501,0.165
ba/ba_04.wav,ba,test,328,52480,3.29246875,1.224638248417641e-06,-59.11637694498735,5.533168731426959e-05,0.014631856401375916,0.1825
ba/ba_04.wav,ba,test,329,52640,3.30246875,1.434536597542205e-06,-58.42985731131232,5.9886070950226084e-05,0.01597628589496341,0.1525
ba/ba_04.wav,ba,test,330,52800,3.31246875,2.0124656051474585e-06,-56.96055784791214,7.093069866333368e-05,0.01924201430413231,0.0875
ba/ba_04.wav,ba,test,331,52960,3.32246875,2.034620325776923e-06,-56.91303221323656,7.132005899073771e-05,0.020335210870785478,0.0625
ba/ba_04.wav,ba,test,332,53120,3.33246875,1.963068739632831e-06,-57.06843316589391,7.005477748934813e-05,0.018666024554266553,0.1325
ba/ba_04.wav,ba,test,333,53280,3.34246875,6.289090862550995e-07,-62.00722127033537,3.9651894225090294e-05,0.010720968923809063,0.175
ba/ba_04.wav,ba,test,334,53440,3.35246875,6.652213748177703e-07,-61.76381437666319,4.078055219150944e-05,0.009964606779585272,0.1925
ba/ba_04.wav,ba,test,335,53600,3.36246875,9.116905537399617e-07,-60.39676444352993,4.7741244059512145e-05,0.012346148223923305,0.1625
ba/ba_04.wav,ba,test,336,53760,3.37246875,1.1401034943053976e-06,-59.426749647251604,5.3387814487610314e-05,0.013726081659433894,0.1775
ba/ba_04.wav,ba,test,337,53920,3.38246875,8.134633554116975e-07,-60.891284508281565,4.5096101699916856e-05,0.011873253726768465,0.1925
ba/ba_04.wav,ba,test,338,54080,3.39246875,6.84512267756409e-07,-61.639847687792965,4.1367628278534686e-05,0.010901207474311857,0.2125
ba/ba_04.wav,ba,test,339,54240,3.40246875,1.1171204948348504e-06,-59.515113919575796,5.284696052837028e-05,0.014893781940827067,0.155
ba/ba_04.wav,ba,test,340,54400,3.41246875,7.968168001315908e-06,-50.985870175372305,0.00014113971802185864,0.04102998920682862,0.0925
ba/ba_04.wav,ba,test,341,54560,3.42246875,0.00013553443504690077,-38.679471458712,0.0005820962872388484,0.16930498363132307,0.0225
ba/ba_04.wav,ba,test,342,54720,3.43246875,0.001173610471314809,-29.304756541883133,0.0017128999323623732,0.4963224125546686,0.01
ba/ba_04.wav,ba,test,343,54880,3.44246875,0.0024174011605601195,-26.166510940758656,0.002458353697375603,0.7367032033392343,0.01
ba/ba_04.wav,ba,test,344,55040,3.45246875,0.002502078538485459,-26.01698888656874,0.0025010390533163705,0.7533728863243596,0.01
ba/ba_04.wav,ba,test,345,55200,3.46246875,0.0014041952374093131,-28.52572195006345,0.001873629657515936,0.5545840943605975,0.01
ba/ba_04.wav,ba,test,346,55360,3.47246875,0.0004045162094029925,-33.93062997439171,0.001005629416588179,0.30554315762542433,0.01
ba/ba_04.wav,ba,test,347,55520,3.48246875,0.00016055077114567718,-37.94384899100584,0.0006335431539083924,0.1999144355954188,0.0125
ba/ba_04.wav,ba,test,348,55680,3.49246875,0.00012576682537600867,-39.004304483093755,0.0005607290463673357,0.17848691324431637,0.01
ba/ba_04.wav,ba,test,349,55840,3.50246875,0.00014841521248276933,-38.285186556120884,0.0006091289118133561,0.18053489039540851,0.01
ba/ba_04.wav,ba,test,350,56000,3.51246875,7.20057561584128e-05,-41.42626753226207,0.000424281027617347,0.12278620635744686,0.025
ba/ba_04.wav,ba,test,351,56160,3.52246875,1.4429638669327204e-05,-48.40714447532524,0.0001899318211183108,0.05502248693804893,0.0425
ba/ba_04.wav,ba,test,352,56320,3.53246875,3.481653244315041e-06,-54.58089764582063,9.329594369953927e-05,0.025205650083730706,0.0775
ba/ba_04.wav,ba,test,353,56480,3.54246875,1.1138345512147998e-06,-59.52789579993356,5.276918019106417e-05,0.014449607437514765,0.13
ba/ba_04.wav,ba,test,354,56640,3.55246875,1.2953708745421129e-06,-58.87270734788651,5.6907180446366185e-05,0.014259327168337872,0.155
ba/ba_04.wav,ba,test,355,56800,3.56246875,1.3802350059822441e-06,-58.59732423435623,5.874170166887924e-05,0.015047291892308367,0.1725
ba/ba_04.wav,ba,test,356,56960,3.57246875,8.10672224515069e-07,-60.90619315368646,4.5018669030610766e-05,0.012944138517953424,0.1325
ba/ba_04.wav,ba,test,357,57120,3.58246875,1.6624960192910111e-06,-57.78978234050954,6.446890760845517e-05,0.01759788819066068,0.12
ba/ba_04.wav,ba,test,358,57280,3.59246875,1.7001512795713201e-06,-57.69257063834996,6.51949246408668e-05,0.016667494313374127,0.1525
ba/ba_04.wav,ba,test,359,57440,3.60246875,8.820451505469669e-07,-60.54017090157319,4.6958629413212407e-05,0.012675300643895018,0.195
ba/ba_04.wav,ba,test,360,57600,3.61246875,9.219681301348217e-07,-60.3481329479808,4.800958576510585e-05,0.013766808793700371,0.1575
ba/ba_04.wav,ba,test,361,57760,3.62246875,1.690910306379934e-06,-57.71622664037398,6.50175035352007e-05,0.015635982265078553,0.185
ba/ba_04.wav,ba,test,362,57920,3.63246875,9.76572254267499e-07,-60.09851133195548,4.941083520513236e-05,0.014349709180664248,0.135
ba/ba_05.wav,ba,test,0,0,0.01246875,0.0,-90.0,0.0,0.0,0.0
ba/ba_05.wav,ba,test,1,160,0.02246875,0.0,-90.0,0.0,0.0,0.0
ba/ba_05.wav,ba,test,2,320,0.03246875,0.0,-90.0,0.0,0.0,0.0
ba/ba_05.wav,ba,test,3,480,0.04246875,0.0,-90.0,0.0,0.0,0.0
ba/ba_05.wav,ba,test,4,640,0.05246875,0.0,-90.0,0.0,0.0,0.0
ba/ba_05.wav,ba,test,5,800,0.06246875,0.0,-90.0,0.0,0.0,0.0
ba/ba_05.wav,ba,test,6,960,0.07246875,0.0,-90.0,0.0,0.0,0.0
ba/ba_05.wav,ba,test,7,1120,0.08246875,0.0,-90.0,0.0,0.0,0.0
ba/ba_05.wav,ba,test,8,1280,0.09246875,0.0,-90.0,0.0,0.0,0.0
ba/ba_05.wav,ba,test,9,1440,0.10246875,0.0,-90.0,0.0,0.0,0.0
ba/ba_05.wav,ba,test,10,1600,0.11246875,0.0,-90.0,0.0,0.0,0.0
ba/ba_05.wav,ba,test,11,1760,0.12246875,0.0,-90.0,0.0,0.0,0.0
ba/ba_05.wav,ba,test,12,1920,0.13246875,0.0,-90.0,0.0,0.0,0.0
ba/ba_05.wav,ba,test,13,2080,0.14246875,0.0,-90.0,0.0,0.0,0.0
ba/ba_05.wav,ba,test,14,2240,0.15246875,0.0,-90.0,0.0,0.0,0.0
ba/ba_05.wav,ba,test,15,2400,0.16246875,0.0,-90.0,0.0,0.0,0.0
ba/ba_05.wav,ba,test,16,2560,0.17246875,0.0,-90.0,0.0,0.0,0.0
ba/ba_05.wav,ba,test,17,2720,0.18246875,0.0,-90.0,0.0,0.0,0.0
ba/ba_05.wav,ba,test,18,2880,0.19246875,0.0,-90.0,0.0,0.0,0.0
ba/ba_05.wav,ba,test,19,3040,0.20246875,0.0,-90.0,0.0,0.0,0.0
ba/ba_05.wav,ba,test,20,3200,0.21246875,0.0,-90.0,0.0,0.0,0.0
ba/ba_05.wav,ba,test,21,3360,0.22246875,0.0,-90.0,0.0,0.0,0.0
ba/ba_05.wav,ba,test,22,3520,0.23246875,0.0,-90.0,0.0,0.0,0.0
ba/ba_05.wav,ba,test,23,3680,0.24246875,0.0,-90.0,0.0,0.0,0.0
ba/ba_05.wav,ba,test,24,3840,0.25246875,0.0,-90.0,0.0,0.0,0.0
ba/ba_05.wav,ba,test,25,4000,0.26246875,0.0,-90.0,0.0,0.0,0.0
ba/ba_05.wav,ba,test,26,4160,0.27246875,0.0,-90.0,0.0,0.0,0.0
ba/ba_05.wav,ba,test,27,4320,0.28246875,0.0,-90.0,0.0,0.0,0.0
ba/ba_05.wav,ba,test,28,4480,0.29246875,0.0,-90.0,0.0,0.0,0.0
ba/ba_05.wav,ba,test,29,4640,0.30246875,0.0,-90.0,0.0,0.0,0.0
ba/ba_05.wav,ba,test,30,4800,0.31246875,0.0,-90.0,0.0,0.0,0.0
ba/ba_05.wav,ba,test,31,4960,0.32246875,8.834130650528556e-09,-80.07264026224148,4.69950280628934e-06,0.0006655047684872841,0.1
ba/ba_05.wav,ba,test,32,5120,0.33246875,6.975340110812648e-08,-71.50252678814421,1.3205434592254668e-05,0.002814412073014028,0.265
ba/ba_05.wav,ba,test,33,5280,0.34246875,3.0600457359433187e-07,-65.12855154581493,2.765884006942138e-05,0.006276899061770533,0.335
ba/ba_05.wav,ba,test,34,5440,0.35246875,3.0168189015957093e-06,-55.203068256596666,8.684496101668348e-05,0.019833872053359597,0.245
ba/ba_05.wav,ba,test,35,5600,0.36246875,2.424192340166195e-06,-56.15253812129636,7.784909023498918e-05,0.02249703751083037,0.0975
ba/ba_05.wav,ba,test,36,5760,0.37246875,2.259787122998286e-06,-56.457403291449836,7.5162941716618e-05,0.02112271845267133,0.1075
ba/ba_05.wav,ba,test,37,5920,0.38246875,1.6351391034613415e-06,-57.86179775666216,6.393627889276443e-05,0.016318982549149187,0.1625
ba/ba_05.wav,ba,test,38,6080,0.39246875,1.3509866950867243e-06,-58.69027582269272,5.811597661329293e-05,0.01467331505305807,0.1825
ba/ba_05.wav,ba,test,39,6240,0.40246875,2.1831938333068873e-06,-56.60708823384779,7.387817393024288e-05,0.020892790625328193,0.115
ba/ba_05.wav,ba,test,40,6400,0.41246875,4.309670348670913e-06,-53.654551878228034,0.00010379872769777712,0.02848583202346417,0.07
ba/ba_05.wav,ba,test,41,6560,0.42246875,3.558818966986391e-06,-54.48572087318684,9.432416136635395e-05,0.024048208717540306,0.09
ba/ba_05.wav,ba,test,42,6720,0.43246875,1.8258657697967137e-06,-57.38293361557253,6.756230031971812e-05,0.017569095825359177,0.1325
ba/ba_05.wav,ba,test,43,6880,0.44246875,1.9775515024965874e-06,-57.03652640389636,7.031272115514709e-05,0.019063921433265935,0.095
ba/ba_05.wav,ba,test,44,7040,0.45246875,3.3711608755253955e-06,-54.72091714685982,9.180360662203577e-05,0.022945892920195887,0.0825
ba/ba_05.wav,ba,test,45,7200,0.46246875,2.457979807027655e-06,-56.0924503764293,7.83897283932604e-05,0.02181287899281001,0.075
ba/ba_05.wav,ba,test,46,7360,0.47246875,3.005240487450151e-06,-55.21976280503946,8.667814729575949e-05,0.024906450482664898,0.1
ba/ba_05.wav,ba,test,47,7520,0.48246875,2.786634873408882e-06,-55.547641110791346,8.346608403131301e-05,0.020479391115530078,0.1425
ba/ba_05.wav,ba,test,48,7680,0.49246875,1.7281752731583064e-06,-57.62160983413474,6.573004018632399e-05,0.017254853622805818,0.16
ba/ba_05.wav,ba,test,49,7840,0.50246875,1.6009826188170682e-06,-57.953422002322974,6.326497093212539e-05,0.017388523445623492,0.145
ba/ba_05.wav,ba,test,50,8000,0.51246875,9.902141508241899e-07,-60.0383250648975,4.9754752306292056e-05,0.013182921840981772,0.19
ba/ba_05.wav,ba,test,51,8160,0.52246875,7.947572479043147e-07,-60.99219397054412,4.457457929987435e-05,0.0121337982261931,0.2075
ba/ba_05.wav,ba,test,52,8320,0.53246875,1.407828361913879e-06,-58.51141913926988,5.9325971587363804e-05,0.016205377550365677,0.1525
ba/ba_05.wav,ba,test,53,8480,0.54246875,2.173818638622705e-06,-56.62576953665405,7.371937734786399e-05,0.020860492861847556,0.125
ba/ba_05.wav,ba,test,54,8640,0.55246875,4.019407538793611e-06,-53.95729921323911,0.000100242300686806,0.026114680177883993,0.11
ba/ba_05.wav,ba,test,55,8800,0.56246875,1.9253275882317234e-06,-57.15269855496218,6.937808710666005e-05,0.02125300807931505,0.0825
ba/ba_05.wav,ba,test,56,8960,0.57246875,2.168406537387602e-06,-56.63659055454646,7.362755152433772e-05,0.019391920003052784,0.1725
ba/ba_05.wav,ba,test,57,9120,0.58246875,6.830512421781007e-07,-61.6491136412544,4.132345708487192e-05,0.01134598188123601,0.2325
ba/ba_05.wav,ba,test,58,9280,0.59246875,9.248340508965343e-07,-60.334668505087905,4.808414631914905e-05,0.012695980187061234,0.2175
ba/ba_05.wav,ba,test,59,9440,0.60246875,2.342019343843968e-06,-56.30224125875928,7.651828774619777e-05,0.020003326981920408,0.1425
ba/ba_05.wav,ba,test,60,9600,0.61246875,3.447222367686439e-06,-54.62404735322608,9.283348490289534e-05,0.02272110887187568,0.1125
ba/ba_05.wav,ba,test,61,9760,0.62246875,1.3467783426719e-06,-58.703815265469366,5.8025389758964565e-05,0.01621757187546172,0.115
ba/ba_05.wav,ba,test,62,9920,0.63246875,1.5487883613203795e-06,-58.097276049176266,6.222516294314503e-05,0.016965445316740387,0.115
ba/ba_05.wav,ba,test,63,10080,0.64246875,2.835163152888888e-06,-55.472687895816115,8.418971363665647e-05,0.022302311985676542,0.0975
ba/ba_05.wav,ba,test,64,10240,0.65246875,3.667930450084539e-06,-54.354605208498825,9.575920908827175e-05,0.026937805118568543,0.0875
ba/ba_05.wav,ba,test,65,10400,0.66246875,2.1435832087817608e-06,-56.686570986840806,7.320490435725193e-05,0.021475281314007548,0.1025
ba/ba_05.wav,ba,test,66,10560,0.67246875,2.5478243157804763e-06,-55.93660098354419,7.980952818712306e-05,0.021956964902677692,0.1325
ba/ba_05.wav,ba,test,67,10720,0.68246875,1.6606619845895034e-06,-57.79457315785011,6.443333734545929e-05,0.018708477095409574,0.12
ba/ba_05.wav,ba,test,68,10880,0.69246875,1.9565824003899656e-06,-57.08279948155593,6.993894480884677e-05,0.018710013968678912,0.1325
ba/ba_05.wav,ba,test,69,11040,0.70246875,2.4541031773483575e-06,-56.0993025164225,7.832788739249191e-05,0.02152782769767376,0.1175
ba/ba_05.wav,ba,test,70,11200,0.71246875,2.05977351882918e-06,-56.85969735017221,7.175955544088152e-05,0.019370624067396917,0.1175
ba/ba_05.wav,ba,test,71,11360,0.72246875,1.302225578294434e-06,-58.84980404756088,5.705754941930196e-05,0.01577206258392262,0.1175
ba/ba_05.wav,ba,test,72,11520,0.73246875,1.9625977231115152e-06,-57.069474801577655,7.004637255260823e-05,0.017867509488088223,0.1675
ba/ba_05.wav,ba,test,73,11680,0.74246875,1.324054247224883e-06,-58.7776634150969,5.753377806178043e-05,0.015549035229504708,0.2175
ba/ba_05.wav,ba,test,74,11840,0.75246875,1.147815501947893e-06,-59.39749712756192,5.3568075892920894e-05,0.01403432641023888,0.2725
ba/ba_05.wav,ba,test,75,12000,0.76246875,1.1302239799832088e-06,-59.46451397161037,5.315599636878253e-05,0.013943969683926982,0.215
ba/ba_05.wav,ba,test,76,12160,0.77246875,1.3603686126892466e-06,-58.66024266580694,5.831742048241774e-05,0.014703943476890045,0.185
ba/ba_05.wav,ba,test,77,12320,0.78246875,1.0551197602317107e-06,-59.76286831557198,5.135951129614919e-05,0.014009432051350527,0.1425
ba/ba_05.wav,ba,test,78,12480,0.79246875,1.5275483433552595e-06,-58.15720821301377,6.17970133452107e-05,0.01725010859744788,0.0975
ba/ba_05.wav,ba,test,79,12640,0.80246875,1.8075499406266082e-06,-57.42669494290197,6.722257694827327e-05,0.01746847935019316,0.1075
ba/ba_05.wav,ba,test,80,12800,0.81246875,1.5682706737196397e-06,-58.0430214120316,6.261530710855852e-05,0.015720972034137116,0.1125
ba/ba_05.wav,ba,test,81,12960,0.82246875,2.454937698384016e-06,-56.09782654465407,7.83412040114271e-05,0.0214795114258007,0.0825
ba/ba_05.wav,ba,test,82,13120,0.83246875,2.566995748678938e-06,-55.90405699577797,8.010923399769432e-05,0.021501289872920343,0.11
ba/ba_05.wav,ba,test,83,13280,0.84246875,1.6457896491492572e-06,-57.83361871411913,6.414416670963263e-05,0.015472255714204122,0.155
ba/ba_05.wav,ba,test,84,13440,0.85246875,7.71151704017665e-07,-61.122973657973965,4.390762189010198e-05,0.01074735686981398,0.2175
ba/ba_05.wav,ba,test,85,13600,0.86246875,1.3972842637750747e-06,-58.54404529849795,5.9103389576552095e-05,0.013916227903181144,0.2325
ba/ba_05.wav,ba,test,86,13760,0.87246875,1.590133535332377e-06,-57.982933708095004,6.305024851918462e-05,0.015837345263420254,0.17
ba/ba_05.wav,ba,test,87,13920,0.88246875,1.0566410952883949e-06,-59.75661682754199,5.139652457336962e-05,0.013472118291082117,0.1725
ba/ba_05.wav,ba,test,88,14080,0.89246875,1.2007012421776629e-06,-59.20203489904759,5.47882570031586e-05,0.01342045843881512,0.21
ba/ba_05.wav,ba,test,89,14240,0.90246875,9.347540519613104e-07,-60.28838283646479,4.834133976115345e-05,0.01268762757129268,0.2125
ba/ba_05.wav,ba,test,90,14400,0.91246875,2.8196151757753737e-06,-55.496561617842076,8.395854893599838e-05,0.020972174461706294,0.1725
ba/ba_05.wav,ba,test,91,14560,0.92246875,4.577910629015178e-06,-53.3923783293099,0.00010698026253724537,0.026755501974996918,0.1
ba/ba_05.wav,ba,test,92,14720,0.93246875,2.1467035710649264e-06,-56.68025660744655,7.32581662865125e-05,0.021595564403522508,0.125
ba/ba_05.wav,ba,test,93,14880,0.94246875,1.7214496658101913e-06,-57.63853460381313,6.560201341822885e-05,0.01809783025721352,0.1425
ba/ba_05.wav,ba,test,94,15040,0.95246875,1.6740973532566461e-06,-57.75959947580259,6.46934570350172e-05,0.01700366178304881,0.14
ba/ba_05.wav,ba,test,95,15200,0.96246875,2.6586497760631637e-06,-55.75175547706181,8.152683263906374e-05,0.024481805812516164,0.125
ba/ba_05.wav,ba,test,96,15360,0.97246875,0.0001433286828611549,-38.43663860071092,0.0005985997888012384,0.15995847206319838,0.07
ba/ba_05.wav,ba,test,97,15520,0.98246875,0.0019396403944563765,-27.122785560515872,0.0022020674345126084,0.6475780488206366,0.03
ba/ba_05.wav,ba,test,98,15680,0.99246875,0.009789248112769088,-20.092506196052007,0.004947031461586101,1.4790508403982754,0.03
ba/ba_05.wav,ba,test,99,15840,1.00246875,0.021079748077203152,-16.761345630531647,0.007259433186758308,2.2023488194628893,0.03
ba/ba_05.wav,ba,test,100,16000,1.01246875,0.02704290095145169,-15.679467064479,0.008222362943742463,2.4443615039391022,0.0325
ba/ba_05.wav,ba,test,101,16160,1.02246875,0.011858094415768903,-19.25985059440945,0.005444743891077179,1.523364078073779,0.0425
ba/ba_05.wav,ba,test,102,16320,1.03246875,0.003941639606235143,-24.0432297666855,0.003139123924853534,0.8750306380242513,0.055
ba/ba_05.wav,ba,test,103,16480,1.04246875,0.005989927879570583,-22.22578334103746,0.0038697312179176552,1.0371940425970267,0.075
ba/ba_05.wav,ba,test,104,16640,1.05246875,0.011470052542143276,-19.40434554809883,0.005354916559140599,1.488722218186682,0.0825
ba/ba_05.wav,ba,test,105,16800,1.06246875,0.015355322610608709,-18.137410264484807,0.006195829769007681,1.752567683119421,0.095
ba/ba_05.wav,ba,test,106,16960,1.07246875,0.014315642653960032,-18.44189120637225,0.00598239973880884,1.734354352570294,0.095
ba/ba_05.wav,ba,test,107,17120,1.08246875,0.012333672810589995,-19.08907541570009,0.005552853503062636,1.6158744927291335,0.09
ba/ba_05.wav,ba,test,108,17280,1.09246875,0.008862722762943427,-20.524327867555847,0.004707101752390591,1.3638335658327168,0.0875
ba/ba_05.wav,ba,test,109,17440,1.10246875,0.006838763930202609,-21.65022324073728,0.0041348409673778895,1.1411589788383503,0.0875
ba/ba_05.wav,ba,test,110,17600,1.11246875,0.0040534569765313545,-23.921743250903084,0.0031833382543060653,0.8710227051271002,0.075
ba/ba_05.wav,ba,test,111,17760,1.12246875,0.002290961554976801,-26.399820091518723,0.0023931995084910916,0.6385775559155407,0.09
ba/ba_05.wav,ba,test,112,17920,1.13246875,0.0021925491287238174,-26.590504684844927,0.002341233183988631,0.622532629685734,0.0925
ba/ba_05.wav,ba,test,113,18080,1.14246875,0.0027015253692644365,-25.683907890094254,0.002598810001358524,0.6137768581108907,0.11
ba/ba_05.wav,ba,test,114,18240,1.15246875,0.002126887046734153,-26.722553695073287,0.0023059092820046896,0.5690716295568619,0.1225
ba/ba_05.wav,ba,test,115,18400,1.16246875,0.0022884041246564826,-26.404670883458294,0.0023918633555538257,0.61571633365688,0.13
ba/ba_05.wav,ba,test,116,18560,1.17246875,0.0018795102402647936,-27.25955072679417,0.00216766593382421,0.569247022662987,0.15
ba/ba_05.wav,ba,test,117,18720,1.18246875,0.0018373234006949955,-27.358141572524058,0.0021432005276542576,0.5804158564029365,0.145
ba/ba_05.wav,ba,test,118,18880,1.19246875,0.0029925922211870674,-25.239523121607967,0.0027352295247323704,0.7094379814563556,0.13
ba/ba_05.wav,ba,test,119,19040,1.20246875,0.00342135017512888,-24.658023465710826,0.0029246154341762954,0.775875760370381,0.13
ba/ba_05.wav,ba,test,120,19200,1.21246875,0.004331738789212487,-23.63337639651362,0.0032907973157019588,0.8767268737606906,0.125
ba/ba_05.wav,ba,test,121,19360,1.22246875,0.007643369719325723,-21.16715075721452,0.004371318370733743,1.2033946555804502,0.1225
ba/ba_05.wav,ba,test,122,19520,1.23246875,0.009729098660486156,-20.11927347868798,0.004931809673052619,1.3366117892193161,0.12
ba/ba_05.wav,ba,test,123,19680,1.24246875,0.006258322269071302,-22.03542007449365,0.003955477932270417,1.0971744182931515,0.12
ba/ba_05.wav,ba,test,124,19840,1.25246875,0.006429585539349002,-21.918169538957773,0.004009234820807146,1.0558621274447266,0.125
ba/ba_05.wav,ba,test,125,20000,1.26246875,0.003854343260146467,-24.140494978785902,0.0031041678676202687,0.8696116715772337,0.12
ba/ba_05.wav,ba,test,126,20160,1.27246875,0.003776886558843973,-24.228659442962474,0.0030728189658861997,0.8652284270680219,0.1175
ba/ba_05.wav,ba,test,127,20320,1.28246875,0.0028647666351828897,-25.42910598426228,0.002676175739363397,0.7519800985159188,0.1175
ba/ba_05.wav,ba,test,128,20480,1.29246875,0.0018817190881800375,-27.254449787833146,0.0021689393076916867,0.6054313395557014,0.1025
ba/ba_05.wav,ba,test,129,20640,1.30246875,0.0014598296063446322,-28.356975353099763,0.0019103858290569421,0.5390468408058959,0.095
ba/ba_05.wav,ba,test,130,20800,1.31246875,0.0010506770149913086,-29.785303550822007,0.0016207074188385364,0.4682308744902129,0.0975
ba/ba_05.wav,ba,test,131,20960,1.32246875,0.000577140439707077,-32.38717741511834,0.001201187370591155,0.33949632916721006,0.1
ba/ba_05.wav,ba,test,132,21120,1.33246875,0.00032504645388608893,-34.88053231462841,0.0009014522365135173,0.2594082646363016,0.08
ba/ba_05.wav,ba,test,133,21280,1.34246875,0.00028880638193825724,-35.393917103611294,0.000849715219850535,0.2431240509727945,0.0575
ba/ba_05.wav,ba,test,134,21440,1.35246875,0.0002656832192867771,-35.75634240396668,0.0008149896000667388,0.2325462823223751,0.07
ba/ba_05.wav,ba,test,135,21600,1.36246875,0.00012743063616033114,-38.94722740727142,0.0005644258945165679,0.16068040096616337,0.0725
ba/ba_05.wav,ba,test,136,21760,1.37246875,9.94687496671309e-05,-40.02308975034251,0.0004986701055485753,0.14153419637384246,0.0625
ba/ba_05.wav,ba,test,137,21920,1.38246875,6.471066001309963e-05,-41.89017459314215,0.0004022146815231253,0.11911245598904545,0.05
ba/ba_05.wav,ba,test,138,22080,1.39246875,4.911289236789559e-05,-43.08795645853902,0.0003504029550670756,0.10442625038458442,0.0425
ba/ba_05.wav,ba,test,139,22240,1.40246875,3.769183221257247e-05,-44.23741228746217,0.00030696837057167823,0.08497739743297084,0.055
ba/ba_05.wav,ba,test,140,22400,1.41246875,1.0222917461297358e-05,-49.90382665274075,0.00015986648696097438,0.04629265508754756,0.0825
ba/ba_05.wav,ba,test,141,22560,1.42246875,7.081174901417292e-06,-51.49833352107354,0.000133052385373368,0.03847345362923922,0.0625
ba/ba_05.wav,ba,test,142,22720,1.43246875,1.0901905764507833e-05,-49.62457741571984,0.00016509017054709704,0.04719931336988454,0.0425
ba/ba_05.wav,ba,test,143,22880,1.44246875,7.762726526980908e-06,-51.09929770799759,0.00013930834977650216,0.04141329776986153,0.0475
ba/ba_05.wav,ba,test,144,23040,1.45246875,4.440217320059359e-06,-53.52497975172778,0.00010535911588537746,0.027536642866507914,0.0675
ba/ba_05.wav,ba,test,145,23200,1.46246875,3.1474028782752334e-06,-55.0190969924288,8.870460639497863e-05,0.02445036164552883,0.0825
ba/ba_05.wav,ba,test,146,23360,1.47246875,3.218388482368793e-06,-54.92226614004277,8.969933782320793e-05,0.024858698870717687,0.095
ba/ba_05.wav,ba,test,147,23520,1.48246875,3.931496877452821e-06,-54.05331613550332,9.914001308065303e-05,0.02434304266995784,0.11
ba/ba_05.wav,ba,test,148,23680,1.49246875,3.2293780420297755e-06,-54.90746650436627,8.98523516947355e-05,0.024138747367052904,0.1
ba/ba_05.wav,ba,test,149,23840,1.50246875,2.454615183171086e-06,-56.09839690022545,7.833605784010142e-05,0.02167864202238959,0.14
ba/ba_05.wav,ba,test,150,24000,1.51246875,1.8887761848746105e-06,-57.23589628329255,6.871637695765491e-05,0.019044810967590742,0.115
ba/ba_05.wav,ba,test,151,24160,1.52246875,3.394284678184779e-06,-54.6912380636682,9.211792277001228e-05,0.024203487702737243,0.09
ba/ba_05.wav,ba,test,152,24320,1.53246875,4.656132571106087e-06,-53.318813991554464,0.00010789036763198659,0.029042377078107546,0.09
ba/ba_05.wav,ba,test,153,24480,1.54246875,4.178749631285793e-06,-53.78849731863136,0.00010220995097452342,0.02739088063297237,0.1325
ba/ba_05.wav,ba,test,154,24640,1.55246875,4.496726012195859e-06,-53.47007003995023,0.00010602742584109853,0.029887222370486063,0.135
ba/ba_05.wav,ba,test,155,24800,1.56246875,8.881068376416601e-06,-50.514858878403295,0.0001490056070792019,0.041535162707843,0.0775
ba/ba_05.wav,ba,test,156,24960,1.57246875,1.0392972865238933e-05,-49.832184212915294,0.00016119067021108056,0.047421531617039575,0.05
ba/ba_05.wav,ba,test,157,25120,1.58246875,9.636982611944601e-06,-50.16013861552483,0.0001552174491797282,0.0418557133199452,0.05
ba/ba_05.wav,ba,test,158,25280,1.59246875,3.1026611401449316e-06,-55.08125701395385,8.807186185361547e-05,0.024534056576789053,0.1175
ba/ba_05.wav,ba,test,159,25440,1.60246875,2.840045438500879e-06,-55.465218202959335,8.426217179881016e-05,0.019008760178281875,0.1475
ba/ba_05.wav,ba,test,160,25600,1.61246875,1.7163929167399893e-06,-57.65130332649059,6.550558977560597e-05,0.01968661897162554,0.12
ba/ba_05.wav,ba,test,161,25760,1.62246875,2.670401601438004e-06,-55.7326081801468,8.170681736302676e-05,0.022406605404076973,0.1075
ba/ba_05.wav,ba,test,162,25920,1.63246875,1.7927624966457533e-06,-57.46235060302204,6.694704057398193e-05,0.018888993791001847,0.115
ba/ba_05.wav,ba,test,163,26080,1.64246875,1.2356337880745425e-06,-59.07758891612123,5.5579532835265504e-05,0.015578820159266132,0.1175
ba/ba_05.wav,ba,test,164,26240,1.65246875,1.3172853447981988e-06,-58.79990575888747,5.738652596207142e-05,0.014415486910602276,0.1675
ba/ba_05.wav,ba,test,165,26400,1.66246875,1.1720000452169756e-06,-59.30701971143223,5.4129475455083056e-05,0.014103577424767718,0.1775
ba/ba_05.wav,ba,test,166,26560,1.67246875,2.187190653469786e-06,-56.59914841322759,7.394576819314588e-05,0.01873683355818475,0.1475
ba/ba_05.wav,ba,test,167,26720,1.68246875,2.4811721125654365e-06,-56.05168108032334,7.875868384764687e-05,0.02221660473275405,0.15
ba/ba_05.wav,ba,test,168,26880,1.69246875,1.6049943419369874e-06,-57.94255989113299,6.334418564353376e-05,0.017199673587322988,0.1325
ba/ba_05.wav,ba,test,169,27040,1.70246875,1.215880308331185e-06,-59.1475213663242,5.513348139586292e-05,0.014775403755904455,0.165
ba/ba_05.wav,ba,test,170,27200,1.71246875,1.6979098634516428e-06,-57.69829662239843,6.515193518713859e-05,0.016598986573761552,0.1575
ba/ba_05.wav,ba,test,171,27360,1.72246875,7.88213976817386e-07,-61.028052320856915,4.4390707834449596e-05,0.012752977818945004,0.1475
ba/ba_05.wav,ba,test,172,27520,1.73246875,2.4535925439366933e-06,-56.10020589327658,7.831973799650847e-05,0.02005535746134706,0.1075
ba/ba_05.wav,ba,test,173,27680,1.74246875,2.968399569879415e-06,-55.27331358713198,8.614521997591357e-05,0.021912791162834445,0.1225
ba/ba_05.wav,ba,test,174,27840,1.75246875,1.5211918050464434e-06,-58.1753062047943,6.166830233285257e-05,0.016766196990617876,0.1425
ba/ba_05.wav,ba,test,175,28000,1.76246875,1.4840234389696403e-06,-58.28266691575831,6.0910250347737865e-05,0.017223389741003865,0.1675
ba/ba_05.wav,ba,test,176,28160,1.77246875,1.6972498777706511e-06,-57.6999840799502,6.513927152207513e-05,0.017602530643988222,0.16
ba/ba_05.wav,ba,test,177,28320,1.78246875,2.2331240618242323e-06,-56.5089271400032,7.471820497415996e-05,0.019562818191014707,0.145
ba/ba_05.wav,ba,test,178,28480,1.79246875,2.2814032347348303e-06,-56.41607625846909,7.552157365175248e-05,0.02035183645859756,0.1125
ba/ba_05.wav,ba,test,179,28640,1.80246875,3.0178188883005773e-06,-55.201629413561896,8.685935309885426e-05,0.02298628627144029,0.125
ba/ba_05.wav,ba,test,180,28800,1.81246875,2.467248015776015e-06,-56.07611203443015,7.853737988652306e-05,0.02156635018664436,0.1025
ba/ba_05.wav,ba,test,181,28960,1.82246875,2.69850737694376e-06,-55.687154813945945,8.213567094971222e-05,0.024110517963316695,0.0925
ba/ba_05.wav,ba,test,182,29120,1.83246875,4.151167614204587e-06,-53.81725123258141,0.00010187207191135098,0.027617263287372684,0.1025
ba/ba_05.wav,ba,test,183,29280,1.84246875,4.878724478214459e-06,-53.116046986876846,0.00011043917418894505,0.02568812979966283,0.1175
ba/ba_05.wav,ba,test,184,29440,1.85246875,1.8926929178040843e-06,-57.226904450348506,6.878758823007396e-05,0.018372448555322333,0.1475
ba/ba_05.wav,ba,test,185,29600,1.86246875,1.0661608214442895e-06,-59.71770127339526,5.1627531934140756e-05,0.01460205931390271,0.1375
ba/ba_05.wav,ba,test,186,29760,1.87246875,2.0486362613927555e-06,-56.883232041570224,7.156528944594502e-05,0.020192152056378684,0.1125
ba/ba_05.wav,ba,test,187,29920,1.88246875,3.039841887960969e-06,-55.17006160905278,8.717571175449285e-05,0.024489836343076377,0.085
ba/ba_05.wav,ba,test,188,30080,1.89246875,1.6361949083495e-06,-57.858996146736985,6.395691730277304e-05,0.016625288929598307,0.1325
ba/ba_05.wav,ba,test,189,30240,1.90246875,1.2419393847466984e-06,-59.05550050370358,5.572116708995556e-05,0.014973361008702876,0.1325
ba/ba_05.wav,ba,test,190,30400,1.91246875,2.0264887455411814e-06,-56.930415478506795,7.117739714159934e-05,0.020172527890140343,0.09
ba/ba_05.wav,ba,test,191,30560,1.92246875,2.191925912774905e-06,-56.58976040559848,7.402577106614467e-05,0.020739107784956773,0.09
ba/ba_05.wav,ba,test,192,30720,1.93246875,2.380155329571544e-06,-56.2321227340004,7.71387601918054e-05,0.021475686739978406,0.115
ba/ba_05.wav,ba,test,193,30880,1.94246875,2.06054673812206e-06,-56.858068146931295,7.177302310273094e-05,0.01906671367854474,0.1475
ba/ba_05.wav,ba,test,194,31040,1.95246875,3.323111516815217e-06,-54.78324414994696,9.114701746101209e-05,0.023381595003331652,0.1375
ba/ba_05.wav,ba,test,195,31200,1.96246875,6.431593725560861e-06,-51.91613877220632,0.00012680293495776095,0.03331320333034768,0.0825
ba/ba_05.wav,ba,test,196,31360,1.97246875,3.680300945890898e-06,-54.339986775825906,9.592055235833061e-05,0.028597043078317397,0.0625
ba/ba_05.wav,ba,test,197,31520,1.98246875,2.873694687357364e-06,-55.41408273630695,8.475987681912598e-05,0.02376633474851598,0.06
ba/ba_05.wav,ba,test,198,31680,1.99246875,1.3568747006915954e-06,-58.6714030318426,5.8242482362352896e-05,0.016764337091926578,0.1125
ba/ba_05.wav,ba,test,199,31840,2.00246875,1.414436459098147e-06,-58.49109621941718,5.946504139194193e-05,0.015170185849372988,0.16
ba/ba_05.wav,ba,test,200,32000,2.01246875,1.485311520145552e-06,-58.27890156052451,6.093667861283449e-05,0.01722204548810778,0.1675
ba/ba_05.wav,ba,test,201,32160,2.02246875,2.2822938114587e-06,-56.41438200430426,7.553631264925996e-05,0.020264832297081595,0.15
ba/ba_05.wav,ba,test,202,32320,2.03246875,2.0586725841913616e-06,-56.86201811757247,7.174037538568086e-05,0.019225347621264252,0.1375
ba/ba_05.wav,ba,test,203,32480,2.04246875,2.0307454002630717e-06,-56.921307147879425,7.125211225400746e-05,0.018908925966762684,0.13
ba/ba_05.wav,ba,test,204,32640,2.05246875,1.6856003695068526e-06,-57.72987808862011,6.491533658363894e-05,0.016564366803645633,0.1225
ba/ba_05.wav,ba,test,205,32800,2.06246875,1.3538533533047145e-06,-58.6810770943692,5.817760207555642e-05,0.01583864530626429,0.1025
ba/ba_05.wav,ba,test,206,32960,2.07246875,2.145196510138979e-06,-56.68330515659082,7.323244687532602e-05,0.02155132193997992,0.0775
ba/ba_05.wav,ba,test,207,33120,2.08246875,2.7696099992638705e-05,-45.575657010845596,0.000263135421373856,0.07573585837031478,0.0525
ba/ba_05.wav,ba,test,208,33280,2.09246875,0.0004351091223892849,-33.6140081317551,0.0010429634729812987,0.3023518426630072,0.0225
ba/ba_05.wav,ba,test,209,33440,2.10246875,0.002180375617917784,-26.614684839382917,0.00233472461862089,0.7113435780958339,0.0125
ba/ba_05.wav,ba,test,210,33600,2.11246875,0.005304243961749106,-22.753764274616323,0.003641512035456256,1.0755499241820052,0.0125
ba/ba_05.wav,ba,test,211,33760,2.12246875,0.005179977276145508,-22.856720616003106,0.0035986029498075735,1.0808821897218983,0.01
ba/ba_05.wav,ba,test,212,33920,2.13246875,0.0024453968025216475,-26.116504823942584,0.00247254767523381,0.741421942925157,0.01
ba/ba_05.wav,ba,test,213,34080,2.14246875,0.0005410379274559268,-32.66771486518013,0.0011630110999641479,0.3361622025143628,0.0225
ba/ba_05.wav,ba,test,214,34240,2.15246875,6.385979284616635e-05,-41.94765693899023,0.00039956161241467615,0.12814781136581954,0.03
ba/ba_05.wav,ba,test,215,34400,2.16246875,7.008784500161228e-05,-41.54351096722968,0.0004185924181157976,0.12720244530451402,0.02
ba/ba_05.wav,ba,test,216,34560,2.17246875,9.252627599802676e-05,-40.33730223269039,0.00048095289789652676,0.14931758503836318,0.01
ba/ba_05.wav,ba,test,217,34720,2.18246875,7.261446768497405e-05,-41.38970861190582,0.00042607061528863397,0.12267421298347661,0.025
ba/ba_05.wav,ba,test,218,34880,2.19246875,9.75138566642587e-06,-50.10889132503627,0.0001561360437761399,0.042940823872354504,0.085
ba/ba_05.wav,ba,test,219,35040,2.20246875,1.3940185629183602e-06,-58.5542001338008,5.9034281627677157e-05,0.01642188018289059,0.14
ba/ba_05.wav,ba,test,220,35200,2.21246875,1.5515632848938969e-06,-58.08950688272124,6.228088159487422e-05,0.01684409680102287,0.135
ba/ba_05.wav,ba,test,221,35360,2.22246875,2.784077239241145e-06,-55.55162755926137,8.342777174360384e-05,0.02143936626989515,0.135
ba/ba_05.wav,ba,test,222,35520,2.23246875,2.098814322566244e-06,-56.778191063375345,7.243642596384508e-05,0.019128633687487295,0.1275
ba/ba_05.wav,ba,test,223,35680,2.24246875,1.3544503094567417e-06,-58.67916398942441,5.819042682127237e-05,0.015813681063575002,0.1375
ba/ba_05.wav,ba,test,224,35840,2.25246875,1.0921959099223666e-06,-59.613020018435094,5.225408859415612e-05,0.013853644825863161,0.1925
ba/ba_05.wav,ba,test,225,36000,2.26246875,8.159696863664104e-07,-60.877940576512266,4.516552021084254e-05,0.012461463991240446,0.2075
bon/bon_01.wav,bon,train,0,0,0.01246875,0.0,-90.0,0.0,0.0,0.0
bon/bon_01.wav,bon,train,1,160,0.02246875,0.0,-90.0,0.0,0.0,0.0
bon/bon_01.wav,bon,train,2,320,0.03246875,0.0,-90.0,0.0,0.0,0.0
bon/bon_01.wav,bon,train,3,480,0.04246875,0.0,-90.0,0.0,0.0,0.0
bon/bon_01.wav,bon,train,4,640,0.05246875,0.0,-90.0,0.0,0.0,0.0
bon/bon_01.wav,bon,train,5,800,0.06246875,0.0,-90.0,0.0,0.0,0.0
bon/bon_01.wav,bon,train,6,960,0.07246875,0.0,-90.0,0.0,0.0,0.0
bon/bon_01.wav,bon,train,7,1120,0.08246875,0.0,-90.0,0.0,0.0,0.0
bon/bon_01.wav,bon,train,8,1280,0.09246875,0.0,-90.0,0.0,0.0,0.0
bon/bon_01.wav,bon,train,9,1440,0.10246875,0.0,-90.0,0.0,0.0,0.0
bon/bon_01.wav,bon,train,10,1600,0.11246875,0.0,-90.0,0.0,0.0,0.0
bon/bon_01.wav,bon,train,11,1760,0.12246875,0.0,-90.0,0.0,0.0,0.0
bon/bon_01.wav,bon,train,12,1920,0.13246875,0.0,-90.0,0.0,0.0,0.0
bon/bon_01.wav,bon,train,13,2080,0.14246875,0.0,-90.0,0.0,0.0,0.0
bon/bon_01.wav,bon,train,14,2240,0.15246875,0.0,-90.0,0.0,0.0,0.0
bon/bon_01.wav,bon,train,15,2400,0.16246875,0.0,-90.0,0.0,0.0,0.0
bon/bon_01.wav,bon,train,16,2560,0.17246875,0.0,-90.0,0.0,0.0,0.0
bon/bon_01.wav,bon,train,17,2720,0.18246875,0.0,-90.0,0.0,0.0,0.0
bon/bon_01.wav,bon,train,18,2880,0.19246875,0.0,-90.0,0.0,0.0,0.0
bon/bon_01.wav,bon,train,19,3040,0.20246875,0.0,-90.0,0.0,0.0,0.0
bon/bon_01.wav,bon,train,20,3200,0.21246875,0.0,-90.0,0.0,0.0,0.0
bon/bon_01.wav,bon,train,21,3360,0.22246875,0.0,-90.0,0.0,0.0,0.0
bon/bon_01.wav,bon,train,22,3520,0.23246875,0.0,-90.0,0.0,0.0,0.0
bon/bon_01.wav,bon,train,23,3680,0.24246875,0.0,-90.0,0.0,0.0,0.0
bon/bon_01.wav,bon,train,24,3840,0.25246875,0.0,-90.0,0.0,0.0,0.0
bon/bon_01.wav,bon,train,25,4000,0.26246875,0.0,-90.0,0.0,0.0,0.0
bon/bon_01.wav,bon,train,26,4160,0.27246875,0.0,-90.0,0.0,0.0,0.0
bon/bon_01.wav,bon,train,27,4320,0.28246875,0.0,-90.0,0.0,0.0,0.0
bon/bon_01.wav,bon,train,28,4480,0.29246875,0.0,-90.0,0.0,0.0,0.0
bon/bon_01.wav,bon,train,29,4640,0.30246875,0.0,-90.0,0.0,0.0,0.0
bon/bon_01.wav,bon,train,30,4800,0.31246875,0.0,-90.0,0.0,0.0,0.0
bon/bon_01.wav,bon,train,31,4960,0.32246875,0.0,-90.0,0.0,0.0,0.0
bon/bon_01.wav,bon,train,32,5120,0.33246875,2.485517591408312e-09,-84.57732721037564,2.492748278210373e-06,0.0002286830652813903,0.1175
bon/bon_01.wav,bon,train,33,5280,0.34246875,4.62329487845511e-08,-73.25754940282236,1.0750924237542453e-05,0.0020474132082103974,0.28
bon/bon_01.wav,bon,train,34,5440,0.35246875,2.738054670131418e-07,-65.60974631619683,2.6163212102737968e-05,0.006126784101922538,0.3075
bon/bon_01.wav,bon,train,35,5600,0.36246875,6.905536816477807e-07,-61.60174102266847,4.1549779832382404e-05,0.010894436793669885,0.2425
bon/bon_01.wav,bon,train,36,5760,0.37246875,8.743769033736671e-07,-60.57804916335762,4.675406141111345e-05,0.012657312169350378,0.16
bon/bon_01.wav,bon,train,37,5920,0.38246875,1.0374104776394555e-06,-59.83630938457764,5.0926674681336095e-05,0.01369271548545737,0.1425
bon/bon_01.wav,bon,train,38,6080,0.39246875,1.3044809037024307e-06,-58.84229476562076,5.7106937050205e-05,0.014661280461762667,0.2075
bon/bon_01.wav,bon,train,39,6240,0.40246875,1.1404345120213837e-06,-59.42549000409934,5.3395564235743956e-05,0.013589708384172913,0.21
bon/bon_01.wav,bon,train,40,6400,0.41246875,1.0839575227074315e-06,-59.645872645941495,5.20566403715086e-05,0.013154104915407944,0.1925
bon/bon_01.wav,bon,train,41,6560,0.42246875,8.330932060120376e-07,-60.78785416274776,4.56369698274337e-05,0.012178813276871637,0.13
bon/bon_01.wav,bon,train,42,6720,0.43246875,1.4355075813096235e-06,-58.4269207763427,5.9906334834256545e-05,0.014911494174731234,0.1075
bon/bon_01.wav,bon,train,43,6880,0.44246875,1.4309878267634687e-06,-58.440606739219646,5.9811951706232356e-05,0.016816197853019223,0.0925
bon/bon_01.wav,bon,train,44,7040,0.45246875,1.875678510178348e-06,-57.26610119074956,6.847770641198396e-05,0.017758991691501348,0.1375
bon/bon_01.wav,bon,train,45,7200,0.46246875,1.6124139086149862e-06,-57.9225420349278,6.349043055089063e-05,0.016461472212214476,0.15
bon/bon_01.wav,bon,train,46,7360,0.47246875,1.0199797595293502e-06,-59.90982867523125,5.049702366301776e-05,0.013880475262421074,0.165
bon/bon_01.wav,bon,train,47,7520,0.48246875,1.4744073837492053e-06,-58.31088047423992,6.071258896944697e-05,0.014902343111242245,0.165
bon/bon_01.wav,bon,train,48,7680,0.49246875,1.1488706340072372e-06,-59.39351017122136,5.359269152615954e-05,0.015017133215986689,0.16
bon/bon_01.wav,bon,train,49,7840,0.50246875,2.3744498404003823e-06,-56.2425413563725,7.704624975299547e-05,0.02062453683869886,0.15
bon/bon_01.wav,bon,train,50,8000,0.51246875,3.1478362996368216e-06,-55.01849916693526,8.871071383486921e-05,0.020835347547610208,0.185
bon/bon_01.wav,bon,train,51,8160,0.52246875,9.169958067660593e-07,-60.371593025705664,4.787994900702327e-05,0.013888353101787796,0.1875
bon/bon_01.wav,bon,train,52,8320,0.53246875,1.565004299921664e-06,-58.052070497942395,6.255006594564198e-05,0.01688396407210774,0.155
bon/bon_01.wav,bon,train,53,8480,0.54246875,2.106277972981473e-05,-46.764636954243095,0.00022947102066391047,0.06090894996662163,0.0875
bon/bon_01.wav,bon,train,54,8640,0.55246875,0.0003332789307683528,-34.771908376115405,0.0009127964323554743,0.25954244578335384,0.0325
bon/bon_01.wav,bon,train,55,8800,0.56246875,0.0019097257900867457,-27.190287594772716,0.0021850204747820706,0.6490154489906168,0.0275
bon/bon_01.wav,bon,train,56,8960,0.57246875,0.0055685530394041,-22.54257561420916,0.0037311369042840347,1.1374838349681402,0.0275
bon/bon_01.wav,bon,train,57,9120,0.58246875,0.011262191695993549,-19.483770461576153,0.0053061736910870036,1.6164292203321935,0.025
bon/bon_01.wav,bon,train,58,9280,0.59246875,0.01698568358346301,-17.699169448299283,0.0065164567794667,1.994332062760954,0.0275
bon/bon_01.wav,bon,train,59,9440,0.60246875,0.018520969932912894,-17.323362498488223,0.006804588513075735,2.034624117700262,0.0275
bon/bon_01.wav,bon,train,60,9600,0.61246875,0.008331630446212848,-20.792699495279617,0.004563888267205073,1.334833943751971,0.03
bon/bon_01.wav,bon,train,61,9760,0.62246875,0.00266184988573211,-25.7481627692955,0.002579655929446847,0.7480252383312244,0.04
bon/bon_01.wav,bon,train,62,9920,0.63246875,0.001908746748744998,-27.192514621598583,0.0021844603159275966,0.6206829812371164,0.05
bon/bon_01.wav,bon,train,63,10080,0.64246875,0.0018114511210368077,-27.419731404284022,0.0021280572836726032,0.619048698445207,0.05
bon/bon_01.wav,bon,train,64,10240,0.65246875,0.002366885742770608,-26.25822522876392,0.0024325324986372784,0.7035871535786655,0.05
bon/bon_01.wav,bon,train,65,10400,0.66246875,0.0027633230588614867,-25.58568181778088,0.0026283659652251087,0.7464308512691771,0.06
bon/bon_01.wav,bon,train,66,10560,0.67246875,0.0026783158865771386,-25.7213804048678,0.0025876224060791494,0.7285714946548306,0.0775
bon/bon_01.wav,bon,train,67,10720,0.68246875,0.0021559845730216394,-26.663541495975696,0.0023216290471464425,0.6490743563534778,0.09
bon/bon_01.wav,bon,train,68,10880,0.69246875,0.0013582380497693175,-28.670237875966016,0.0018427140647488676,0.5194476212700074,0.0875
bon/bon_01.wav,bon,train,69,11040,0.70246875,0.0008109680352352944,-30.909957278889387,0.0014238750254457855,0.4151664597444593,0.0725
bon/bon_01.wav,bon,train,70,11200,0.71246875,0.0005726954967515828,-32.42075473506384,0.0011965528579544478,0.3511582744935371,0.07
bon/bon_01.wav,bon,train,71,11360,0.72246875,0.00048170538542753594,-33.17217596704949,0.0010973893855732522,0.3188323551550495,0.075
bon/bon_01.wav,bon,train,72,11520,0.73246875,0.000492957684043925,-33.07189478377233,0.0011101325191659834,0.3243452144563309,0.075
bon/bon_01.wav,bon,train,73,11680,0.74246875,0.0006758806730792779,-31.70129329541784,0.0012998852575124447,0.3731174002111658,0.085
bon/bon_01.wav,bon,train,74,11840,0.75246875,0.0010722696367807289,-29.696955866335387,0.0016372764250278027,0.468048641760727,0.095
bon/bon_01.wav,bon,train,75,12000,0.76246875,0.0013949845078857271,-28.554303041308515,0.0018674745700314951,0.5440851510264559,0.1
bon/bon_01.wav,bon,train,76,12160,0.77246875,0.0013338407241520532,-28.74895701458092,0.0018260892120540368,0.5339628611547396,0.1
bon/bon_01.wav,bon,train,77,12320,0.78246875,0.0010539379272969803,-29.771845544995465,0.0016232205082004265,0.47059242375163307,0.1025
bon/bon_01.wav,bon,train,78,12480,0.79246875,0.0009269968773882359,-30.329212602887626,0.0015223311707610108,0.4244337788179403,0.0975
bon/bon_01.wav,bon,train,79,12640,0.80246875,0.0008907191486809715,-30.50258723543738,0.0014922459152909176,0.41125268022827,0.075
bon/bon_01.wav,bon,train,80,12800,0.81246875,0.0009255530972897329,-30.335981922889225,0.001521145207803756,0.4348474681606831,0.0575
bon/bon_01.wav,bon,train,81,12960,0.82246875,0.0011474519824179596,-29.402651009059753,0.0016937030306535142,0.4805441642398217,0.055
bon/bon_01.wav,bon,train,82,13120,0.83246875,0.001413977227231557,-28.495572778559453,0.0018801444274520222,0.5316590318129604,0.0625
bon/bon_01.wav,bon,train,83,13280,0.84246875,0.0015312234271461231,-28.14961151347436,0.0019565425034650556,0.5418263070199574,0.0625
bon/bon_01.wav,bon,train,84,13440,0.85246875,0.0009177114299292619,-30.37293385966869,0.001514687616250676,0.45696319219961956,0.0575
bon/bon_01.wav,bon,train,85,13600,0.86246875,0.0008881696233073244,-30.51503595434482,0.0014901087404173936,0.4489608833973838,0.0525
bon/bon_01.wav,bon,train,86,13760,0.87246875,0.003184453650814797,-24.96964931435606,0.0028215481791096517,0.8090001293145204,0.055
bon/bon_01.wav,bon,train,87,13920,0.88246875,0.009474084783487373,-20.234626872535614,0.004866745520234074,1.40969939898293,0.06
bon/bon_01.wav,bon,train,88,14080,0.89246875,0.008814316541989083,-20.548113077800924,0.004694229580556612,1.3255990223813239,0.06
bon/bon_01.wav,bon,train,89,14240,0.90246875,0.002792796536128373,-25.53960547338508,0.0026423458025627406,0.7626636769511761,0.05
bon/bon_01.wav,bon,train,90,14400,0.91246875,0.0011679537659047491,-29.32573976828391,0.001708766928156638,0.4977707307255022,0.04
bon/bon_01.wav,bon,train,91,14560,0.92246875,0.0006512467358161648,-31.862537735953058,0.001275976817791143,0.3709660747396206,0.04
bon/bon_01.wav,bon,train,92,14720,0.93246875,0.0005115775428126983,-32.91087679465995,0.0011309039999185366,0.3455185185619856,0.0425
bon/bon_01.wav,bon,train,93,14880,0.94246875,0.0003783349499602905,-34.22122389535757,0.0009725417085661294,0.279885869674167,0.05
bon/bon_01.wav,bon,train,94,15040,0.95246875,0.0004096935538974852,-33.87539809119814,0.001012044408483992,0.27571282180864654,0.05
bon/bon_01.wav,bon,train,95,15200,0.96246875,0.0001562087822292459,-38.062917730505376,0.0006249175590212798,0.19363812152582838,0.0525
bon/bon_01.wav,bon,train,96,15360,0.97246875,8.142799281865313e-05,-40.892209368884394,0.00045118730262124266,0.12325052957802904,0.07
bon/bon_01.wav,bon,train,97,15520,0.98246875,2.258683282146418e-05,-46.461254352518,0.00023762803297098693,0.07109251040957335,0.0825
bon/bon_01.wav,bon,train,98,15680,0.99246875,2.2084991791175154e-05,-46.558830935863334,0.0002349733590812752,0.06453473186312406,0.0925
bon/bon_01.wav,bon,train,99,15840,1.00246875,8.825635722148247e-06,-50.54204796503792,0.00014853985763212048,0.042384052526655815,0.1075
bon/bon_01.wav,bon,train,100,16000,1.01246875,6.100671080047232e-06,-52.145512073738196,0.00012349768297469421,0.03212623441968618,0.1375
bon/bon_01.wav,bon,train,101,16160,1.02246875,2.6783697561553056e-06,-55.71967349110318,8.182862818346807e-05,0.02290253985945505,0.1225
bon/bon_01.wav,bon,train,102,16320,1.03246875,2.2839968738308983e-06,-56.41114389764336,7.556449023567383e-05,0.02004030753574596,0.1375
bon/bon_01.wav,bon,train,103,16480,1.04246875,2.3774142009078e-06,-56.23712510733205,7.709432859990092e-05,0.019189033805868762,0.15
bon/bon_01.wav,bon,train,104,16640,1.05246875,3.6704181922970527e-06,-54.35166144435547,9.579167751293758e-05,0.0221582069590376,0.16
bon/bon_01.wav,bon,train,105,16800,1.06246875,1.7084084833203315e-06,-57.67154145088435,6.535305048963536e-05,0.016505292545945495,0.18
bon/bon_01.wav,bon,train,106,16960,1.07246875,7.509860807337577e-07,-61.237901981270646,4.33297265377292e-05,0.011990792509925527,0.1775
bon/bon_01.wav,bon,train,107,17120,1.08246875,1.4437598089442147e-06,-58.402043482850885,6.007827829058134e-05,0.014859705538684837,0.1675
bon/bon_01.wav,bon,train,108,17280,1.09246875,1.106007091165457e-06,-59.558495971482294,5.2583435870182945e-05,0.01289153343559797,0.205
bon/bon_01.wav,bon,train,109,17440,1.10246875,1.0865717652605813e-06,-59.63542075772564,5.211937656142342e-05,0.013358315174301935,0.1975
bon/bon_01.wav,bon,train,110,17600,1.11246875,1.2253945882998404e-06,-59.11369774556733,5.534877117650943e-05,0.014370433442747035,0.1575
bon/bon_01.wav,bon,train,111,17760,1.12246875,1.0941888384720565e-06,-59.60510990928391,5.230174085229039e-05,0.013378258842864883,0.1725
bon/bon_01.wav,bon,train,112,17920,1.13246875,1.4769481994191592e-06,-58.30340787254222,6.0764878824431945e-05,0.015648829943781455,0.14
bon/bon_01.wav,bon,train,113,18080,1.14246875,1.657472360116594e-06,-57.80291761979211,6.437142922361974e-05,0.016052218631025364,0.11
bon/bon_01.wav,bon,train,114,18240,1.15246875,1.143664396572256e-06,-59.413218251852015,5.3471122967735024e-05,0.015022063380146305,0.12
bon/bon_01.wav,bon,train,115,18400,1.16246875,1.391747080069371e-06,-58.561277433772894,5.8986165328604194e-05,0.01689650365071213,0.1275
bon/bon_01.wav,bon,train,116,18560,1.17246875,2.108730999699479e-06,-56.75772915694588,7.260735155098757e-05,0.018219829090054634,0.18
bon/bon_01.wav,bon,train,117,18720,1.18246875,1.7933982171870753e-06,-57.46081170915392,6.695890936214305e-05,0.018103536573030595,0.1275
bon/bon_01.wav,bon,train,118,18880,1.19246875,2.8319463531393444e-06,-55.47761649537506,8.414193890592468e-05,0.02329457291922298,0.105
bon/bon_01.wav,bon,train,119,19040,1.20246875,1.302422798543064e-06,-58.849146869042876,5.706186989888835e-05,0.015649525986216266,0.15
bon/bon_01.wav,bon,train,120,19200,1.21246875,6.407027715198684e-07,-61.92666084983103,4.0021955584399805e-05,0.01117021758256843,0.18
bon/bon_01.wav,bon,train,121,19360,1.22246875,8.850831025522727e-07,-60.52525545282916,4.7039427679136166e-05,0.01337714611770309,0.155
bon/bon_01.wav,bon,train,122,19520,1.23246875,2.377676401401172e-06,-56.23664635997549,7.709857977617312e-05,0.02167807617651527,0.1075
bon/bon_01.wav,bon,train,123,19680,1.24246875,2.594657585400216e-06,-55.85752599460065,8.053970426752597e-05,0.021894068889790435,0.0975
bon/bon_01.wav,bon,train,124,19840,1.25246875,1.6061713118283529e-06,-57.93937828391365,6.336740707627923e-05,0.016942130025596018,0.1575
bon/bon_01.wav,bon,train,125,20000,1.26246875,1.7908097662257465e-06,-57.46708100624765,6.69105702827615e-05,0.01739403583107399,0.1375
bon/bon_01.wav,bon,train,126,20160,1.27246875,1.547379780434816e-06,-58.101225085639584,6.219686046005088e-05,0.016630325703607746,0.15
bon/bon_01.wav,bon,train,127,20320,1.28246875,1.0162049729635753e-06,-59.925915252901156,5.040349623199703e-05,0.01329309029959816,0.1625
bon/bon_01.wav,bon,train,128,20480,1.29246875,1.4126212163249067e-06,-58.496669453464484,5.942687136988003e-05,0.015271727336099246,0.1975
bon/bon_01.wav,bon,train,129,20640,1.30246875,1.3121508515237834e-06,-58.81685380368114,5.727457663579416e-05,0.014495163993646067,0.18
bon/bon_01.wav,bon,train,130,20800,1.31246875,1.1070653941862236e-06,-59.55434608293362,5.2608587563871724e-05,0.01312457286035921,0.1925
bon/bon_01.wav,bon,train,131,20960,1.32246875,7.808299106853865e-07,-61.06887718660579,4.418229030633729e-05,0.012049527657127973,0.1875
bon/bon_01.wav,bon,train,132,21120,1.33246875,2.0347532448277708e-06,-56.912748643039215,7.132238857518323e-05,0.015709872495271546,0.2225
bon/bon_01.wav,bon,train,133,21280,1.34246875,5.56031887573573e-07,-62.5411994270625,3.7283772863458075e-05,0.0104482355415812,0.2075
bon/bon_01.wav,bon,train,134,21440,1.35246875,9.295623922642842e-07,-60.31254503019312,4.820690801804976e-05,0.012432187625140957,0.1925
bon/bon_01.wav,bon,train,135,21600,1.36246875,2.1646994425237362e-06,-56.64401815259441,7.356458799116149e-05,0.02026470164024097,0.115
bon/bon_01.wav,bon,train,136,21760,1.37246875,3.1053222819834006e-06,-55.07753488071068,8.810962322560743e-05,0.024292304524688318,0.0875
bon/bon_01.wav,bon,train,137,21920,1.38246875,1.4225893480362577e-06,-58.466152702512076,5.963617501224105e-05,0.017333532636147883,0.0875
bon/bon_01.wav,bon,train,138,22080,1.39246875,1.8280771934164277e-06,-57.37767965399824,6.760320246512786e-05,0.0160195199802846,0.1625
bon/bon_01.wav,bon,train,139,22240,1.40246875,9.773077897171594e-07,-60.095244884168224,4.9429439348356955e-05,0.012307362930581534,0.1825
bon/bon_01.wav,bon,train,140,22400,1.41246875,7.164901230342046e-07,-61.44184073048698,4.232286979383028e-05,0.011280376756430628,0.2
bon/bon_01.wav,bon,train,141,22560,1.42246875,2.9481574686584896e-06,-55.30302037911525,8.585099691702028e-05,0.022622047881873542,0.1475
bon/bon_01.wav,bon,train,142,22720,1.43246875,0.0002749722283692112,-35.60709587397014,0.0008291143292230741,0.20082782775371316,0.0525
bon/bon_01.wav,bon,train,143,22880,1.44246875,0.005560675873087208,-22.54872340728243,0.003728496973676929,1.032613769961904,0.03
bon/bon_01.wav,bon,train,144,23040,1.45246875,0.013867940584553165,-18.579879963752926,0.00588811102658424,1.8429247934189532,0.015
bon/bon_01.wav,bon,train,145,23200,1.46246875,0.02772809053726516,-15.57080020914653,0.008325876911362724,2.5100548347856115,0.01
bon/bon_01.wav,bon,train,146,23360,1.47246875,0.029266720146069736,-15.336259303825084,0.00855375942876431,2.633126622190192,0.01
bon/bon_01.wav,bon,train,147,23520,1.48246875,0.020085355148963847,-16.971204630531258,0.007086140548451577,2.1440427863717804,0.01
bon/bon_01.wav,bon,train,148,23680,1.49246875,0.008245724648022644,-20.837711191504763,0.004540298626748753,1.3410074711253388,0.01
bon/bon_01.wav,bon,train,149,23840,1.50246875,0.0013594721958115957,-28.666293508023912,0.0018435510542236114,0.5255331734190607,0.0125
bon/bon_01.wav,bon,train,150,24000,1.51246875,9.049129579508905e-05,-40.4338839356944,0.0004756345650683123,0.16744967995628068,0.0125
bon/bon_01.wav,bon,train,151,24160,1.52246875,0.00040587744045270086,-33.91604017027376,0.001007320009297816,0.3018348746306112,0.0075
bon/bon_01.wav,bon,train,152,24320,1.53246875,0.0009442706859923066,-30.249030324483908,0.0015364493857529986,0.4612844288063481,0.0075
bon/bon_01.wav,bon,train,153,24480,1.54246875,0.0007144199111601339,-31.4604584209747,0.0013364317333482974,0.39817600897601013,0.01
bon/bon_01.wav,bon,train,154,24640,1.55246875,0.0002541581766854305,-35.94894205017364,0.0007971169561071801,0.23509897759974482,0.0075
bon/bon_01.wav,bon,train,155,24800,1.56246875,4.867524283544779e-05,-43.126829509597314,0.00034883822481003926,0.11037046018686424,0.0075
bon/bon_01.wav,bon,train,156,24960,1.57246875,4.1848506704775885e-05,-43.78309656826191,0.0003234521089155854,0.08803665322387316,0.01
bon/bon_01.wav,bon,train,157,25120,1.58246875,1.2897637463354184e-05,-48.894561636077015,0.0001795664045928009,0.056452003070487894,0.0325
bon/bon_01.wav,bon,train,158,25280,1.59246875,1.4578255078498708e-05,-48.36264665562781,0.00019090740608013816,0.055350293724761725,0.0325
bon/bon_01.wav,bon,train,159,25440,1.60246875,1.013637524634653e-05,-49.9407447730919,0.00015918837305490098,0.047380898541272067,0.045
bon/bon_01.wav,bon,train,160,25600,1.61246875,6.578301919308736e-06,-51.81820183692316,0.00012824100279657766,0.03688441712672913,0.05
bon/bon_01.wav,bon,train,161,25760,1.62246875,3.684947788582935e-06,-54.334508208507806,9.598108913456514e-05,0.029140443832170945,0.0475
bon/bon_01.wav,bon,train,162,25920,1.63246875,2.060428285868629e-06,-56.858317690815255,7.177096010693722e-05,0.02053964797415587,0.075
bon/bon_01.wav,bon,train,163,26080,1.64246875,1.6526631945786664e-06,-57.815529395421194,6.427797434927975e-05,0.015931907790827732,0.1225
bon/bon_01.wav,bon,train,164,26240,1.65246875,8.417082506407905e-07,-60.74322754043366,4.5872329640012576e-05,0.013307517409672833,0.1375
bon/bon_01.wav,bon,train,165,26400,1.66246875,2.099078616693963e-06,-56.777644470959395,7.244098661486402e-05,0.017021311535413162,0.145
bon/bon_01.wav,bon,train,166,26560,1.67246875,2.1173887375325804e-06,-56.73994341171878,7.275624951735383e-05,0.01938382964022229,0.1125
bon/bon_01.wav,bon,train,167,26720,1.68246875,1.917502087258958e-06,-57.17037723969155,6.923694980389732e-05,0.01986352254165198,0.1075
bon/bon_02.wav,bon,train,0,0,0.01246875,0.0,-90.0,0.0,0.0,0.0
bon/bon_02.wav,bon,train,1,160,0.02246875,0.0,-90.0,0.0,0.0,0.0
bon/bon_02.wav,bon,train,2,320,0.03246875,0.0,-90.0,0.0,0.0,0.0
bon/bon_02.wav,bon,train,3,480,0.04246875,0.0,-90.0,0.0,0.0,0.0
bon/bon_02.wav,bon,train,4,640,0.05246875,0.0,-90.0,0.0,0.0,0.0
bon/bon_02.wav,bon,train,5,800,0.06246875,0.0,-90.0,0.0,0.0,0.0
bon/bon_02.wav,bon,train,6,960,0.07246875,0.0,-90.0,0.0,0.0,0.0
bon/bon_02.wav,bon,train,7,1120,0.08246875,0.0,-90.0,0.0,0.0,0.0
bon/bon_02.wav,bon,train,8,1280,0.09246875,0.0,-90.0,0.0,0.0,0.0
bon/bon_02.wav,bon,train,9,1440,0.10246875,0.0,-90.0,0.0,0.0,0.0
bon/bon_02.wav,bon,train,10,1600,0.11246875,0.0,-90.0,0.0,0.0,0.0
bon/bon_02.wav,bon,train,11,1760,0.12246875,0.0,-90.0,0.0,0.0,0.0
bon/bon_02.wav,bon,train,12,1920,0.13246875,0.0,-90.0,0.0,0.0,0.0
bon/bon_02.wav,bon,train,13,2080,0.14246875,0.0,-90.0,0.0,0.0,0.0
bon/bon_02.wav,bon,train,14,2240,0.15246875,0.0,-90.0,0.0,0.0,0.0
bon/bon_02.wav,bon,train,15,2400,0.16246875,0.0,-90.0,0.0,0.0,0.0
bon/bon_02.wav,bon,train,16,2560,0.17246875,0.0,-90.0,0.0,0.0,0.0
bon/bon_02.wav,bon,train,17,2720,0.18246875,0.0,-90.0,0.0,0.0,0.0
bon/bon_02.wav,bon,train,18,2880,0.19246875,0.0,-90.0,0.0,0.0,0.0
bon/bon_02.wav,bon,train,19,3040,0.20246875,0.0,-90.0,0.0,0.0,0.0
bon/bon_02.wav,bon,train,20,3200,0.21246875,0.0,-90.0,0.0,0.0,0.0
bon/bon_02.wav,bon,train,21,3360,0.22246875,0.0,-90.0,0.0,0.0,0.0
bon/bon_02.wav,bon,train,22,3520,0.23246875,0.0,-90.0,0.0,0.0,0.0
bon/bon_02.wav,bon,train,23,3680,0.24246875,0.0,-90.0,0.0,0.0,0.0
bon/bon_02.wav,bon,train,24,3840,0.25246875,0.0,-90.0,0.0,0.0,0.0
bon/bon_02.wav,bon,train,25,4000,0.26246875,0.0,-90.0,0.0,0.0,0.0
bon/bon_02.wav,bon,train,26,4160,0.27246875,0.0,-90.0,0.0,0.0,0.0
bon/bon_02.wav,bon,train,27,4320,0.28246875,0.0,-90.0,0.0,0.0,0.0
bon/bon_02.wav,bon,train,28,4480,0.29246875,0.0,-90.0,0.0,0.0,0.0
bon/bon_02.wav,bon,train,29,4640,0.30246875,0.0,-90.0,0.0,0.0,0.0
bon/bon_02.wav,bon,train,30,4800,0.31246875,0.0,-90.0,0.0,0.0,0.0
bon/bon_02.wav,bon,train,31,4960,0.32246875,0.0,-90.0,0.0,0.0,0.0
bon/bon_02.wav,bon,train,32,5120,0.33246875,2.6151425866264347e-09,-84.41874568808223,2.5569232422124226e-06,0.00030038555628791153,0.0975
bon/bon_02.wav,bon,train,33,5280,0.34246875,5.674078818484363e-08,-72.38517292121526,1.1910162486805504e-05,0.002306296389469415,0.24
bon/bon_02.wav,bon,train,34,5440,0.35246875,2.972842158564239e-07,-65.25369727354744,2.726188804248634e-05,0.0064015249723903215,0.325
bon/bon_02.wav,bon,train,35,5600,0.36246875,1.976812817536638e-06,-57.0381481291964,7.029958779282845e-05,0.018233284886474972,0.23
bon/bon_02.wav,bon,train,36,5760,0.37246875,4.195108029314111e-06,-53.77153339370029,0.0001024098143406445,0.025927891883661434,0.1525
bon/bon_02.wav,bon,train,37,5920,0.38246875,1.725033903063983e-06,-57.629506780478074,6.56702730134416e-05,0.018395938897518477,0.1475
bon/bon_02.wav,bon,train,38,6080,0.39246875,2.284774065516315e-06,-56.40966699115171,7.557734557253772e-05,0.021121842822316585,0.1275
bon/bon_02.wav,bon,train,39,6240,0.40246875,5.419281502662948e-06,-52.659781577644836,0.00011639675148670331,0.028588488089107075,0.16
bon/bon_02.wav,bon,train,40,6400,0.41246875,1.9080506063334906e-06,-57.191825588980684,6.90661025093622e-05,0.019171656301903067,0.16
bon/bon_02.wav,bon,train,41,6560,0.42246875,2.143244707372613e-06,-56.68725653215663,7.319912409606779e-05,0.019537026919181202,0.1725
bon/bon_02.wav,bon,train,42,6720,0.43246875,1.946351730794162e-06,-57.105555990978914,6.975585514482211e-05,0.01829119662329111,0.1575
bon/bon_02.wav,bon,train,43,6880,0.44246875,1.7187814153090806e-06,-57.64526748532952,6.555115207433583e-05,0.01739118682168052,0.1525
bon/bon_02.wav,bon,train,44,7040,0.45246875,2.4521653150765892e-06,-56.10273184363369,7.829695580092161e-05,0.020262400625394222,0.1325
bon/bon_02.wav,bon,train,45,7200,0.46246875,1.5759013544599627e-06,-58.021954737945435,6.276745483249983e-05,0.017045063147926143,0.1225
bon/bon_02.wav,bon,train,46,7360,0.47246875,2.551680345425047e-06,-55.9300356549722,7.98698996090681e-05,0.020526391787166236,0.1225
bon/bon_02.wav,bon,train,47,7520,0.48246875,1.4347235501511506e-06,-58.42929175833292,5.9889973078787376e-05,0.016294805012010444,0.15
bon/bon_02.wav,bon,train,48,7680,0.49246875,8.245678930739517e-07,-60.83247205411575,4.5402860402015195e-05,0.01250061494757215,0.1675
bon/bon_02.wav,bon,train,49,7840,0.50246875,2.0848073566196486e-06,-56.80725805123538,7.219430996656954e-05,0.018950611375552734,0.13
bon/bon_02.wav,bon,train,50,8000,0.51246875,1.6085154707796925e-06,-57.93304844488178,6.341363163349999e-05,0.017371177607606803,0.1325
bon/bon_02.wav,bon,train,51,8160,0.52246875,1.1917598980943486e-06,-59.23446970769941,5.458387807068926e-05,0.013913484681219139,0.1475
bon/bon_02.wav,bon,train,52,8320,0.53246875,1.2767105248353406e-06,-58.93567527794766,5.649580791606003e-05,0.01570213240506751,0.1475
bon/bon_02.wav,bon,train,53,8480,0.54246875,2.2219753172140793e-06,-56.5306535945901,7.453145841210406e-05,0.019856807322981798,0.1225
bon/bon_02.wav,bon,train,54,8640,0.55246875,3.019228449696901e-06,-55.1996020582087,8.687963584317243e-05,0.024296364308596725,0.1125
bon/bon_02.wav,bon,train,55,8800,0.56246875,2.743354407779106e-06,-55.61559804261246,8.281537308644914e-05,0.021504695303751306,0.16
bon/bon_02.wav,bon,train,56,8960,0.57246875,7.082990011006776e-07,-61.49170651764002,4.2080250744876675e-05,0.012025978720399299,0.1775
bon/bon_02.wav,bon,train,57,9120,0.58246875,1.2932734656680006e-06,-58.87973952351327,5.686109095128233e-05,0.015610222479729714,0.1825
bon/bon_02.wav,bon,train,58,9280,0.59246875,2.2135277562721995e-06,-56.54718872019407,7.43896457222408e-05,0.019226724546121232,0.15
bon/bon_02.wav,bon,train,59,9440,0.60246875,1.3540730807692608e-06,-58.680372821187575,5.8182322933371714e-05,0.015663386857710328,0.1775
bon/bon_02.wav,bon,train,60,9600,0.61246875,7.395082153072613e-07,-61.304701189890665,4.299733175754228e-05,0.01170961877938494,0.255
bon/bon_02.wav,bon,train,61,9760,0.62246875,9.517930957198905e-07,-60.21001398567279,4.877994197720746e-05,0.012061401106039947,0.2375
bon/bon_02.wav,bon,train,62,9920,0.63246875,1.1060050910706396e-06,-59.55850381814321,5.258338832441857e-05,0.013692973521159953,0.1875
bon/bon_02.wav,bon,train,63,10080,0.64246875,1.692813984779868e-06,-57.711342857523185,6.50540925841693e-05,0.017003938235455263,0.1425
bon/bon_02.wav,bon,train,64,10240,0.65246875,2.2019604600233717e-06,-56.56993297741547,7.419502105976135e-05,0.019275739614775828,0.1525
bon/bon_02.wav,bon,train,65,10400,0.66246875,2.379212566235268e-06,-56.23384256296131,7.712348160961207e-05,0.019640182176217914,0.1675
bon/bon_02.wav,bon,train,66,10560,0.67246875,1.3144853947540436e-06,-58.809139693288955,5.7325504680596655e-05,0.015154003696994822,0.205
bon/bon_02.wav,bon,train,67,10720,0.68246875,8.029759147343955e-07,-60.94756961518496,4.4804461684479465e-05,0.011546239666174025,0.205
bon/bon_02.wav,bon,train,68,10880,0.69246875,7.991093011213037e-07,-60.96850680968815,4.469645682605344e-05,0.010955718897892224,0.2125
bon/bon_02.wav,bon,train,69,11040,0.70246875,5.126353867770597e-07,-62.8934506330252,3.579928025732709e-05,0.009404235588054444,0.1875
bon/bon_02.wav,bon,train,70,11200,0.71246875,1.084762510360043e-06,-59.642651579141265,5.207596639429851e-05,0.013536339708579894,0.19
bon/bon_02.wav,bon,train,71,11360,0.72246875,1.7990683636655159e-06,-57.44711000786193,6.706467706001268e-05,0.01671225171352356,0.21
bon/bon_02.wav,bon,train,72,11520,0.73246875,1.0904371246577924e-06,-59.62001278004027,5.221199873251819e-05,0.01336798771253531,0.2025
bon/bon_02.wav,bon,train,73,11680,0.74246875,1.582721210987115e-06,-58.00321266677137,6.290312414711838e-05,0.015987786911313556,0.185
bon/bon_02.wav,bon,train,74,11840,0.75246875,2.0360684544174056e-06,-56.90994376558885,7.134543528526203e-05,0.01832498181120682,0.12
bon/bon_02.wav,bon,train,75,12000,0.76246875,1.9657207623453237e-06,-57.06257297417366,7.010208203657941e-05,0.019015251353219655,0.115
bon/bon_02.wav,bon,train,76,12160,0.77246875,5.365460226244327e-06,-52.70312085084218,0.00011581731548266355,0.032536925120528234,0.0825
bon/bon_02.wav,bon,train,77,12320,0.78246875,3.5943086110693504e-05,-44.44372553981183,0.0002997627649938093,0.08683113760395128,0.045
bon/bon_02.wav,bon,train,78,12480,0.79246875,0.0002526364467141253,-35.97502276520271,0.0007947270706257044,0.22589523846949086,0.0275
bon/bon_02.wav,bon,train,79,12640,0.80246875,0.0004311034690104155,-33.65417475043345,0.001038151565295761,0.3150254730151849,0.025
bon/bon_02.wav,bon,train,80,12800,0.81246875,0.000507102130752256,-32.949037081974794,0.0011259464138584216,0.3439330313978658,0.025
bon/bon_02.wav,bon,train,81,12960,0.82246875,0.0005387972364606291,-32.68573834435078,0.001160600314988572,0.34867901523532113,0.025
bon/bon_02.wav,bon,train,82,13120,0.83246875,0.00039674295584299433,-34.01489680739542,0.0009959203731260274,0.3066333905460208,0.0225
bon/bon_02.wav,bon,train,83,13280,0.84246875,0.00042331031466025747,-33.73340123142238,0.0010287253212838904,0.30955730573334916,0.0225
bon/bon_02.wav,bon,train,84,13440,0.85246875,0.00038465060210549117,-34.14932454350307,0.000980625568330608,0.30010526396142223,0.0225
bon/bon_02.wav,bon,train,85,13600,0.86246875,0.00034092751605101305,-34.673366718551286,0.0009232111297680139,0.26907224311935374,0.0425
bon/bon_02.wav,bon,train,86,13760,0.87246875,0.0009254308884531396,-30.336555396960428,0.0015210447794633953,0.3988356773839997,0.0625
bon/bon_02.wav,bon,train,87,13920,0.88246875,0.001979242764793347,-27.035007145429088,0.002224434065550914,0.6013535666761896,0.06
bon/bon_02.wav,bon,train,88,14080,0.89246875,0.002926538448823076,-25.33645617358545,0.00270487451133277,0.7200427590354067,0.0625
bon/bon_02.wav,bon,train,89,14240,0.90246875,0.003999711137986785,-23.979712640176768,0.0031621634753704565,0.8355536015367213,0.0725
bon/bon_02.wav,bon,train,90,14400,0.91246875,0.005210321860224774,-22.831353645949733,0.0036091279626194934,0.9480423050138109,0.0925
bon/bon_02.wav,bon,train,91,14560,0.92246875,0.005736928961889497,-22.41320452078616,0.003787125876535363,1.011139687488137,0.0975
bon/bon_02.wav,bon,train,92,14720,0.93246875,0.005532313153879482,-22.570931663388482,0.0037189760532569584,0.9872327552647477,0.0925
bon/bon_02.wav,bon,train,93,14880,0.94246875,0.004089541898009014,-23.88325231837741,0.0031974763087507835,0.872774796109844,0.08
bon/bon_02.wav,bon,train,94,15040,0.95246875,0.003550961434211314,-24.496539220946197,0.0029794972034771715,0.8177490294856827,0.0725
bon/bon_02.wav,bon,train,95,15200,0.96246875,0.003095052825926457,-25.0933179378455,0.002781659947731955,0.7859744964686588,0.07
bon/bon_02.wav,bon,train,96,15360,0.97246875,0.00278966337685774,-25.54448043338031,0.0026408632001950327,0.7652266518001976,0.0725
bon/bon_02.wav,bon,train,97,15520,0.98246875,0.0032833072863666666,-24.836883372578583,0.0028650075420348664,0.8086677204636455,0.07
bon/bon_02.wav,bon,train,98,15680,0.99246875,0.003957249595160752,-24.026064469163057,0.0031453336846671578,0.875197791790447,0.07
bon/bon_02.wav,bon,train,99,15840,1.00246875,0.0041864531835223255,-23.781536573405116,0.0032351403306202678,0.8966183330957656,0.0725
bon/bon_02.wav,bon,train,100,16000,1.01246875,0.004328127346822536,-23.63699869091338,0.003289425233541012,0.9114703598766017,0.085
bon/bon_02.wav,bon,train,101,16160,1.02246875,0.0046554101027901276,-23.320419619887794,0.003411528287582461,0.9370555399753373,0.095
bon/bon_02.wav,bon,train,102,16320,1.03246875,0.005098742809887782,-22.925368089282365,0.003570274082576778,0.9628121096388214,0.0925
bon/bon_02.wav,bon,train,103,16480,1.04246875,0.005520332983025011,-22.580346464380085,0.0037149471675331437,0.9966975601733966,0.08
bon/bon_02.wav,bon,train,104,16640,1.05246875,0.005322211969993138,-22.73907751009308,0.003647674591432581,0.9820586391446143,0.0775
bon/bon_02.wav,bon,train,105,16800,1.06246875,0.004968558162221684,-23.03769534529912,0.0035244000064626898,0.9312502218558697,0.0875
bon/bon_02.wav,bon,train,106,16960,1.07246875,0.004287402848312798,-23.6780560656793,0.0032739131205305363,0.8617252936765477,0.0875
bon/bon_02.wav,bon,train,107,17120,1.08246875,0.0036560011446005545,-24.369935581822123,0.0030232437648164243,0.813486392842935,0.0875
bon/bon_02.wav,bon,train,108,17280,1.09246875,0.003533196313492191,-24.518321084558835,0.002972034788445532,0.7958019824505578,0.0825
bon/bon_02.wav,bon,train,109,17440,1.10246875,0.0027493771424636094,-25.607655242921282,0.002621725167930274,0.713300658632463,0.0825
bon/bon_02.wav,bon,train,110,17600,1.11246875,0.0024335312227357084,-26.137628988292853,0.0024665417200686614,0.6802903499710029,0.0775
bon/bon_02.wav,bon,train,111,17760,1.12246875,0.0022917249227483597,-26.398373227235766,0.0023935981924439404,0.6734010714039784,0.0725
bon/bon_02.wav,bon,train,112,17920,1.13246875,0.00233758515548225,-26.312323735416527,0.002417428983177298,0.6704907748818405,0.0725
bon/bon_02.wav,bon,train,113,18080,1.14246875,0.002190949338526929,-26.593674663225215,0.0023403788894786506,0.6429760746003994,0.07
bon/bon_02.wav,bon,train,114,18240,1.15246875,0.0018563438329312083,-27.3134134647449,0.002154265439152757,0.5943772294522653,0.0725
bon/bon_02.wav,bon,train,115,18400,1.16246875,0.0017210143936642153,-27.64215245097468,0.002074255525281429,0.5656724890162994,0.0725
bon/bon_02.wav,bon,train,116,18560,1.17246875,0.00169081051691688,-27.719048026478358,0.0020559733199368613,0.5501161518423353,0.0725
bon/bon_02.wav,bon,train,117,18720,1.18246875,0.0017777693293827136,-27.501243463604542,0.00210818009749091,0.5505208677741431,0.07
bon/bon_02.wav,bon,train,118,18880,1.19246875,0.0016753162405758759,-27.75902942187735,0.0020465313585283002,0.5405313645509118,0.075
bon/bon_02.wav,bon,train,119,19040,1.20246875,0.0017216433994090173,-27.640565458686673,0.0020746345457748803,0.5445636513709579,0.085
bon/bon_02.wav,bon,train,120,19200,1.21246875,0.0016142879648510843,-27.920187220256803,0.0020089101304258763,0.5311610271090736,0.0925
bon/bon_02.wav,bon,train,121,19360,1.22246875,0.001147882590922171,-29.401021523418255,0.0016940208019104806,0.4553327105046857,0.0825
bon/bon_02.wav,bon,train,122,19520,1.23246875,0.0008265321340866513,-30.8273973173251,0.001437473594615438,0.3835870946190023,0.09
bon/bon_02.wav,bon,train,123,19680,1.24246875,0.0006353327762397719,-31.969980556601328,0.0012602904191492648,0.3206023462745697,0.1075
bon/bon_02.wav,bon,train,124,19840,1.25246875,0.0004902021664975555,-33.09623887722917,0.0011070254812983705,0.28352942696103633,0.1175
bon/bon_02.wav,bon,train,125,20000,1.26246875,0.0003831833792292033,-34.16592203541394,0.000978753517527783,0.2680192863509122,0.1075
bon/bon_02.wav,bon,train,126,20160,1.27246875,0.0003620678472871215,-34.41208840643705,0.0009514040247012852,0.2633862856122182,0.1175
bon/bon_02.wav,bon,train,127,20320,1.28246875,0.0004087032326375913,-33.88590864608859,0.0010108204991955685,0.2771116619436818,0.125
bon/bon_02.wav,bon,train,128,20480,1.29246875,0.00041588821787503155,-33.81022338779274,0.0010196668792736082,0.281154611987841,0.115
bon/bon_02.wav,bon,train,129,20640,1.30246875,0.00041337726184075376,-33.83652365180505,0.0010165840617488966,0.27965017575504175,0.1125
bon/bon_02.wav,bon,train,130,20800,1.31246875,0.0003312467007868922,-34.79847127512588,0.0009100092043310499,0.2502551025426636,0.1175
bon/bon_02.wav,bon,train,131,20960,1.32246875,0.00026009430431306557,-35.848674883628846,0.0008063719742046247,0.21869460428558674,0.125
bon/bon_02.wav,bon,train,132,21120,1.33246875,0.00019660333835524318,-37.06406903070747,0.0007010765620730078,0.18603386319940507,0.13
bon/bon_02.wav,bon,train,133,21280,1.34246875,0.00014499417102709327,-38.386464614285366,0.000602067627071688,0.15633504044932345,0.125
bon/bon_02.wav,bon,train,134,21440,1.35246875,0.00012094702927536186,-39.17401203629579,0.0005498795988108712,0.14183163883574565,0.1075
bon/bon_02.wav,bon,train,135,21600,1.36246875,0.0001018225567068593,-39.921517370847255,0.0005045358181211203,0.13059619376340798,0.1075
bon/bon_02.wav,bon,train,136,21760,1.37246875,0.0001042052938656882,-39.821060496680616,0.0005104049712377619,0.129683790275264,0.1125
bon/bon_02.wav,bon,train,137,21920,1.38246875,0.00013444267948126978,-38.71459610182443,0.0005797470989174283,0.15994455558846507,0.1125
bon/bon_02.wav,bon,train,138,22080,1.39246875,0.0002596703139835701,-35.8557602444366,0.00080571445621816,0.2270801447327846,0.1
bon/bon_02.wav,bon,train,139,22240,1.40246875,0.000450152662728686,-33.4663921181651,0.0010608400712745136,0.29015049861935294,0.1
bon/bon_02.wav,bon,train,140,22400,1.41246875,0.0006713866806599528,-31.730266319150672,0.0012955565219819173,0.3382401533780537,0.1
bon/bon_02.wav,bon,train,141,22560,1.42246875,0.000658270731261981,-31.81594794794809,0.0012828393617889,0.3439221163598052,0.1
bon/bon_02.wav,bon,train,142,22720,1.43246875,0.0005987446553431168,-32.22757624921607,0.001223462969753393,0.3289092717873657,0.1
bon/bon_02.wav,bon,train,143,22880,1.44246875,0.0005418820578284903,-32.660944271507766,0.0011639180145402105,0.32224522566301883,0.1
bon/bon_02.wav,bon,train,144,23040,1.45246875,0.00045847881107181183,-33.38679783512282,0.001070605916142597,0.3021394590097627,0.1
bon/bon_02.wav,bon,train,145,23200,1.46246875,0.00033658634185558794,-34.72902220700178,0.000917314479684568,0.2645831176026036,0.1025
bon/bon_02.wav,bon,train,146,23360,1.47246875,0.0002632930691130853,-35.795589235770684,0.0008113153966138652,0.2337333961225554,0.1075
bon/bon_02.wav,bon,train,147,23520,1.48246875,0.00021618387440528678,-36.65174695175105,0.0007351596330139576,0.20594922531532422,0.105
bon/bon_02.wav,bon,train,148,23680,1.49246875,0.00014477944795001542,-38.39290084000436,0.0006016216584158507,0.17055457413389602,0.11
bon/bon_02.wav,bon,train,149,23840,1.50246875,0.0001097524650314614,-39.595817597392504,0.0005238140534375281,0.1461501891086758,0.105
bon/bon_02.wav,bon,train,150,24000,1.51246875,9.778156355001559e-05,-40.097385810931314,0.0004944228037571072,0.13482378722456712,0.105
bon/bon_02.wav,bon,train,151,24160,1.52246875,0.00010758438133618846,-39.682467364423374,0.0005186144553909688,0.14297470661153777,0.1
bon/bon_02.wav,bon,train,152,24320,1.53246875,0.00013218715509103629,-38.7880745868601,0.0005748633643985245,0.15652928255490997,0.1
bon/bon_02.wav,bon,train,153,24480,1.54246875,0.00013505612702463836,-38.69482492958922,0.0005810682555101388,0.15962028214086071,0.1
bon/bon_02.wav,bon,train,154,24640,1.55246875,0.00013490204894490667,-38.69978234724056,0.0005807367065738712,0.16099609572136175,0.1
bon/bon_02.wav,bon,train,155,24800,1.56246875,0.0001491163394788938,-38.2647185351439,0.0006105660068307394,0.16818021772528252,0.1
bon/bon_02.wav,bon,train,156,24960,1.57246875,0.000163848848306019,-37.85553956355999,0.0006400172816143697,0.1772945064649863,0.1
bon/bon_02.wav,bon,train,157,25120,1.58246875,0.00017966801294350165,-37.45526818094543,0.000670201486389544,0.18500288468340884,0.105
bon/bon_02.wav,bon,train,158,25280,1.59246875,0.00018559628252637635,-37.31428386912628,0.0006811686328039048,0.18480268886957357,0.11
bon/bon_02.wav,bon,train,159,25440,1.60246875,0.00014972171724477178,-38.24712299686777,0.0006118041296950597,0.15802565709107597,0.12
bon/bon_02.wav,bon,train,160,25600,1.61246875,0.00011047635348570372,-39.56726737944285,0.0005255386605324667,0.14031621789416499,0.125
bon/bon_02.wav,bon,train,161,25760,1.62246875,0.00016934593414780896,-37.71222661403416,0.000650664917887481,0.18719816472856277,0.1375
bon/bon_02.wav,bon,train,162,25920,1.63246875,0.0006955136915852867,-31.57693691830049,0.0013186296784780847,0.3693671684656027,0.145
bon/bon_02.wav,bon,train,163,26080,1.64246875,0.0009532709339866563,-30.207831931880133,0.0015437542987686353,0.43402510634320784,0.15
bon/bon_02.wav,bon,train,164,26240,1.65246875,0.0004052119255522747,-33.92316709889997,0.0010064938220777546,0.29836355919487384,0.1525
bon/bon_02.wav,bon,train,165,26400,1.66246875,0.0005742274739753351,-32.409152761659406,0.0011981521960662334,0.3291117932473314,0.1425
bon/bon_02.wav,bon,train,166,26560,1.67246875,0.0009264291593930737,-30.331873151831466,0.001521864940946694,0.41280927838556564,0.125
bon/bon_02.wav,bon,train,167,26720,1.68246875,0.0013933323959355202,-28.559449534318638,0.001866368396067293,0.5046988684904063,0.1125
bon/bon_02.wav,bon,train,168,26880,1.69246875,0.001639804342329367,-27.852077030314007,0.0020247248839838504,0.532102182077787,0.1225
bon/bon_02.wav,bon,train,169,27040,1.70246875,0.0015304809023296267,-28.15171801489612,0.0019560680601206255,0.5162346597149042,0.11
bon/bon_02.wav,bon,train,170,27200,1.71246875,0.0008873346969970771,-30.519120467161443,0.0014894081853181458,0.45265442906083353,0.07
bon/bon_02.wav,bon,train,171,27360,1.72246875,0.0010852567314829612,-29.644671115215807,0.0016471617494063547,0.5171551451125594,0.0325
bon/bon_02.wav,bon,train,172,27520,1.73246875,0.0021585474229468306,-26.65838204324034,0.0023230085142691742,0.7033111477942733,0.03
bon/bon_02.wav,bon,train,173,27680,1.74246875,0.002778839435717442,-25.56136390206064,0.0026357349239431505,0.8077871766190068,0.0325
bon/bon_02.wav,bon,train,174,27840,1.75246875,0.0033012293174489197,-24.8132417512203,0.0028728162652042854,0.8913211460214177,0.0325
bon/bon_02.wav,bon,train,175,28000,1.76246875,0.004360722017543164,-23.604414977734507,0.0033017881585374175,1.0171454426586801,0.0275
bon/bon_02.wav,bon,train,176,28160,1.77246875,0.004925356793694778,-23.07562215484495,0.003509044312093671,1.084567849869782,0.0275
bon/bon_02.wav,bon,train,177,28320,1.78246875,0.004943797323574429,-23.05939254089393,0.003515607103892025,1.0821740246228542,0.03
bon/bon_02.wav,bon,train,178,28480,1.79246875,0.004965983314457881,-23.03994656540445,0.0035234866660943534,1.0848435384827282,0.0275
bon/bon_02.wav,bon,train,179,28640,1.80246875,0.004148581125906339,-23.82100308133834,0.003220474004671649,0.9990732825762731,0.03
bon/bon_02.wav,bon,train,180,28800,1.81246875,0.0036088750977386207,-24.42628028162749,0.0030036956810480238,0.9248874556827047,0.03
bon/bon_02.wav,bon,train,181,28960,1.82246875,0.0031557073314267747,-25.009031435822312,0.002808784137054134,0.8697158433338981,0.03
bon/bon_02.wav,bon,train,182,29120,1.83246875,0.002904214769301856,-25.36971120776328,0.002694538350674312,0.8240293642331942,0.03
bon/bon_02.wav,bon,train,183,29280,1.84246875,0.002447667693431841,-26.11247366898924,0.002473695460961111,0.7618585041055728,0.03
bon/bon_02.wav,bon,train,184,29440,1.85246875,0.0020371133026541232,-26.909846020164064,0.0022567195786440345,0.6874268144335958,0.03
bon/bon_02.wav,bon,train,185,29600,1.86246875,0.0013852232736814274,-28.584799067893872,0.0018609293872158526,0.568274881470529,0.0325
bon/bon_02.wav,bon,train,186,29760,1.87246875,0.0007511853739079473,-31.24252298524507,0.001370388059919477,0.4065428311536159,0.03
bon/bon_02.wav,bon,train,187,29920,1.88246875,0.00020113134650149791,-36.9651807968947,0.0007091039178101788,0.22031852949505493,0.03
bon/bon_02.wav,bon,train,188,30080,1.89246875,6.324502978793318e-05,-41.989667317380786,0.00039763371897995895,0.11401488998579257,0.0525
bon/bon_02.wav,bon,train,189,30240,1.90246875,9.557557802933431e-06,-50.19607629217254,0.0001545765005016402,0.04240304399718588,0.115
bon/bon_02.wav,bon,train,190,30400,1.91246875,2.743959248310681e-06,-55.614640987057555,8.282450193497514e-05,0.02254759229171855,0.1225
bon/bon_02.wav,bon,train,191,30560,1.92246875,2.376294696915367e-06,-56.239169784270054,7.707617493290919e-05,0.020926163325337352,0.12
bon/bon_02.wav,bon,train,192,30720,1.93246875,1.2530215116924421e-06,-59.01695013482023,5.5969221713644594e-05,0.015457084471877925,0.145
bon/bon_02.wav,bon,train,193,30880,1.94246875,1.3811853275825514e-06,-58.59433721541956,5.876192065407987e-05,0.015648661060529895,0.135
bon/bon_02.wav,bon,train,194,31040,1.95246875,1.372481408551293e-06,-58.621772148151194,5.857647583610875e-05,0.0162454372851165,0.135
bon/bon_02.wav,bon,train,195,31200,1.96246875,1.439892318436406e-06,-58.41368473909314,5.9997756592151135e-05,0.016544368307170192,0.1325
bon/bon_02.wav,bon,train,196,31360,1.97246875,1.1396069657166278e-06,-59.428639804950336,5.337618770848635e-05,0.014486794315297933,0.155
bon/bon_02.wav,bon,train,197,31520,1.98246875,1.1241473257574978e-06,-59.48790607708691,5.301290705473286e-05,0.01397258809486938,0.1725
bon/bon_02.wav,bon,train,198,31680,1.99246875,1.2339017650044627e-06,-59.08367588649934,5.5540565468053675e-05,0.01593728936603851,0.12
bon/bon_02.wav,bon,train,199,31840,2.00246875,2.231908525060152e-06,-56.51129068184872,7.469786685475282e-05,0.019185192496859047,0.12
bon/bon_02.wav,bon,train,200,32000,2.01246875,1.1428533426258227e-06,-59.41629654364042,5.345215951263856e-05,0.015780062797177075,0.1175
bon/bon_02.wav,bon,train,201,32160,2.02246875,4.624403050785575e-06,-53.348504174967545,0.00010752212622043863,0.029800524726153507,0.0925
bon/bon_02.wav,bon,train,202,32320,2.03246875,5.095264806506673e-06,-52.92748013754199,0.00011286346626019725,0.03331699847615963,0.045
bon/bon_02.wav,bon,train,203,32480,2.04246875,5.080719034907628e-06,-52.9398935049431,0.00011270225191747089,0.0343830462223768,0.0475
bon/bon_02.wav,bon,train,204,32640,2.05246875,1.7016504689630793e-05,-47.691041210418305,0.00020625533138340203,0.05908037913664162,0.055
bon/bon_02.wav,bon,train,205,32800,2.06246875,1.6872505215752084e-05,-47.7279468992237,0.00020538077572981414,0.056066908493814405,0.08
bon/bon_02.wav,bon,train,206,32960,2.07246875,7.1217362805834035e-06,-51.47353135117405,0.00013343290711611774,0.035250943460598774,0.0975
bon/bon_02.wav,bon,train,207,33120,2.08246875,5.045418847320857e-06,-52.9701670634894,0.00011231004905306623,0.03131598045817055,0.11
bon/bon_02.wav,bon,train,208,33280,2.09246875,3.2946656562671973e-06,-54.82056853711386,9.075606944258876e-05,0.026257856728429865,0.1125
bon/bon_02.wav,bon,train,209,33440,2.10246875,1.0586586835818154e-06,-59.74833998609947,5.144557035308811e-05,0.014929425299579191,0.1425
bon/bon_02.wav,bon,train,210,33600,2.11246875,1.7895102305007026e-06,-57.47023193201473,6.688628840242039e-05,0.018296262462480263,0.1425
bon/bon_02.wav,bon,train,211,33760,2.12246875,1.678309326136716e-06,-57.74869300132921,6.47747891956569e-05,0.01789955347946068,0.095
bon/bon_02.wav,bon,train,212,33920,2.13246875,1.3150853163668695e-06,-58.807159562947504,5.733858466091724e-05,0.015491793078410653,0.1225
bon/bon_02.wav,bon,train,213,34080,2.14246875,2.0816922091500526e-06,-56.81374907558053,7.214035294393236e-05,0.01921606386577497,0.1575
bon/bon_02.wav,bon,train,214,34240,2.15246875,2.635642140311463e-06,-55.78948811061531,8.117330442195056e-05,0.022604430883525407,0.095
bon/bon_02.wav,bon,train,215,34400,2.16246875,3.141086606097669e-06,-55.027818485665904,8.861555458972297e-05,0.02315158278724857,0.14
bon/bon_02.wav,bon,train,216,34560,2.17246875,7.365418521901888e-07,-61.32213330387715,4.29110082668244e-05,0.012595433526514134,0.1575
bon/bon_02.wav,bon,train,217,34720,2.18246875,1.6092672331831446e-06,-57.931020442997976,6.342844853027593e-05,0.01641854206654268,0.1975
bon/bon_02.wav,bon,train,218,34880,2.19246875,8.702760173259316e-07,-60.598442401566246,4.6644292719633224e-05,0.013810037094459786,0.1475
bon/bon_02.wav,bon,train,219,35040,2.20246875,2.055234045774472e-06,-56.869274543638184,7.168043745985497e-05,0.017087711963037024,0.2025
bon/bon_02.wav,bon,train,220,35200,2.21246875,1.045126884817389e-06,-59.80415636659924,5.1115723726104797e-05,0.013463757108645384,0.17
bon/bon_02.wav,bon,train,221,35360,2.22246875,1.173114349449332e-06,-59.30289604181706,5.415520172267231e-05,0.014895842057164606,0.1575
bon/bon_02.wav,bon,train,222,35520,2.23246875,1.9724268118645038e-06,-57.04778975573399,7.022155673054578e-05,0.01821495230027475,0.13
bon/bon_02.wav,bon,train,223,35680,2.24246875,1.5510081263656954e-06,-58.09106009091658,6.22697383639456e-05,0.01604839960084687,0.1425
bon/bon_02.wav,bon,train,224,35840,2.25246875,1.460267012080342e-06,-58.35270419741405,6.042075413465852e-05,0.015389077971177532,0.1725
bon/bon_02.wav,bon,train,225,36000,2.26246875,1.80072955608878e-06,-57.443103971043485,6.709563242284813e-05,0.01714777691059404,0.1925
bon/bon_02.wav,bon,train,226,36160,2.27246875,9.337315320337136e-07,-60.29313106665941,4.83148924254653e-05,0.013288586835969448,0.2
bon/bon_02.wav,bon,train,227,36320,2.28246875,1.3713058692581285e-06,-58.62549079207965,5.855138489519544e-05,0.014914039784067756,0.1975
bon/bon_02.wav,bon,train,228,36480,2.29246875,1.673286228891427e-06,-57.76170294848165,6.467778267866461e-05,0.015755352298292474,0.1775
bon/bon_02.wav,bon,train,229,36640,2.30246875,9.719362207504018e-07,-60.119156282660995,4.929341286496609e-05,0.013891392264828228,0.165
bon/bon_02.wav,bon,train,230,36800,2.31246875,1.966180905501329e-06,-57.061556997409,7.011028643325688e-05,0.01844171905482953,0.1475
bon/bon_02.wav,bon,train,231,36960,2.32246875,1.3023765629885051e-06,-58.849300926516655,5.706085705167127e-05,0.015968372822675728,0.16
bon/bon_02.wav,bon,train,232,37120,2.33246875,1.0128235679595993e-06,-59.94037617121462,5.0319567962165557e-05,0.013375223413465968,0.16
bon/bon_02.wav,bon,train,233,37280,2.34246875,1.7053057938376224e-06,-57.67943134554574,6.529367874912591e-05,0.015383916169527018,0.16
bon/bon_02.wav,bon,train,234,37440,2.35246875,1.0570248603360635e-06,-59.75504127593909,5.140585716472548e-05,0.013106937002517657,0.1775
bon/bon_02.wav,bon,train,235,37600,2.36246875,7.782812940756963e-07,-61.0830574847172,4.411012622050906e-05,0.01152069665277847,0.1775
bon/bon_02.wav,bon,train,236,37760,2.37246875,1.0910119515528278e-06,-59.61772608458168,5.22257587678922e-05,0.01378012357422629,0.1975
bon/bon_02.wav,bon,train,237,37920,2.38246875,1.2520735168253924e-06,-59.02023448546964,5.5948045471343156e-05,0.014750251969254339,0.1425
bon/bon_02.wav,bon,train,238,38080,2.39246875,8.927993054018448e-07,-60.48759987178751,4.724402886613939e-05,0.012377499769988374,0.1625
bon/bon_02.wav,bon,train,239,38240,2.40246875,7.600154417811225e-07,-61.18606530861105,4.358943225660098e-05,0.011088929722660828,0.18
bon/bon_02.wav,bon,train,240,38400,2.41246875,7.716171235734984e-07,-61.12035670782099,4.392086985629663e-05,0.011859270671948422,0.16
bon/bon_02.wav,bon,train,241,38560,2.42246875,1.4579017034333395e-06,-58.35973968623759,6.037180019332991e-05,0.015333937817159072,0.15
bon/bon_02.wav,bon,train,242,38720,2.43246875,1.3243668519207885e-06,-58.776638955284675,5.754056942542341e-05,0.01668309992633435,0.1125
bon/bon_02.wav,bon,train,243,38880,2.44246875,9.896187454047027e-06,-50.04488204061833,0.00015729103164235895,0.044605062527442056,0.0975
bon/bon_02.wav,bon,train,244,39040,2.45246875,0.00022475815486996275,-36.48282609590137,0.0007495968164119341,0.20980434173874088,0.035
bon/bon_02.wav,bon,train,245,39200,2.46246875,0.0014744164634571636,-28.313795338401455,0.0019199065494557043,0.5674397731647262,0.0125
bon/bon_02.wav,bon,train,246,39360,2.47246875,0.003611739914168692,-24.422834110668752,0.0030048876493842043,0.8934430772141105,0.01
bon/bon_02.wav,bon,train,247,39520,2.48246875,0.003665295471523108,-24.35890891216822,0.003027084187598318,0.9253688226456311,0.01
bon/bon_02.wav,bon,train,248,39680,2.49246875,0.0023114438737425144,-26.36116459705856,0.002403873891109158,0.7092210255563681,0.0075
bon/bon_02.wav,bon,train,249,39840,2.50246875,0.0005041593371006116,-32.97431323784312,0.0011226746379746578,0.298639637667882,0.0275
bon/bon_02.wav,bon,train,250,40000,2.51246875,3.693785792124604e-05,-44.325165362419696,0.00030388261681628826,0.08543319531538812,0.03
bon/bon_02.wav,bon,train,251,40160,2.52246875,4.2138517666205524e-05,-43.75310439684355,0.00032457093857200743,0.09367632884730885,0.0225
bon/bon_02.wav,bon,train,252,40320,2.53246875,6.247981633583814e-05,-42.04253304869651,0.0003952208760169374,0.11890482583023265,0.02
bon/bon_02.wav,bon,train,253,40480,2.54246875,4.8396629425842666e-05,-43.15175910101224,0.0003478384302583696,0.1026217474195141,0.0175
bon/bon_02.wav,bon,train,254,40640,2.55246875,1.899842395873738e-05,-47.2125956617002,0.00021793590777300433,0.06526813459891186,0.025
bon/bon_02.wav,bon,train,255,40800,2.56246875,8.640592078791264e-06,-50.63406238153377,0.0001469744202131043,0.04328638937455376,0.0375
bon/bon_02.wav,bon,train,256,40960,2.57246875,5.407239328095044e-06,-52.66944098025882,0.00011626735707083742,0.03346882765523676,0.06
bon/bon_02.wav,bon,train,257,41120,2.58246875,2.850244806874387e-06,-55.449654927184866,8.441334027975654e-05,0.023826120714591996,0.0675
bon/bon_02.wav,bon,train,258,41280,2.59246875,4.03156854341333e-06,-53.94418241974168,0.00010039383127729175,0.024761191981556015,0.1275
bon/bon_02.wav,bon,train,259,41440,2.60246875,1.699537218124097e-06,-57.6941385861568,6.518315001064495e-05,0.015879669976139023,0.1575
bon/bon_02.wav,bon,train,260,41600,2.61246875,5.750454091886417e-07,-62.39543280148418,3.791587428731671e-05,0.010470698247027312,0.195
bon/bon_02.wav,bon,train,261,41760,2.62246875,1.0306043960798314e-06,-59.864868158272905,5.0759343870853755e-05,0.013996255982789526,0.15
bon/bon_02.wav,bon,train,262,41920,2.63246875,1.5867850548952933e-06,-57.992082901905064,6.298382837870555e-05,0.016886776562231785,0.1475
bon/bon_02.wav,bon,train,263,42080,2.64246875,1.2480372098165969e-06,-59.034246234534805,5.585779287209164e-05,0.014086124729108057,0.145
bon/bon_02.wav,bon,train,264,42240,2.65246875,2.276112058529633e-06,-56.426155968755936,7.543394558369649e-05,0.01817657767374021,0.1575
bon/bon_02.wav,bon,train,265,42400,2.66246875,1.5406654681142953e-06,-58.120098552823734,6.206177301919224e-05,0.016327205801892536,0.1525
bon/bon_02.wav,bon,train,266,42560,2.67246875,8.917225263581294e-07,-60.4928350639383,4.721553045233447e-05,0.012896568489568775,0.1525
bon/bon_02.wav,bon,train,267,42720,2.68246875,9.291751962103767e-07,-60.31435245444354,4.819686701981719e-05,0.013198181045384456,0.1725
bon/bon_02.wav,bon,train,268,42880,2.69246875,1.4868905207720517e-06,-58.27429023073586,6.096906020212325e-05,0.014680723990593347,0.1775
bon/bon_02.wav,bon,train,269,43040,2.70246875,1.445437334964488e-06,-58.3970037685779,6.0113171080980415e-05,0.015555791549384308,0.1575
bon/bon_02.wav,bon,train,270,43200,2.71246875,1.3840838177902814e-06,-58.58523944648364,5.882354583392354e-05,0.016511279710240388,0.1275
bon/bon_02.wav,bon,train,271,43360,2.72246875,1.4934341700176859e-06,-58.25523210920947,6.110307214080331e-05,0.015954613564178703,0.125
bon/bon_02.wav,bon,train,272,43520,2.73246875,1.2265024641331136e-06,-59.10977627385573,5.5373785858768806e-05,0.01455674499779758,0.11
bon/bon_02.wav,bon,train,273,43680,2.74246875,8.124736145119447e-07,-60.896565290918474,4.5068659135588466e-05,0.012241430591808329,0.15
bon/bon_03.wav,bon,train,0,0,0.01246875,0.0,-90.0,0.0,0.0,0.0
bon/bon_03.wav,bon,train,1,160,0.02246875,0.0,-90.0,0.0,0.0,0.0
bon/bon_03.wav,bon,train,2,320,0.03246875,0.0,-90.0,0.0,0.0,0.0
bon/bon_03.wav,bon,train,3,480,0.04246875,0.0,-90.0,0.0,0.0,0.0
bon/bon_03.wav,bon,train,4,640,0.05246875,0.0,-90.0,0.0,0.0,0.0
bon/bon_03.wav,bon,train,5,800,0.06246875,0.0,-90.0,0.0,0.0,0.0
bon/bon_03.wav,bon,train,6,960,0.07246875,0.0,-90.0,0.0,0.0,0.0
bon/bon_03.wav,bon,train,7,1120,0.08246875,0.0,-90.0,0.0,0.0,0.0
bon/bon_03.wav,bon,train,8,1280,0.09246875,0.0,-90.0,0.0,0.0,0.0
bon/bon_03.wav,bon,train,9,1440,0.10246875,0.0,-90.0,0.0,0.0,0.0
bon/bon_03.wav,bon,train,10,1600,0.11246875,0.0,-90.0,0.0,0.0,0.0
bon/bon_03.wav,bon,train,11,1760,0.12246875,0.0,-90.0,0.0,0.0,0.0
bon/bon_03.wav,bon,train,12,1920,0.13246875,0.0,-90.0,0.0,0.0,0.0
bon/bon_03.wav,bon,train,13,2080,0.14246875,0.0,-90.0,0.0,0.0,0.0
bon/bon_03.wav,bon,train,14,2240,0.15246875,0.0,-90.0,0.0,0.0,0.0
bon/bon_03.wav,bon,train,15,2400,0.16246875,0.0,-90.0,0.0,0.0,0.0
bon/bon_03.wav,bon,train,16,2560,0.17246875,0.0,-90.0,0.0,0.0,0.0
bon/bon_03.wav,bon,train,17,2720,0.18246875,0.0,-90.0,0.0,0.0,0.0
bon/bon_03.wav,bon,train,18,2880,0.19246875,0.0,-90.0,0.0,0.0,0.0
bon/bon_03.wav,bon,train,19,3040,0.20246875,0.0,-90.0,0.0,0.0,0.0
bon/bon_03.wav,bon,train,20,3200,0.21246875,0.0,-90.0,0.0,0.0,0.0
bon/bon_03.wav,bon,train,21,3360,0.22246875,0.0,-90.0,0.0,0.0,0.0
bon/bon_03.wav,bon,train,22,3520,0.23246875,0.0,-90.0,0.0,0.0,0.0
bon/bon_03.wav,bon,train,23,3680,0.24246875,0.0,-90.0,0.0,0.0,0.0
bon/bon_03.wav,bon,train,24,3840,0.25246875,0.0,-90.0,0.0,0.0,0.0
bon/bon_03.wav,bon,train,25,4000,0.26246875,0.0,-90.0,0.0,0.0,0.0
bon/bon_03.wav,bon,train,26,4160,0.27246875,0.0,-90.0,0.0,0.0,0.0
bon/bon_03.wav,bon,train,27,4320,0.28246875,0.0,-90.0,0.0,0.0,0.0
bon/bon_03.wav,bon,train,28,4480,0.29246875,0.0,-90.0,0.0,0.0,0.0
bon/bon_03.wav,bon,train,29,4640,0.30246875,0.0,-90.0,0.0,0.0,0.0
bon/bon_03.wav,bon,train,30,4800,0.31246875,0.0,-90.0,0.0,0.0,0.0
bon/bon_03.wav,bon,train,31,4960,0.32246875,0.0,-90.0,0.0,0.0,0.0
bon/bon_03.wav,bon,train,32,5120,0.33246875,7.920755414230074e-09,-80.49598367783,4.449931295601673e-06,0.0007049741535002236,0.0575
bon/bon_03.wav,bon,train,33,5280,0.34246875,8.47229352865136e-08,-70.66902966457668,1.455360224192911e-05,0.0033373517400215667,0.13
bon/bon_03.wav,bon,train,34,5440,0.35246875,1.7079685774463635e-07,-67.64984783907833,2.0663788238403695e-05,0.005290513909550642,0.1725
bon/bon_03.wav,bon,train,35,5600,0.36246875,1.4796637263486798e-06,-58.29543562933014,6.0820714529440536e-05,0.01454118864969947,0.165
bon/bon_03.wav,bon,train,36,5760,0.37246875,1.2239216770651527e-06,-59.11891679712407,5.531549685813987e-05,0.014612529747356919,0.135
bon/bon_03.wav,bon,train,37,5920,0.38246875,1.5269342215297434e-06,-58.158953419917225,6.1784589938142e-05,0.015820772040924042,0.1475
bon/bon_03.wav,bon,train,38,6080,0.39246875,1.3581491594972472e-06,-58.66732879108667,5.826982837406609e-05,0.01468608262445464,0.1425
bon/bon_03.wav,bon,train,39,6240,0.40246875,1.282617482962748e-06,-58.915643764140675,5.662635170489858e-05,0.014638707484524033,0.165
bon/bon_03.wav,bon,train,40,6400,0.41246875,1.531638914232062e-06,-58.14560151752255,6.187970010900307e-05,0.015702555297990865,0.1575
bon/bon_03.wav,bon,train,41,6560,0.42246875,7.716395963184188e-07,-61.120230388498285,4.392150943212274e-05,0.012331342364751646,0.19
bon/bon_03.wav,bon,train,42,6720,0.43246875,8.993518147838298e-07,-60.45587755712231,4.741708064568689e-05,0.01306202484737372,0.1625
bon/bon_03.wav,bon,train,43,6880,0.44246875,1.5318597874123505e-06,-58.14497568784261,6.188416169369087e-05,0.01625171731597662,0.16
bon/bon_03.wav,bon,train,44,7040,0.45246875,1.5000507017252483e-06,-58.236046381314054,6.123827850546683e-05,0.01634839129816476,0.1125
bon/bon_03.wav,bon,train,45,7200,0.46246875,2.5515547051048785e-06,-55.93024941554238,7.986793325711011e-05,0.019785305611768784,0.14
bon/bon_03.wav,bon,train,46,7360,0.47246875,1.3103505859940245e-06,-58.822811853442396,5.723527290915158e-05,0.016154139220593805,0.1175
bon/bon_03.wav,bon,train,47,7520,0.48246875,1.498534695110994e-06,-58.240434814076636,6.120732585056699e-05,0.016112922770845927,0.165
bon/bon_03.wav,bon,train,48,7680,0.49246875,8.283646909771984e-07,-60.812544580486616,4.550727114915809e-05,0.012159646948859522,0.16
bon/bon_03.wav,bon,train,49,7840,0.50246875,1.2903801826899779e-06,-58.8894588249145,5.679745114637579e-05,0.014113153795890869,0.17
bon/bon_03.wav,bon,train,50,8000,0.51246875,1.4129649783375721e-06,-58.495613471891176,5.943410170805924e-05,0.015137873697004044,0.16
bon/bon_03.wav,bon,train,51,8160,0.52246875,1.4423869471184365e-06,-58.40617226445802,6.004970747469209e-05,0.0160730371110717,0.1175
bon/bon_03.wav,bon,train,52,8320,0.53246875,2.3054647651870403e-06,-56.370531755242695,7.591878498084384e-05,0.021821840229549125,0.0925
bon/bon_03.wav,bon,train,53,8480,0.54246875,4.077954062521645e-06,-53.89451185711516,0.00010096972395873979,0.026619046926783508,0.0925
bon/bon_03.wav,bon,train,54,8640,0.55246875,2.065402911005975e-06,-56.84784995030179,7.185754850755025e-05,0.019915701426214894,0.115
bon/bon_03.wav,bon,train,55,8800,0.56246875,1.1508781845412995e-06,-59.38593446762471,5.3639495349539306e-05,0.014063077306458914,0.145
bon/bon_03.wav,bon,train,56,8960,0.57246875,9.500021413772121e-07,-60.218185051580015,4.873402664918045e-05,0.012717682274274986,0.1825
bon/bon_03.wav,bon,train,57,9120,0.58246875,7.216248346833085e-07,-61.41087116971452,4.247425204412988e-05,0.011097898055474153,0.2
bon/bon_03.wav,bon,train,58,9280,0.59246875,7.546457393462657e-07,-61.2168176204655,4.343517409157772e-05,0.011660640570363928,0.1825
bon/bon_03.wav,bon,train,59,9440,0.60246875,7.485587217934623e-07,-61.25194338063355,4.3259644063302874e-05,0.011590151047747091,0.175
bon/bon_03.wav,bon,train,60,9600,0.61246875,6.276468294118218e-07,-62.01593270474624,3.961208241849391e-05,0.01036129952753707,0.195
bon/bon_03.wav,bon,train,61,9760,0.62246875,1.189934506377116e-06,-59.241121212217635,5.4542059604884654e-05,0.013291877357740374,0.1625
bon/bon_03.wav,bon,train,62,9920,0.63246875,7.345964692484831e-07,-61.3336036397662,4.285430168747599e-05,0.011738978388527315,0.19
bon/bon_03.wav,bon,train,63,10080,0.64246875,9.45622010624571e-07,-60.23823401641043,4.862154899385073e-05,0.011780467636401776,0.2275
bon/bon_03.wav,bon,train,64,10240,0.65246875,1.1930446501669346e-06,-59.229794328728545,5.46132916552128e-05,0.014187605204188302,0.1825
bon/bon_03.wav,bon,train,65,10400,0.66246875,1.9754768341120133e-06,-57.04108271569572,7.02758285990285e-05,0.01801855792762041,0.1775
bon/bon_03.wav,bon,train,66,10560,0.67246875,1.3220439205288733e-06,-58.78425738483153,5.749008437393515e-05,0.016131716886978044,0.1575
bon/bon_03.wav,bon,train,67,10720,0.68246875,2.778864516580831e-06,-55.559763699578795,8.334963282133928e-05,0.02128086623702777,0.135
bon/bon_03.wav,bon,train,68,10880,0.69246875,4.866622239011326e-06,-53.126831333751625,0.0001103021105760371,0.030186781873063527,0.0975
bon/bon_03.wav,bon,train,69,11040,0.70246875,5.030251569965378e-06,-52.983239667696076,0.00011214111166255417,0.031212861131573656,0.045
bon/bon_03.wav,bon,train,70,11200,0.71246875,1.3641486020762046e-05,-48.65106482559221,0.00018467191191923345,0.05244585420575748,0.045
bon/bon_03.wav,bon,train,71,11360,0.72246875,0.00018555952475908156,-37.31514407980982,0.0006811011759626494,0.19796695391129127,0.035
bon/bon_03.wav,bon,train,72,11520,0.73246875,0.001615581214672084,-27.9167093645791,0.0020097146654886634,0.6054386422829768,0.0275
bon/bon_03.wav,bon,train,73,11680,0.74246875,0.008242604370273621,-20.83935492296925,0.004539439494660552,1.3731624612810007,0.0275
bon/bon_03.wav,bon,train,74,11840,0.75246875,0.02436244635331725,-16.13279086373594,0.007804237046841487,2.3170684951672413,0.0275
bon/bon_03.wav,bon,train,75,12000,0.76246875,0.024742192198434904,-16.06561806252523,0.007864825522291468,2.2519345369815196,0.035
bon/bon_03.wav,bon,train,76,12160,0.77246875,0.005840102152262343,-22.335794819864535,0.0038210280528485864,1.1240255995669421,0.04
bon/bon_03.wav,bon,train,77,12320,0.78246875,0.0038211954111770667,-24.178006388103846,0.0030907909227158455,0.858694039767506,0.0425
bon/bon_03.wav,bon,train,78,12480,0.79246875,0.0056528419349432,-22.477330813071035,0.0037592691892651153,1.0738727284784235,0.05
bon/bon_03.wav,bon,train,79,12640,0.80246875,0.009539158319607858,-20.204898977217987,0.004883430740680126,1.3743800364538408,0.0625
bon/bon_03.wav,bon,train,80,12800,0.81246875,0.012992964708836395,-18.862917077432748,0.005699334327102682,1.5659154527030024,0.0725
bon/bon_03.wav,bon,train,81,12960,0.82246875,0.017537806376618115,-17.560247042287706,0.006621519156624504,1.7932551024088828,0.0775
bon/bon_03.wav,bon,train,82,13120,0.83246875,0.02112984414339445,-16.751036857974604,0.007268054097107845,1.968042516711559,0.065
bon/bon_03.wav,bon,train,83,13280,0.84246875,0.021108113299762463,-16.755505627978454,0.007264315745437154,2.067267002512361,0.0575
bon/bon_03.wav,bon,train,84,13440,0.85246875,0.02098086574921612,-16.781765744538845,0.007242386648960431,2.138799284046768,0.0525
bon/bon_03.wav,bon,train,85,13600,0.86246875,0.01688420018883674,-17.725194815187525,0.006496960864288152,1.9773100723210169,0.055
bon/bon_03.wav,bon,train,86,13760,0.87246875,0.013011774928830946,-18.8566342415672,0.00570345836506916,1.6410057614125888,0.0625
bon/bon_03.wav,bon,train,87,13920,0.88246875,0.006746075624465112,-21.709487302394077,0.0041067248582249555,1.1839822362940204,0.0725
bon/bon_03.wav,bon,train,88,14080,0.89246875,0.011663140495415973,-19.331844555491976,0.0053998010369401515,1.5323116916633759,0.0725
bon/bon_03.wav,bon,train,89,14240,0.90246875,0.020024223762432337,-16.984442886227523,0.0070753487126841205,1.9642733818444917,0.0625
bon/bon_03.wav,bon,train,90,14400,0.91246875,0.008875404737694615,-20.518117841191653,0.004710468325361772,1.3750621973821495,0.055
bon/bon_03.wav,bon,train,91,14560,0.92246875,0.0045927853368335,-23.37923758129342,0.0033885045878799913,0.9512386966527044,0.045
bon/bon_03.wav,bon,train,92,14720,0.93246875,0.0022055254331291773,-26.564877328557174,0.002348151098805812,0.6946726897166544,0.0375
bon/bon_03.wav,bon,train,93,14880,0.94246875,0.0017866916763902767,-27.479501427523296,0.0021134637898425636,0.6508284281579113,0.04
bon/bon_03.wav,bon,train,94,15040,0.95246875,0.0019994893624478978,-26.990806848266757,0.0022357825042073625,0.6447077400102366,0.0425
bon/bon_03.wav,bon,train,95,15200,0.96246875,0.0007513113025768121,-31.241794996236024,0.0013705029209899664,0.427225687329072,0.0425
bon/bon_03.wav,bon,train,96,15360,0.97246875,0.0010345600115848903,-29.85243892418908,0.0016082288484423558,0.4630014874024609,0.045
bon/bon_03.wav,bon,train,97,15520,0.98246875,0.0009860879033735232,-30.060839283610314,0.0015701018305937383,0.43673920916121967,0.0475
bon/bon_03.wav,bon,train,98,15680,0.99246875,0.00016702833467960814,-37.77207248788409,0.0006461972119245179,0.19053393433487092,0.0475
bon/bon_03.wav,bon,train,99,15840,1.00246875,0.00010140363630590587,-39.939421882369956,0.0005034968627159107,0.1414636381413179,0.0425
bon/bon_03.wav,bon,train,100,16000,1.01246875,4.603269065655901e-05,-43.369242050424894,0.00033923697711393065,0.09635414885095987,0.04
bon/bon_03.wav,bon,train,101,16160,1.02246875,2.6782643762040693e-05,-45.72130340016316,0.0002587597522898446,0.07469203578580819,0.04
bon/bon_03.wav,bon,train,102,16320,1.03246875,9.4517539141827e-06,-50.24441648051926,0.00015371852453577854,0.046067571972854306,0.05
bon/bon_03.wav,bon,train,103,16480,1.04246875,6.65208200976445e-06,-51.76977123154184,0.00012895815222160685,0.03403354140759978,0.0675
bon/bon_03.wav,bon,train,104,16640,1.05246875,2.8342408173885946e-06,-55.47410047451399,8.417601822058041e-05,0.023677392089693772,0.09
bon/bon_03.wav,bon,train,105,16800,1.06246875,2.0310736934534406e-06,-56.920605463488236,7.125787138017526e-05,0.019670796187052718,0.13
bon/bon_03.wav,bon,train,106,16960,1.07246875,1.8223350762142833e-06,-57.39133513254668,6.749694578672214e-05,0.018297494223701,0.13
bon/bon_03.wav,bon,train,107,17120,1.08246875,2.0055018366277226e-06,-56.97560438403643,7.080787097187224e-05,0.01852494637776903,0.115
bon/bon_03.wav,bon,train,108,17280,1.09246875,1.8370170486444046e-06,-57.356504646050496,6.776830100873868e-05,0.018869832999838628,0.1025
bon/bon_03.wav,bon,train,109,17440,1.10246875,2.8778343363243567e-06,-55.407833260528825,8.482090450361215e-05,0.023289973047237674,0.0925
bon/bon_03.wav,bon,train,110,17600,1.11246875,1.0645243472164705e-06,-59.724366222135465,5.158789458818005e-05,0.014866806320049598,0.115
bon/bon_03.wav,bon,train,111,17760,1.12246875,1.2632564894921404e-06,-58.9816480843428,5.619734178526909e-05,0.015072688683189582,0.145
bon/bon_03.wav,bon,train,112,17920,1.13246875,2.8245083093546863e-06,-55.489034111756446,8.40313677943345e-05,0.023447456308100623,0.0725
bon/bon_03.wav,bon,train,113,18080,1.14246875,6.1648154806612855e-06,-52.100094761923316,0.00012414523229529683,0.03601711846530087,0.07
bon/bon_03.wav,bon,train,114,18240,1.15246875,8.233418475204983e-06,-50.843670658235716,0.00014346966992368965,0.037854201224630166,0.0875
bon/bon_03.wav,bon,train,115,18400,1.16246875,2.012148758292756e-06,-56.96124132454273,7.092511470369216e-05,0.02011582242507816,0.135
bon/bon_03.wav,bon,train,116,18560,1.17246875,1.7322175290796567e-06,-57.611469273320594,6.580686759525287e-05,0.016861098218388153,0.165
bon/bon_03.wav,bon,train,117,18720,1.18246875,2.1340867651400156e-06,-56.70584471526137,7.30425691829774e-05,0.01809856646868781,0.1825
bon/bon_03.wav,bon,train,118,18880,1.19246875,8.902628162800105e-07,-60.49994211979161,4.7176869763688504e-05,0.012469060225821785,0.2
bon/bon_03.wav,bon,train,119,19040,1.20246875,1.191720822907162e-06,-59.23461198626009,5.4582983220669656e-05,0.014500433261690971,0.1625
bon/bon_03.wav,bon,train,120,19200,1.21246875,2.6632293630534457e-06,-55.74428389554068,8.159701837465394e-05,0.022071678493251118,0.11
bon/bon_03.wav,bon,train,121,19360,1.22246875,2.7398367660043243e-06,-55.62116828646769,8.27622614179362e-05,0.02364171747584258,0.0925
bon/bon_03.wav,bon,train,122,19520,1.23246875,2.714301536018316e-06,-55.66181934709669,8.237568719012782e-05,0.022749173258146217,0.09
bon/bon_03.wav,bon,train,123,19680,1.24246875,1.9807600298019893e-06,-57.0294893513954,7.036973834330332e-05,0.01925536678453249,0.105
bon/bon_03.wav,bon,train,124,19840,1.25246875,2.311984252463224e-06,-56.358273240350904,7.602605231864969e-05,0.02141269513101384,0.0925
bon/bon_03.wav,bon,train,125,20000,1.26246875,5.525885036610639e-06,-52.57519568978002,0.00011753600551119047,0.03281838225404403,0.075
bon/bon_03.wav,bon,train,126,20160,1.27246875,4.1979097205856265e-06,-53.76863462888373,0.00010244400568829816,0.028800461258263074,0.07
bon/bon_03.wav,bon,train,127,20320,1.28246875,1.3533898690377493e-06,-58.68256303450109,5.8167642831684124e-05,0.016233260544940432,0.1225
bon/bon_03.wav,bon,train,128,20480,1.29246875,1.7346535666623387e-06,-57.60536954908996,6.585312381850877e-05,0.016622389432216052,0.1325
bon/bon_03.wav,bon,train,129,20640,1.30246875,2.1228883182447703e-06,-56.728683237700544,7.285067464074664e-05,0.020201272754709402,0.125
bon/bon_03.wav,bon,train,130,20800,1.31246875,1.3258730922710193e-06,-58.771706129019954,5.7573281395778965e-05,0.015273989825820584,0.185
bon/bon_03.wav,bon,train,131,20960,1.32246875,7.355357803991011e-07,-61.328061505831414,4.288169132622631e-05,0.011474266052204442,0.2125
bon/bon_03.wav,bon,train,132,21120,1.33246875,1.3263352493746683e-06,-58.770193721129694,5.758331462703993e-05,0.014468792470469354,0.195
bon/bon_03.wav,bon,train,133,21280,1.34246875,2.182311514662519e-06,-56.608842947778115,7.38632438135254e-05,0.01959960509553591,0.14
bon/bon_03.wav,bon,train,134,21440,1.35246875,5.1323338999249915e-06,-52.8960048594795,0.00011327327464946212,0.026838681873231556,0.1225
bon/bon_03.wav,bon,train,135,21600,1.36246875,1.975655315330022e-06,-57.04069055370756,7.027900318249438e-05,0.017722160428380956,0.19
bon/bon_03.wav,bon,train,136,21760,1.37246875,1.358327065519123e-06,-58.666760357910775,5.8273644675769225e-05,0.014438366674904973,0.1825
bon/bon_03.wav,bon,train,137,21920,1.38246875,1.6012880399351216e-06,-57.95259409032205,6.327100520647514e-05,0.01706007139000167,0.1675
bon/bon_03.wav,bon,train,138,22080,1.39246875,2.5573030024229353e-05,-45.9220082929179,0.00025284891745976166,0.0686755621376765,0.0975
bon/bon_03.wav,bon,train,139,22240,1.40246875,0.001097154281680421,-29.59731901865185,0.0016561659651740984,0.4461043392266909,0.03
bon/bon_03.wav,bon,train,140,22400,1.41246875,0.005544917225192023,-22.56104854313692,0.003723210048194979,1.140760534681945,0.0125
bon/bon_03.wav,bon,train,141,22560,1.42246875,0.013774216153920646,-18.609330745374233,0.005868180329949108,1.7410562458990584,0.01
bon/bon_03.wav,bon,train,142,22720,1.43246875,0.012684958327981074,-18.967109209264212,0.0056313760147900516,1.7124986568984149,0.01
bon/bon_03.wav,bon,train,143,22880,1.44246875,0.0060171386331301984,-22.2060991019784,0.003878510871819943,1.1754687283537901,0.0075
bon/bon_03.wav,bon,train,144,23040,1.45246875,0.0022409739234368893,-26.495630032034114,0.0023669463045435197,0.6876417473788159,0.01
bon/bon_03.wav,bon,train,145,23200,1.46246875,0.0004618282794897499,-33.35518536733405,0.0010745095154182558,0.3100942523287091,0.02
bon/bon_03.wav,bon,train,146,23360,1.47246875,0.00011334523045846105,-39.455929185750605,0.0005323185851970159,0.16340889194788724,0.0275
bon/bon_03.wav,bon,train,147,23520,1.48246875,0.0003284561917299978,-34.83521224603165,0.0009061680193678182,0.2664688910657337,0.0125
bon/bon_03.wav,bon,train,148,23680,1.49246875,0.00036554872647657946,-34.370535367213144,0.0009559664304730834,0.27319270536891893,0.015
bon/bon_03.wav,bon,train,149,23840,1.50246875,0.00014905493530399563,-38.266507259818866,0.000610440282304493,0.1909484481320856,0.0125
bon/bon_03.wav,bon,train,150,24000,1.51246875,8.370730753959912e-05,-40.77231438786092,0.0004574584886620838,0.13223849889613515,0.04
bon/bon_03.wav,bon,train,151,24160,1.52246875,1.5675462781672706e-05,-48.0475192428553,0.00019796125114320166,0.05697047128742568,0.0875
bon/bon_03.wav,bon,train,152,24320,1.53246875,1.1007394883949082e-05,-49.58276000180134,0.0001658869711878323,0.045009691207554825,0.1075
bon/bon_03.wav,bon,train,153,24480,1.54246875,1.445281933042491e-05,-48.40017378169964,0.0001900843189904477,0.05454469346686141,0.125
bon/bon_03.wav,bon,train,154,24640,1.55246875,2.6427187702465898e-05,-45.77932617337623,0.0002570369025182274,0.06889916154789133,0.16
bon/bon_03.wav,bon,train,155,24800,1.56246875,2.0856813566459327e-05,-46.807312187181616,0.0002283463026110743,0.061308989521064367,0.1525
bon/bon_03.wav,bon,train,156,24960,1.57246875,6.633324508989913e-06,-51.782032893711296,0.0001287762061581051,0.0361491375571519,0.0975
bon/bon_03.wav,bon,train,157,25120,1.58246875,3.584222925591825e-06,-54.45483835158133,9.466022033557477e-05,0.024951609663975124,0.115
bon/bon_03.wav,bon,train,158,25280,1.59246875,1.593840930237609e-06,-57.97282627067685,6.312370652610651e-05,0.015691533528846856,0.145
bon/bon_03.wav,bon,train,159,25440,1.60246875,8.602807056487803e-07,-60.64855281710017,4.637565917722303e-05,0.012107300193107238,0.1975
bon/bon_03.wav,bon,train,160,25600,1.61246875,5.501641003973919e-07,-62.58719077579127,3.7086523846182724e-05,0.009805141951211085,0.1975
bon/bon_03.wav,bon,train,161,25760,1.62246875,9.48939675052844e-07,-60.223039732622226,4.870676736996729e-05,0.013094663691180376,0.1625
bon/bon_03.wav,bon,train,162,25920,1.63246875,1.7594794996662119e-06,-57.543690278125865,6.632268653459033e-05,0.01800900454352236,0.0925
bon/bon_03.wav,bon,train,163,26080,1.64246875,1.7216858764312045e-06,-57.63793906864085,6.560651409027927e-05,0.01761191787281146,0.1075
bon/bon_04.wav,bon,test,0,0,0.01246875,0.0,-90.0,0.0,0.0,0.0
bon/bon_04.wav,bon,test,1,160,0.02246875,0.0,-90.0,0.0,0.0,0.0
bon/bon_04.wav,bon,test,2,320,0.03246875,0.0,-90.0,0.0,0.0,0.0
bon/bon_04.wav,bon,test,3,480,0.04246875,0.0,-90.0,0.0,0.0,0.0
bon/bon_04.wav,bon,test,4,640,0.05246875,0.0,-90.0,0.0,0.0,0.0
bon/bon_04.wav,bon,test,5,800,0.06246875,0.0,-90.0,0.0,0.0,0.0
bon/bon_04.wav,bon,test,6,960,0.07246875,0.0,-90.0,0.0,0.0,0.0
bon/bon_04.wav,bon,test,7,1120,0.08246875,0.0,-90.0,0.0,0.0,0.0
bon/bon_04.wav,bon,test,8,1280,0.09246875,0.0,-90.0,0.0,0.0,0.0
bon/bon_04.wav,bon,test,9,1440,0.10246875,0.0,-90.0,0.0,0.0,0.0
bon/bon_04.wav,bon,test,10,1600,0.11246875,0.0,-90.0,0.0,0.0,0.0
bon/bon_04.wav,bon,test,11,1760,0.12246875,0.0,-90.0,0.0,0.0,0.0
bon/bon_04.wav,bon,test,12,1920,0.13246875,0.0,-90.0,0.0,0.0,0.0
bon/bon_04.wav,bon,test,13,2080,0.14246875,0.0,-90.0,0.0,0.0,0.0
bon/bon_04.wav,bon,test,14,2240,0.15246875,0.0,-90.0,0.0,0.0,0.0
bon/bon_04.wav,bon,test,15,2400,0.16246875,0.0,-90.0,0.0,0.0,0.0
bon/bon_04.wav,bon,test,16,2560,0.17246875,0.0,-90.0,0.0,0.0,0.0
bon/bon_04.wav,bon,test,17,2720,0.18246875,0.0,-90.0,0.0,0.0,0.0
bon/bon_04.wav,bon,test,18,2880,0.19246875,0.0,-90.0,0.0,0.0,0.0
bon/bon_04.wav,bon,test,19,3040,0.20246875,0.0,-90.0,0.0,0.0,0.0
bon/bon_04.wav,bon,test,20,3200,0.21246875,0.0,-90.0,0.0,0.0,0.0
bon/bon_04.wav,bon,test,21,3360,0.22246875,0.0,-90.0,0.0,0.0,0.0
bon/bon_04.wav,bon,test,22,3520,0.23246875,0.0,-90.0,0.0,0.0,0.0
bon/bon_04.wav,bon,test,23,3680,0.24246875,0.0,-90.0,0.0,0.0,0.0
bon/bon_04.wav,bon,test,24,3840,0.25246875,0.0,-90.0,0.0,0.0,0.0
bon/bon_04.wav,bon,test,25,4000,0.26246875,0.0,-90.0,0.0,0.0,0.0
bon/bon_04.wav,bon,test,26,4160,0.27246875,0.0,-90.0,0.0,0.0,0.0
bon/bon_04.wav,bon,test,27,4320,0.28246875,0.0,-90.0,0.0,0.0,0.0
bon/bon_04.wav,bon,test,28,4480,0.29246875,0.0,-90.0,0.0,0.0,0.0
bon/bon_04.wav,bon,test,29,4640,0.30246875,0.0,-90.0,0.0,0.0,0.0
bon/bon_04.wav,bon,test,30,4800,0.31246875,0.0,-90.0,0.0,0.0,0.0
bon/bon_04.wav,bon,test,31,4960,0.32246875,0.0,-90.0,0.0,0.0,0.0
bon/bon_04.wav,bon,test,32,5120,0.33246875,1.070129038101286e-08,-79.31766243001492,5.1723520715949095e-06,0.0008801667750463012,0.0425
bon/bon_04.wav,bon,test,33,5280,0.34246875,9.497782168266295e-08,-70.17829111060556,1.5409236003340898e-05,0.0037043844037829956,0.1725
bon/bon_04.wav,bon,test,34,5440,0.35246875,1.6966909312316421e-06,-57.701413712640615,6.512854464886426e-05,0.01440310513032405,0.1775
bon/bon_04.wav,bon,test,35,5600,0.36246875,1.761039558989952e-05,-47.54206227622895,0.00020982370927697565,0.057218290005180805,0.08
bon/bon_04.wav,bon,test,36,5760,0.37246875,2.3298529619120613e-05,-46.326528466084184,0.00024134275221725953,0.06896135126588462,0.0175
bon/bon_04.wav,bon,test,37,5920,0.38246875,1.2875493690417023e-05,-48.9020238062625,0.00017941219085124222,0.05079166905713792,0.04
bon/bon_04.wav,bon,test,38,6080,0.39246875,3.747742354748356e-06,-54.26114406939382,9.679543319222705e-05,0.02830263931224812,0.0625
bon/bon_04.wav,bon,test,39,6240,0.40246875,2.559507348001659e-06,-55.91673973513633,7.999230194215034e-05,0.021002736290704257,0.0975
bon/bon_04.wav,bon,test,40,6400,0.41246875,1.9657852431768993e-06,-57.06243058888529,7.01032317938499e-05,0.019764668582088064,0.1075
bon/bon_04.wav,bon,test,41,6560,0.42246875,4.46178407429362e-06,-53.503941253959354,0.00010561467788964776,0.027681025570489362,0.0975
bon/bon_04.wav,bon,test,42,6720,0.43246875,1.8956342104740674e-05,-47.222225525549256,0.00021769440797101723,0.05361284563305765,0.065
bon/bon_04.wav,bon,test,43,6880,0.44246875,1.00327993664418e-05,-49.98534587274618,0.00015837297249248213,0.0484580384874912,0.035
bon/bon_04.wav,bon,test,44,7040,0.45246875,5.841249571138848e-06,-52.33419894631667,0.00012084338594994398,0.03508722794948258,0.0575
bon/bon_04.wav,bon,test,45,7200,0.46246875,2.457666305739619e-06,-56.09300410427602,7.838472915274407e-05,0.021831160631138668,0.1
bon/bon_04.wav,bon,test,46,7360,0.47246875,9.267891537257722e-07,-60.32550708886218,4.813494452385326e-05,0.012589572431260371,0.11
bon/bon_04.wav,bon,test,47,7520,0.48246875,8.586698387009166e-07,-60.65668310106623,4.633221985565004e-05,0.012241118316270115,0.1175
bon/bon_04.wav,bon,test,48,7680,0.49246875,1.0802883148123916e-06,-59.660584902861764,5.196845954067697e-05,0.01406179293515514,0.115
bon/bon_04.wav,bon,test,49,7840,0.50246875,2.2708322370700537e-06,-56.43623742153267,7.534640397971979e-05,0.0191101956658108,0.1125
bon/bon_04.wav,bon,test,50,8000,0.51246875,1.7986997772522368e-06,-57.44799937095247,6.705780672770764e-05,0.018131526691010445,0.1425
bon/bon_04.wav,bon,test,51,8160,0.52246875,1.623979762919788e-06,-57.89152043243256,6.371773228308954e-05,0.016304193078424515,0.1775
bon/bon_04.wav,bon,test,52,8320,0.53246875,8.549362866924473e-07,-60.675585616870016,4.623138237962519e-05,0.012237405704310795,0.17
bon/bon_04.wav,bon,test,53,8480,0.54246875,6.567611391951939e-07,-61.81931788396129,4.0520400392740256e-05,0.010842356841121066,0.1925
bon/bon_04.wav,bon,test,54,8640,0.55246875,1.4918872824482207e-06,-58.25972981597641,6.10714188972268e-05,0.015997834805003282,0.145
bon/bon_04.wav,bon,test,55,8800,0.56246875,1.974598669973502e-06,-57.04301274889191,7.02602069092723e-05,0.018955011868287165,0.14
bon/bon_04.wav,bon,test,56,8960,0.57246875,1.7518420708815106e-06,-57.562572115927075,6.617858548808502e-05,0.01750347040366322,0.14
bon/bon_04.wav,bon,test,57,9120,0.58246875,1.3486532563210108e-06,-58.69777793141211,5.806576565242662e-05,0.015586445929274165,0.1525
bon/bon_04.wav,bon,test,58,9280,0.59246875,1.2735511467639996e-06,-58.946427319391816,5.642586168513511e-05,0.015493539695864408,0.1875
bon/bon_04.wav,bon,test,59,9440,0.60246875,1.2152337522723078e-06,-59.14982948446603,5.511882056685148e-05,0.015543902170578442,0.1575
bon/bon_04.wav,bon,test,60,9600,0.61246875,2.5069198434292557e-06,-56.00686348269021,7.916627822863179e-05,0.021134560999610568,0.1525
bon/bon_04.wav,bon,test,61,9760,0.62246875,2.231673925096564e-06,-56.51174699620803,7.46939409372769e-05,0.020781868668979242,0.1375
bon/bon_04.wav,bon,test,62,9920,0.63246875,1.3712368935111776e-06,-58.625709085536016,5.85499123293788e-05,0.015075575536593626,0.1575
bon/bon_04.wav,bon,test,63,10080,0.64246875,1.2686183700129346e-06,-58.96326802433475,5.631648004831567e-05,0.013984257020121833,0.1725
bon/bon_04.wav,bon,test,64,10240,0.65246875,6.899664353925103e-07,-61.60543048541663,4.15321091263287e-05,0.011528574137093166,0.1725
bon/bon_04.wav,bon,test,65,10400,0.66246875,1.0436408522910596e-06,-59.81032994411659,5.107937089205043e-05,0.013761670635314804,0.1725
bon/bon_04.wav,bon,test,66,10560,0.67246875,1.6457705905844697e-06,-57.83366897601762,6.414379530758353e-05,0.017817232905361552,0.135
bon/bon_04.wav,bon,test,67,10720,0.68246875,1.6284476045479975e-06,-57.87959599863781,6.380532118381659e-05,0.017204271898751438,0.1925
bon/bon_04.wav,bon,test,68,10880,0.69246875,1.1023016070613964e-06,-59.57305749230595,5.249527614608281e-05,0.015125848949591387,0.165
bon/bon_04.wav,bon,test,69,11040,0.70246875,2.987969990807511e-06,-55.24478445245808,8.64287277299555e-05,0.02108725042257989,0.1275
bon/bon_04.wav,bon,test,70,11200,0.71246875,1.7555374569263717e-06,-57.55342584748707,6.624834822330236e-05,0.018523019735437206,0.1325
bon/bon_04.wav,bon,test,71,11360,0.72246875,1.1883189529380156e-06,-59.24701660162515,5.450502162503047e-05,0.014441525870553133,0.16
bon/bon_04.wav,bon,test,72,11520,0.73246875,1.6522311780059818e-06,-57.81666413027231,6.426957246640867e-05,0.016811929813124862,0.1625
bon/bon_04.wav,bon,test,73,11680,0.74246875,2.455185440700125e-06,-56.097388472896235,7.834515684935675e-05,0.021922536230045322,0.1075
bon/bon_04.wav,bon,test,74,11840,0.75246875,2.653044386496346e-06,-55.7609181822771,8.144084335418479e-05,0.021897839904632947,0.0925
bon/bon_04.wav,bon,test,75,12000,0.76246875,4.20442740711012e-06,-53.76189859291369,0.00010252350227033458,0.02309704066539703,0.1175
bon/bon_04.wav,bon,test,76,12160,0.77246875,1.3286602162553383e-06,-58.762593252422434,5.76337621593311e-05,0.016659250235603433,0.1075
bon/bon_04.wav,bon,test,77,12320,0.78246875,2.3885308366402567e-06,-56.21687360583116,7.727436244706676e-05,0.02073854196378381,0.1125
bon/bon_04.wav,bon,test,78,12480,0.79246875,1.4250029029957072e-06,-58.45879590365126,5.968674272809053e-05,0.016895740191547645,0.135
bon/bon_04.wav,bon,test,79,12640,0.80246875,1.4402062692339547e-06,-58.41273857368377,6.0004297121830256e-05,0.015986576923752653,0.145
bon/bon_04.wav,bon,test,80,12800,0.81246875,1.7909704750275574e-06,-57.46669150163985,6.691357252134198e-05,0.01801426734569753,0.115
bon/bon_04.wav,bon,test,81,12960,0.82246875,1.4983562413252906e-06,-58.24095168178633,6.120368128889982e-05,0.016402758259270563,0.14
bon/bon_04.wav,bon,test,82,13120,0.83246875,1.4754954396808448e-06,-58.307678900632794,6.073498661564117e-05,0.016126667685957,0.1275
bon/bon_04.wav,bon,test,83,13280,0.84246875,2.1641454414383088e-06,-56.64512925041541,7.355517387373762e-05,0.017562945780370823,0.1425
bon/bon_04.wav,bon,test,84,13440,0.85246875,1.0192251357523848e-06,-59.913039807616215,5.0478340299389416e-05,0.014190285410508768,0.15
bon/bon_04.wav,bon,test,85,13600,0.86246875,1.4933047314978803e-06,-58.255608284156736,6.110042412900832e-05,0.016925694514673108,0.1775
bon/bon_04.wav,bon,test,86,13760,0.87246875,2.2062467592005825e-06,-56.56149112162936,7.426719934130717e-05,0.01788355700548856,0.1725
bon/bon_04.wav,bon,test,87,13920,0.88246875,3.492370749365645e-06,-54.567553205005765,9.343942890136965e-05,0.02398072198005015,0.14
bon/bon_04.wav,bon,test,88,14080,0.89246875,3.949275956098943e-06,-54.03372564620413,9.936392650377377e-05,0.027168952778684956,0.075
bon/bon_04.wav,bon,test,89,14240,0.90246875,2.0986573292426928e-06,-56.77851577724318,7.24337167561263e-05,0.019992025824571096,0.135
bon/bon_04.wav,bon,test,90,14400,0.91246875,9.62014341800877e-07,-60.16367245047219,4.904116489748375e-05,0.013728822930526517,0.18
bon/bon_04.wav,bon,test,91,14560,0.92246875,2.551313292559519e-06,-55.93066017694283,7.98641548593535e-05,0.02139615874442362,0.15
bon/bon_04.wav,bon,test,92,14720,0.93246875,3.248321713396154e-06,-54.882072872897474,9.011550523350788e-05,0.02481044197009528,0.115
bon/bon_04.wav,bon,test,93,14880,0.94246875,3.1238196641469837e-06,-55.051750410801404,8.837165360208815e-05,0.023345463947476396,0.105
bon/bon_04.wav,bon,test,94,15040,0.95246875,2.9200934638555176e-06,-55.344545470362675,8.544140483184247e-05,0.024447384279926175,0.1125
bon/bon_04.wav,bon,test,95,15200,0.96246875,2.8937602859268844e-06,-55.38387394219647,8.505528034647355e-05,0.023714594106753178,0.105
bon/bon_04.wav,bon,test,96,15360,0.97246875,2.0875584176756968e-06,-56.801533728674315,7.224192719044282e-05,0.02054525612534485,0.0875
bon/bon_04.wav,bon,test,97,15520,0.98246875,5.940017968447304e-06,-52.26139134109475,0.00012186076038298078,0.03345979145827884,0.075
bon/bon_04.wav,bon,test,98,15680,0.99246875,5.6638816890764406e-06,-52.468091559361184,0.00011899455543297391,0.034638445417689484,0.0375
bon/bon_04.wav,bon,test,99,15840,1.00246875,5.086533235557806e-06,-52.93492740622309,0.00011276671977535977,0.031187810277480955,0.0775
bon/bon_04.wav,bon,test,100,16000,1.01246875,2.727703035166566e-06,-55.64043726039938,8.257879623678475e-05,0.023283211665455297,0.1025
bon/bon_04.wav,bon,test,101,16160,1.02246875,2.825189107363196e-06,-55.48798781788041,8.404149432517243e-05,0.020690796590826874,0.1425
bon/bon_04.wav,bon,test,102,16320,1.03246875,1.3268930880048017e-06,-58.7683688969591,5.759542273490146e-05,0.01592034544266062,0.16
bon/bon_04.wav,bon,test,103,16480,1.04246875,2.7479435251461613e-06,-55.60834182298884,8.288461143581119e-05,0.019069825310667532,0.1575
bon/bon_04.wav,bon,test,104,16640,1.05246875,4.071115290013197e-06,-53.90179934721456,0.00010088502478085136,0.025107772800346095,0.135
bon/bon_04.wav,bon,test,105,16800,1.06246875,5.602263357674376e-06,-52.51558964879058,0.00011834550432604502,0.031136821512498733,0.1025
bon/bon_04.wav,bon,test,106,16960,1.07246875,3.729733149685439e-06,-54.2820581388164,9.656258527097127e-05,0.025205988247752564,0.1025
bon/bon_04.wav,bon,test,107,17120,1.08246875,4.9011681032891785e-06,-53.09611800166945,0.00011069290970167397,0.028499501037174385,0.1
bon/bon_04.wav,bon,test,108,17280,1.09246875,3.055043607615732e-05,-45.14968370845572,0.0002763622445096169,0.0798635062215516,0.06
bon/bon_04.wav,bon,test,109,17440,1.10246875,0.0003892495764507007,-34.097707356020436,0.0009864704461496816,0.28826666632159537,0.0375
bon/bon_04.wav,bon,test,110,17600,1.11246875,0.002886935281564848,-25.395628014570573,0.0026865104138849194,0.8065069988729459,0.0275
bon/bon_04.wav,bon,test,111,17760,1.12246875,0.009766154557443951,-20.102763624600986,0.004941192810810956,1.4906651799005544,0.0275
bon/bon_04.wav,bon,test,112,17920,1.13246875,0.019192851370319758,-17.168604772376884,0.006926913340428,2.1085431499769083,0.0275
bon/bon_04.wav,bon,test,113,18080,1.14246875,0.030491586625131472,-15.158199623554005,0.008730920144110166,2.6605731943757585,0.0275
bon/bon_04.wav,bon,test,114,18240,1.15246875,0.04150592042894735,-13.81889940385095,0.010186500923887868,3.1035959827193533,0.0275
bon/bon_04.wav,bon,test,115,18400,1.16246875,0.03949421478029959,-14.034665053518564,0.009936575715544514,2.9769077103067145,0.0275
bon/bon_04.wav,bon,test,116,18560,1.17246875,0.019224479939237475,-17.161453773142114,0.00693261854194313,2.1140760303117907,0.0375
bon/bon_04.wav,bon,test,117,18720,1.18246875,0.01519139784598477,-18.184022338316765,0.006162669439046842,1.7928325301890697,0.0475
bon/bon_04.wav,bon,test,118,18880,1.19246875,0.01989445359851809,-17.01267962428665,0.007052384986392562,2.0081704757061924,0.05
bon/bon_04.wav,bon,test,119,19040,1.20246875,0.014083776214201683,-18.51280853483145,0.005933754337306542,1.7283370549103472,0.05
bon/bon_04.wav,bon,test,120,19200,1.21246875,0.009858744815208646,-20.061783305130394,0.004964560608756994,1.4627625615987325,0.05
bon/bon_04.wav,bon,test,121,19360,1.22246875,0.0070422555121484424,-21.522881599273376,0.004195907384627442,1.2582150738032145,0.0475
bon/bon_04.wav,bon,test,122,19520,1.23246875,0.00622825238678595,-22.056337271500958,0.003945963883129808,1.17673862582331,0.0475
bon/bon_04.wav,bon,test,123,19680,1.24246875,0.007971970577785176,-20.984342583449905,0.004464294618913825,1.2684387603590448,0.0475
bon/bon_04.wav,bon,test,124,19840,1.25246875,0.007604616689742686,-21.18922614537825,0.004360222669125594,1.2403240455999613,0.05
bon/bon_04.wav,bon,test,125,20000,1.26246875,0.0074903301181263445,-21.25498983422482,0.004327334664122462,1.232129403733963,0.05
bon/bon_04.wav,bon,test,126,20160,1.27246875,0.007449949237021968,-21.278466281723706,0.004315654422281158,1.2447721824502094,0.0475
bon/bon_04.wav,bon,test,127,20320,1.28246875,0.0071016409081831496,-21.48641230263197,0.004213561708395627,1.213854608301125,0.045
bon/bon_04.wav,bon,test,128,20480,1.29246875,0.006355541948081142,-21.968473421543074,0.003986082647186691,1.158373545665436,0.0475
bon/bon_04.wav,bon,test,129,20640,1.30246875,0.007182694842465746,-21.437125237568072,0.004237539038895614,1.2154653097384536,0.0475
bon/bon_04.wav,bon,test,130,20800,1.31246875,0.006107256546181834,-22.14153765197,0.003907446911405783,1.157514433898307,0.0475
bon/bon_04.wav,bon,test,131,20960,1.32246875,0.006649288763758875,-21.77224740885352,0.00407715855828507,1.2119951449912074,0.0475
bon/bon_04.wav,bon,test,132,21120,1.33246875,0.006448667177901192,-21.90529969506144,0.004015179690219727,1.1900387265792705,0.0475
bon/bon_04.wav,bon,test,133,21280,1.34246875,0.005451287366673301,-22.63500843702903,0.003691641696682284,1.1061314583789277,0.05
bon/bon_04.wav,bon,test,134,21440,1.35246875,0.007575322761828791,-21.205988011133236,0.0043518165063076795,1.279270693308263,0.05
bon/bon_04.wav,bon,test,135,21600,1.36246875,0.01277716712255287,-18.935653907026655,0.005651806596689431,1.6196607482661658,0.05
bon/bon_04.wav,bon,test,136,21760,1.37246875,0.012647816061700467,-18.97984424675198,0.005623125479148688,1.667969172313076,0.0525
bon/bon_04.wav,bon,test,137,21920,1.38246875,0.011541345032730644,-19.377435377576305,0.005371532610142715,1.6218724282110535,0.0525
bon/bon_04.wav,bon,test,138,22080,1.39246875,0.009128563649485801,-20.395975043729774,0.0047771758522912365,1.369557547924916,0.05
bon/bon_04.wav,bon,test,139,22240,1.40246875,0.005105942888901511,-22.919239621276056,0.0035727940358008014,1.0967563681589068,0.04
bon/bon_04.wav,bon,test,140,22400,1.41246875,0.012435152078830454,-19.05348864122862,0.005575650652352256,1.6622445069013874,0.0325
bon/bon_04.wav,bon,test,141,22560,1.42246875,0.022499756545425555,-16.47822161766465,0.007499959424127832,2.2669497390586866,0.03
bon/bon_04.wav,bon,test,142,22720,1.43246875,0.02765623266791473,-15.582069640898448,0.008315081579262276,2.5152536323209236,0.03
bon/bon_04.wav,bon,test,143,22880,1.44246875,0.023086042616420395,-16.3665048816469,0.007597045908841869,2.2556336139043855,0.035
bon/bon_04.wav,bon,test,144,23040,1.45246875,0.007375914398415972,-21.321840732738167,0.004294157192749228,1.2921700266093639,0.0375
bon/bon_04.wav,bon,test,145,23200,1.46246875,0.004564433272254913,-23.406130423713467,0.0033780294819076525,0.9169335393539044,0.0425
bon/bon_04.wav,bon,test,146,23360,1.47246875,0.0026915781780095043,-25.699928400478708,0.002594021095716795,0.7550231783328174,0.045
bon/bon_04.wav,bon,test,147,23520,1.48246875,0.0029683604798033955,-25.274832128523443,0.0027241331097265582,0.7411408379179907,0.045
bon/bon_04.wav,bon,test,148,23680,1.49246875,0.0006382356128130675,-31.950182858733204,0.0012631662725202367,0.39684723751622364,0.05
bon/bon_04.wav,bon,test,149,23840,1.50246875,0.00036168694208307296,-34.41665969463632,0.000950903441579471,0.2785131676253877,0.0525
bon/bon_04.wav,bon,test,150,24000,1.51246875,0.00025476411338236696,-35.938600429883714,0.0007980665908656479,0.22549585638093134,0.0525
bon/bon_04.wav,bon,test,151,24160,1.52246875,6.124071798719993e-05,-42.12952634729237,0.00039128224463678366,0.11786540683331997,0.055
bon/bon_04.wav,bon,test,152,24320,1.53246875,4.568898193043814e-05,-43.40179013699878,0.00033796812693817055,0.09378300038734486,0.055
bon/bon_04.wav,bon,test,153,24480,1.54246875,2.1523094366425932e-05,-46.670751125775865,0.00023196494544664464,0.06379802670917466,0.075
bon/bon_04.wav,bon,test,154,24640,1.55246875,9.679902280977645e-06,-50.140841636225716,0.0001555627066569752,0.04349364205806041,0.0775
bon/bon_04.wav,bon,test,155,24800,1.56246875,5.9851254389557876e-06,-52.228541867815736,0.00012232258007984244,0.034142417137879924,0.0725
bon/bon_04.wav,bon,test,156,24960,1.57246875,2.5648870965553965e-06,-55.90762457244699,8.007632447476902e-05,0.022169934575715228,0.1025
bon/bon_04.wav,bon,test,157,25120,1.58246875,1.33597477034089e-06,-58.738767881045945,5.779218741190045e-05,0.015835800486570437,0.145
bon/bon_04.wav,bon,test,158,25280,1.59246875,2.368273018305653e-06,-56.253848913617695,7.694597160192424e-05,0.019979150062318304,0.155
bon/bon_04.wav,bon,test,159,25440,1.60246875,1.3536217978923482e-06,-58.68181940225157,5.81726266789705e-05,0.016465255116304776,0.115
bon/bon_04.wav,bon,test,160,25600,1.61246875,1.2562021011891397e-06,-59.005949018080635,5.604021103611985e-05,0.015507192992162565,0.1525
bon/bon_04.wav,bon,test,161,25760,1.62246875,1.2439023319908828e-06,-59.04864719525081,5.576518474798776e-05,0.013693929709691735,0.185
bon/bon_04.wav,bon,test,162,25920,1.63246875,1.0696639355752796e-06,-59.70346825926934,5.1712279382543164e-05,0.0135679569252445,0.1925
bon/bon_04.wav,bon,test,163,26080,1.64246875,3.490297033793215e-06,-54.57013200555739,9.341168334037791e-05,0.021624440581815105,0.1425
bon/bon_04.wav,bon,test,164,26240,1.65246875,1.1771602902858153e-06,-59.287956191830986,5.4248508972270735e-05,0.014506659475832042,0.1875
bon/bon_04.wav,bon,test,165,26400,1.66246875,1.426968944594291e-06,-58.452812374744035,5.9727902704562866e-05,0.014414673684637292,0.18
bon/bon_04.wav,bon,test,166,26560,1.67246875,1.248941446662422e-06,-59.03110330981556,5.587802445197982e-05,0.015554728296995207,0.16
bon/bon_04.wav,bon,test,167,26720,1.68246875,1.4479594413051581e-06,-58.389437709566295,6.016559318466739e-05,0.01573816342027285,0.17
bon/bon_04.wav,bon,test,168,26880,1.69246875,1.7596535822168695e-06,-57.54326085333873,6.63259674301263e-05,0.01752609801544525,0.17
bon/bon_04.wav,bon,test,169,27040,1.70246875,1.8091132881532703e-06,-57.422942434290675,6.725164102371909e-05,0.015725758300988647,0.1475
bon/bon_04.wav,bon,test,170,27200,1.71246875,9.209024354844092e-07,-60.353150377020775,4.7981830818665344e-05,0.013101732065258425,0.17
bon/bon_04.wav,bon,test,171,27360,1.72246875,1.5723881454808742e-06,-58.03164126298347,6.269745101439281e-05,0.016128140499867136,0.1175
bon/bon_04.wav,bon,test,172,27520,1.73246875,1.588062359969862e-06,-57.98859059331707,6.300917314109633e-05,0.01817633615201146,0.085
bon/bon_04.wav,bon,test,173,27680,1.74246875,3.5831964914298768e-06,-54.45608189633632,9.46466651740815e-05,0.024113975723386992,0.12
bon/bon_04.wav,bon,test,174,27840,1.75246875,2.5689808331732256e-06,-55.900701156096176,8.014020266341398e-05,0.02216662637169676,0.1175
bon/bon_04.wav,bon,test,175,28000,1.76246875,2.2459745596351175e-06,-56.484018446581445,7.493287929265627e-05,0.020663820805441782,0.1475
bon/bon_04.wav,bon,test,176,28160,1.77246875,1.2012113211379704e-06,-59.20019186628092,5.479989327402861e-05,0.015255004785184587,0.14
bon/bon_04.wav,bon,test,177,28320,1.78246875,1.6713220250134538e-06,-57.76680090401615,6.463981019877483e-05,0.01779795125788409,0.1325
bon/bon_04.wav,bon,test,178,28480,1.79246875,2.719542624943461e-06,-55.65344465261581,8.245517911179778e-05,0.022171993942661207,0.135
bon/bon_04.wav,bon,test,179,28640,1.80246875,2.0952413662329067e-06,-56.78558713106253,7.237474293966277e-05,0.01742333116395871,0.19
bon/bon_04.wav,bon,test,180,28800,1.81246875,6.25782265882316e-07,-62.02883299916287,3.955320043568902e-05,0.010459138493024961,0.2175
bon/bon_04.wav,bon,test,181,28960,1.82246875,7.109321314650503e-07,-61.47561405710198,4.215839570788511e-05,0.010622767381225124,0.215
bon/bon_04.wav,bon,test,182,29120,1.83246875,1.3927214810488938e-06,-58.55824006244403,5.90068106460791e-05,0.015179116297608607,0.1725
bon/bon_04.wav,bon,test,183,29280,1.84246875,1.6376957697098746e-06,-57.85501667418081,6.398624402381098e-05,0.017210498557649542,0.155
bon/bon_04.wav,bon,test,184,29440,1.85246875,1.02116766104408e-06,-59.90477863208872,5.052642034233377e-05,0.013305191185605178,0.1725
bon/bon_04.wav,bon,test,185,29600,1.86246875,9.842604816283087e-07,-60.06448936224732,4.960495140679781e-05,0.012629763430672665,0.19
bon/bon_04.wav,bon,test,186,29760,1.87246875,1.0955054326232538e-06,-59.59989212274231,5.233319770048582e-05,0.01290486402784417,0.21
bon/bon_04.wav,bon,test,187,29920,1.88246875,8.684440227521373e-07,-60.607583738595835,4.659517203402455e-05,0.01249340643489568,0.235
bon/bon_04.wav,bon,test,188,30080,1.89246875,1.4133860595421509e-06,-58.494320327988724,5.944295710052939e-05,0.015684426348625546,0.185
bon/bon_04.wav,bon,test,189,30240,1.90246875,1.2758195522107815e-06,-58.93870475498174,5.647609122918258e-05,0.016327526053369443,0.145
bon/bon_04.wav,bon,test,190,30400,1.91246875,0.0022774617100587043,-26.425487251994504,0.002386137941349318,0.46840320017415826,0.1
bon/bon_04.wav,bon,test,191,30560,1.92246875,0.030383431117737142,-15.173631697225765,0.008715421836855796,2.5100154505304046,0.0325
bon/bon_04.wav,bon,test,192,30720,1.93246875,0.0999998220384445,-10.000007685349505,0.015811374231739353,4.571648881477664,0.0125
bon/bon_04.wav,bon,test,193,30880,1.94246875,0.09253528212149675,-10.336926419283543,0.015209806221768306,4.753489202023932,0.01
bon/bon_04.wav,bon,test,194,31040,1.95246875,0.08156603639646715,-10.884906358741603,0.014279884137876186,4.458562903946263,0.0125
bon/bon_04.wav,bon,test,195,31200,1.96246875,0.05365678543106953,-12.703753412996745,0.01158196717218944,3.4721465296341005,0.01
bon/bon_04.wav,bon,test,196,31360,1.97246875,0.0200765441517299,-16.973110201441116,0.007084586112069268,2.1604903894593743,0.01
bon/bon_04.wav,bon,test,197,31520,1.98246875,0.005385974210326508,-22.687356498185267,0.003669459841150502,1.1114723189204938,0.0125
bon/bon_04.wav,bon,test,198,31680,1.99246875,0.0017352449545895736,-27.606389594030404,0.002082813574584613,0.6601407477803546,0.01
bon/bon_04.wav,bon,test,199,31840,2.00246875,0.0018955660630350594,-27.222608461144375,0.002176904949139408,0.6592969739962189,0.01
bon/bon_04.wav,bon,test,200,32000,2.01246875,0.0019476799447991889,-27.10482184655448,0.0022066263530552636,0.6797881926453886,0.01
bon/bon_04.wav,bon,test,201,32160,2.02246875,0.00128596731902841,-28.90769730510259,0.001793019324371889,0.5362568399148818,0.01
bon/bon_04.wav,bon,test,202,32320,2.03246875,0.0003580201545767651,-34.460913112205866,0.0009460710261084591,0.2910173421457211,0.01
bon/bon_04.wav,bon,test,203,32480,2.04246875,0.00011383200808567248,-39.43731787581755,0.0005334604204757661,0.16225299663733422,0.0125
bon/bon_04.wav,bon,test,204,32640,2.05246875,3.7447899786882456e-05,-44.265609369366025,0.0003059734456896646,0.09458635558579569,0.01
bon/bon_04.wav,bon,test,205,32800,2.06246875,1.2953081793971701e-05,-48.87593365074436,0.00017995195048937162,0.050648627085386005,0.0625
bon/bon_04.wav,bon,test,206,32960,2.07246875,2.8793811123913775e-06,-55.405500455539055,8.48436961770198e-05,0.025543806912400047,0.0675
bon/bon_04.wav,bon,test,207,33120,2.08246875,3.518508631287115e-06,-54.53517965390192,9.378844053622912e-05,0.02703174100026609,0.055
bon/bon_04.wav,bon,test,208,33280,2.09246875,3.566657763655395e-06,-54.47616813064036,9.442798530699724e-05,0.02821152652343305,0.0525
bon/bon_04.wav,bon,test,209,33440,2.10246875,1.125994985872102e-05,-49.48424975292602,0.00016777924379017374,0.04606509743993613,0.06
bon/bon_04.wav,bon,test,210,33600,2.11246875,7.844758867122578e-06,-51.053650436812894,0.00014004248343915657,0.03807385541170544,0.0825
bon/bon_04.wav,bon,test,211,33760,2.12246875,2.7511929167773655e-06,-55.603211272114514,8.293360170608421e-05,0.02283118695776537,0.1025
bon/bon_04.wav,bon,test,212,33920,2.13246875,3.433026622463428e-06,-54.64196342272323,9.264214244153991e-05,0.02720654902250531,0.0725
bon/bon_04.wav,bon,test,213,34080,2.14246875,7.979455499128212e-06,-50.97972319788081,0.0001412396500555723,0.042387194430264244,0.025
bon/bon_05.wav,bon,test,0,0,0.01246875,0.0,-90.0,0.0,0.0,0.0
bon/bon_05.wav,bon,test,1,160,0.02246875,0.0,-90.0,0.0,0.0,0.0
bon/bon_05.wav,bon,test,2,320,0.03246875,0.0,-90.0,0.0,0.0,0.0
bon/bon_05.wav,bon,test,3,480,0.04246875,0.0,-90.0,0.0,0.0,0.0
bon/bon_05.wav,bon,test,4,640,0.05246875,0.0,-90.0,0.0,0.0,0.0
bon/bon_05.wav,bon,test,5,800,0.06246875,0.0,-90.0,0.0,0.0,0.0
bon/bon_05.wav,bon,test,6,960,0.07246875,0.0,-90.0,0.0,0.0,0.0
bon/bon_05.wav,bon,test,7,1120,0.08246875,0.0,-90.0,0.0,0.0,0.0
bon/bon_05.wav,bon,test,8,1280,0.09246875,0.0,-90.0,0.0,0.0,0.0
bon/bon_05.wav,bon,test,9,1440,0.10246875,0.0,-90.0,0.0,0.0,0.0
bon/bon_05.wav,bon,test,10,1600,0.11246875,0.0,-90.0,0.0,0.0,0.0
bon/bon_05.wav,bon,test,11,1760,0.12246875,0.0,-90.0,0.0,0.0,0.0
bon/bon_05.wav,bon,test,12,1920,0.13246875,0.0,-90.0,0.0,0.0,0.0
bon/bon_05.wav,bon,test,13,2080,0.14246875,0.0,-90.0,0.0,0.0,0.0
bon/bon_05.wav,bon,test,14,2240,0.15246875,0.0,-90.0,0.0,0.0,0.0
bon/bon_05.wav,bon,test,15,2400,0.16246875,0.0,-90.0,0.0,0.0,0.0
bon/bon_05.wav,bon,test,16,2560,0.17246875,0.0,-90.0,0.0,0.0,0.0
bon/bon_05.wav,bon,test,17,2720,0.18246875,0.0,-90.0,0.0,0.0,0.0
bon/bon_05.wav,bon,test,18,2880,0.19246875,0.0,-90.0,0.0,0.0,0.0
bon/bon_05.wav,bon,test,19,3040,0.20246875,0.0,-90.0,0.0,0.0,0.0
bon/bon_05.wav,bon,test,20,3200,0.21246875,0.0,-90.0,0.0,0.0,0.0
bon/bon_05.wav,bon,test,21,3360,0.22246875,0.0,-90.0,0.0,0.0,0.0
bon/bon_05.wav,bon,test,22,3520,0.23246875,0.0,-90.0,0.0,0.0,0.0
bon/bon_05.wav,bon,test,23,3680,0.24246875,0.0,-90.0,0.0,0.0,0.0
bon/bon_05.wav,bon,test,24,3840,0.25246875,0.0,-90.0,0.0,0.0,0.0
bon/bon_05.wav,bon,test,25,4000,0.26246875,0.0,-90.0,0.0,0.0,0.0
bon/bon_05.wav,bon,test,26,4160,0.27246875,0.0,-90.0,0.0,0.0,0.0
bon/bon_05.wav,bon,test,27,4320,0.28246875,0.0,-90.0,0.0,0.0,0.0
bon/bon_05.wav,bon,test,28,4480,0.29246875,0.0,-90.0,0.0,0.0,0.0
bon/bon_05.wav,bon,test,29,4640,0.30246875,0.0,-90.0,0.0,0.0,0.0
bon/bon_05.wav,bon,test,30,4800,0.31246875,0.0,-90.0,0.0,0.0,0.0
bon/bon_05.wav,bon,test,31,4960,0.32246875,0.0,-90.0,0.0,0.0,0.0
bon/bon_05.wav,bon,test,32,5120,0.33246875,4.7443752339852645e-09,-82.40757198862099,3.4439712665704925e-06,0.0004850289180292368,0.12
bon/bon_05.wav,bon,test,33,5280,0.34246875,7.374540868462445e-08,-71.26415479179751,1.3578052942582053e-05,0.0028912147212410743,0.2675
bon/bon_05.wav,bon,test,34,5440,0.35246875,1.265216676536987e-07,-68.94416016461895,1.7784942202162107e-05,0.004700321872938916,0.3625
bon/bon_05.wav,bon,test,35,5600,0.36246875,1.0574332427929214e-06,-59.75336528481545,5.141578655415381e-05,0.01215543816357202,0.255
bon/bon_05.wav,bon,test,36,5760,0.37246875,1.629411701987247e-06,-57.87702716255797,6.38242058702505e-05,0.01665812155208585,0.1375
bon/bon_05.wav,bon,test,37,5920,0.38246875,1.3171240954244682e-06,-58.80043700955164,5.7383013501916845e-05,0.016153339499927193,0.125
bon/bon_05.wav,bon,test,38,6080,0.39246875,1.8967318489118897e-06,-57.21765153744974,6.88609440995382e-05,0.018136128331476337,0.105
bon/bon_05.wav,bon,test,39,6240,0.40246875,1.997112943310883e-06,-56.993799669256695,7.065962325315079e-05,0.0201900570292171,0.0825
bon/bon_05.wav,bon,test,40,6400,0.41246875,2.32650399575005e-06,-56.331095647695165,7.626440840506878e-05,0.020113763111237963,0.09
bon/bon_05.wav,bon,test,41,6560,0.42246875,1.9400963492898386e-06,-57.119529072049396,6.964367073341695e-05,0.01987010630802774,0.085
bon/bon_05.wav,bon,test,42,6720,0.43246875,4.71287696818514e-06,-53.26621756715295,0.0001085458079359256,0.027446523762694977,0.095
bon/bon_05.wav,bon,test,43,6880,0.44246875,2.377208381470931e-06,-56.237500946466675,7.709099139119517e-05,0.02104621059724646,0.1125
bon/bon_05.wav,bon,test,44,7040,0.45246875,2.931562477847749e-06,-55.32752726528554,8.560903103422776e-05,0.02372566564199443,0.1
bon/bon_05.wav,bon,test,45,7200,0.46246875,3.0648665362279046e-06,-55.13446754844121,8.753380113173288e-05,0.024530114932632074,0.1
bon/bon_05.wav,bon,test,46,7360,0.47246875,3.1749508748452575e-06,-54.98126223798036,8.909195916081958e-05,0.021992674082036194,0.1
bon/bon_05.wav,bon,test,47,7520,0.48246875,2.3039724094389922e-06,-56.373342687559436,7.589420942072906e-05,0.021810761894309083,0.0925
bon/bon_05.wav,bon,test,48,7680,0.49246875,3.419515777570066e-06,-54.65908401995516,9.245966387525516e-05,0.023672040705073318,0.105
bon/bon_05.wav,bon,test,49,7840,0.50246875,1.2329178220702925e-06,-59.087137630011746,5.551841636048106e-05,0.015526746998146972,0.13
bon/bon_05.wav,bon,test,50,8000,0.51246875,1.5608026521859816e-06,-58.06373844006315,6.24660438195421e-05,0.015915246825771903,0.1425
bon/bon_05.wav,bon,test,51,8160,0.52246875,8.515163105738145e-07,-60.69297303215886,4.6138820709187355e-05,0.012227378460379582,0.1525
bon/bon_05.wav,bon,test,52,8320,0.53246875,6.3007429512415e-07,-61.99919509118668,3.968860967343622e-05,0.010575507976197874,0.2075
bon/bon_05.wav,bon,test,53,8480,0.54246875,1.1361827472478196e-06,-59.44169737824286,5.329593669426919e-05,0.013946599171476151,0.14
bon/bon_05.wav,bon,test,54,8640,0.55246875,2.169637275080826e-06,-56.63412743377506,7.36484432130243e-05,0.0196453010636862,0.1125
bon/bon_05.wav,bon,test,55,8800,0.56246875,1.9604576300884116e-06,-57.07421068731256,7.000817148891284e-05,0.017687918253914053,0.125
bon/bon_05.wav,bon,test,56,8960,0.57246875,1.0132421851266728e-06,-59.93858329908515,5.0329965853521916e-05,0.012915181483169485,0.19
bon/bon_05.wav,bon,test,57,9120,0.58246875,6.896289562773538e-07,-61.607552167658326,4.152195070915364e-05,0.010515580429205067,0.2275
bon/bon_05.wav,bon,test,58,9280,0.59246875,6.246911001590948e-07,-62.0364002239068,3.9518701274178244e-05,0.01047240431907382,0.23
bon/bon_05.wav,bon,test,59,9440,0.60246875,9.448186923896515e-07,-60.241921071936524,4.8600892285781424e-05,0.012986823979597342,0.1775
bon/bon_05.wav,bon,test,60,9600,0.61246875,1.250460740854748e-06,-59.02582769945155,5.591200096702737e-05,0.015009947139297583,0.155
bon/bon_05.wav,bon,test,61,9760,0.62246875,1.5459002464579635e-06,-58.10537691348902,6.216711844813871e-05,0.015024185085818112,0.1925
bon/bon_05.wav,bon,test,62,9920,0.63246875,5.0283412756293e-07,-62.97712418595984,3.545539900928101e-05,0.009723764473120657,0.235
bon/bon_05.wav,bon,test,63,10080,0.64246875,4.640698251320744e-07,-63.32481837662765,3.406133530603558e-05,0.008976132763000827,0.255
bon/bon_05.wav,bon,test,64,10240,0.65246875,1.088729553923959e-06,-59.6268127069413,5.217110200877395e-05,0.013792739656716931,0.1975
bon/bon_05.wav,bon,test,65,10400,0.66246875,2.332548309580839e-06,-56.319832038350896,7.636341253474794e-05,0.019077759962153648,0.14
bon/bon_05.wav,bon,test,66,10560,0.67246875,1.2312246208769835e-06,-59.093101178894784,5.548028075084389e-05,0.01491222058439467,0.1775
bon/bon_05.wav,bon,test,67,10720,0.68246875,8.631892806078403e-07,-60.63391124974264,4.645399015713936e-05,0.012948488954072721,0.14
bon/bon_05.wav,bon,test,68,10880,0.69246875,2.5640227327511897e-06,-55.909087815600984,8.00628305262684e-05,0.02314912526679504,0.115
bon/bon_05.wav,bon,test,69,11040,0.70246875,4.43852985125835e-05,-43.52751070396715,0.0003331114622486875,0.09604163752577953,0.045
bon/bon_05.wav,bon,test,70,11200,0.71246875,0.0011349997659679631,-29.450038453822703,0.0016844878791252575,0.4660419853623717,0.03
bon/bon_05.wav,bon,test,71,11360,0.72246875,0.00641988520892808,-21.92472669637158,0.00400620930835125,1.1943537240327484,0.0275
bon/bon_05.wav,bon,test,72,11520,0.73246875,0.01622051345391138,-17.899353757135327,0.006367988978851836,1.9420225068764991,0.0275
bon/bon_05.wav,bon,test,73,11680,0.74246875,0.029853175900675315,-15.250094455390489,0.008639035811459998,2.6518706221686417,0.0275
bon/bon_05.wav,bon,test,74,11840,0.75246875,0.04162868956116352,-13.80607249718675,0.010201554974753056,3.0478854852092407,0.03
bon/bon_05.wav,bon,test,75,12000,0.76246875,0.023689211430219216,-16.254493775590213,0.007695649977457917,2.360604234146404,0.03
bon/bon_05.wav,bon,test,76,12160,0.77246875,0.01170335273598665,-19.3168966814078,0.0054091017590693026,1.649813208213541,0.0275
bon/bon_05.wav,bon,test,77,12320,0.78246875,0.004948521134627293,-23.055244828052608,0.003517286288684535,1.0262514236278846,0.0275
bon/bon_05.wav,bon,test,78,12480,0.79246875,0.0021342286419056993,-26.70758852556019,0.002309885625905371,0.7135181767900202,0.0275
bon/bon_05.wav,bon,test,79,12640,0.80246875,0.003194661773903193,-24.955749788710225,0.00282606695510881,0.849505585360856,0.0275
bon/bon_05.wav,bon,test,80,12800,0.81246875,0.0026925529331702255,-25.698355888122897,0.002594490765627344,0.7697303288279346,0.025
bon/bon_05.wav,bon,test,81,12960,0.82246875,0.0014869949480673214,-28.27690214890555,0.0019280786732310234,0.5806641455389985,0.025
bon/bon_05.wav,bon,test,82,13120,0.83246875,0.0013511996804920613,-28.692801447174855,0.0018379334050041512,0.5556763426287072,0.0275
bon/bon_05.wav,bon,test,83,13280,0.84246875,0.0015523657752860211,-28.090056608717,0.001970003664518179,0.6063413965083779,0.0275
bon/bon_05.wav,bon,test,84,13440,0.85246875,0.0019043114172549622,-27.20261800720713,0.002181920837963056,0.6717013497977414,0.0275
bon/bon_05.wav,bon,test,85,13600,0.86246875,0.0025265134565214484,-25.9747821241901,0.002513221765245483,0.7660713881847956,0.0275
bon/bon_05.wav,bon,test,86,13760,0.87246875,0.0024557819618754315,-26.09810018078486,0.0024777923449491443,0.7602021679936273,0.0275
bon/bon_05.wav,bon,test,87,13920,0.88246875,0.002146793293423239,-26.682095678186208,0.0023166750384026884,0.7107488468070601,0.0275
bon/bon_05.wav,bon,test,88,14080,0.89246875,0.001917226667749315,-27.173263122777087,0.0021893073492256147,0.6672324425056813,0.0275
bon/bon_05.wav,bon,test,89,14240,0.90246875,0.0014321474318016525,-28.440119682211,0.0018921861904960969,0.5793101303712987,0.0275
bon/bon_05.wav,bon,test,90,14400,0.91246875,0.001069444454799404,-29.708413609603568,0.0016351180804451127,0.4993615824157652,0.0275
bon/bon_05.wav,bon,test,91,14560,0.92246875,0.0008087318269644256,-30.921949282506276,0.0014219105342499802,0.43407160373388737,0.03
bon/bon_05.wav,bon,test,92,14720,0.93246875,0.0006549590905887044,-31.83785162550445,0.0012796084270087318,0.39365214135444915,0.0275
bon/bon_05.wav,bon,test,93,14880,0.94246875,0.0006295393860939883,-32.009764039275886,0.0012545311734807434,0.38366170920820253,0.0275
bon/bon_05.wav,bon,test,94,15040,0.95246875,0.00069628675545737,-31.57211242026854,0.0013193623037829393,0.39502984820743936,0.03
bon/bon_05.wav,bon,test,95,15200,0.96246875,0.0007615658584489759,-31.182919636596974,0.0013798241359399537,0.40149897080257313,0.0275
bon/bon_05.wav,bon,test,96,15360,0.97246875,0.0007672293676264536,-31.150742157545096,0.0013849452765601008,0.3942842627479074,0.03
bon/bon_05.wav,bon,test,97,15520,0.98246875,0.0008714216043034127,-30.59771178854115,0.001475992551051167,0.4151141816849206,0.03
bon/bon_05.wav,bon,test,98,15680,0.99246875,0.0012111400101435551,-29.168052900839555,0.001740071844884253,0.4820273099387849,0.0375
bon/bon_05.wav,bon,test,99,15840,1.00246875,0.0017213928786497727,-27.641197457373572,0.002074483597579029,0.577992897033217,0.05
bon/bon_05.wav,bon,test,100,16000,1.01246875,0.0025514495967485355,-25.932128364115922,0.002525593789957391,0.7054488529768648,0.06
bon/bon_05.wav,bon,test,101,16160,1.02246875,0.003478958285449892,-24.585506538071428,0.0029491347398219584,0.8269862645991272,0.06
bon/bon_05.wav,bon,test,102,16320,1.03246875,0.004086946449556629,-23.886009464612236,0.0031964615004550848,0.8835001896298835,0.0625
bon/bon_05.wav,bon,test,103,16480,1.04246875,0.004592854031019041,-23.37917262446673,0.003388529928678158,0.9116252611519691,0.0625
bon/bon_05.wav,bon,test,104,16640,1.05246875,0.004325562868457184,-23.639572710899138,0.003288450573012001,0.8851266337428744,0.065
bon/bon_05.wav,bon,test,105,16800,1.06246875,0.00306032513469226,-25.142322888942928,0.0027660102741549337,0.7585882295566355,0.065
bon/bon_05.wav,bon,test,106,16960,1.07246875,0.0013509134598059377,-28.693721497273394,0.0018377387326589283,0.5067548861736828,0.0725
bon/bon_05.wav,bon,test,107,17120,1.08246875,0.0011796386440362165,-29.28250640582042,0.0017172933966246248,0.4913940594945821,0.07
bon/bon_05.wav,bon,test,108,17280,1.09246875,0.0021232099048156244,-26.73006863936549,0.00230391509436417,0.6769930207470254,0.0675
bon/bon_05.wav,bon,test,109,17440,1.10246875,0.0038522129422546613,-24.142896012566165,0.003103309903254371,0.8423834232056767,0.0725
bon/bon_05.wav,bon,test,110,17600,1.11246875,0.0027785125721427792,-25.56187477484929,0.00263557990399778,0.7313308092627139,0.075
bon/bon_05.wav,bon,test,111,17760,1.12246875,0.002582122248825644,-25.880230320125065,0.002540729348447825,0.6965436899882239,0.0725
bon/bon_05.wav,bon,test,112,17920,1.13246875,0.0019900554127429684,-27.011346123361598,0.0022305018565016753,0.6215776145225875,0.07
bon/bon_05.wav,bon,test,113,18080,1.14246875,0.0009302002662982909,-30.314230736118752,0.0015249592341258593,0.4182438186062257,0.075
bon/bon_05.wav,bon,test,114,18240,1.15246875,0.0004245319859623152,-33.720885596842145,0.0010302086996845775,0.28603214484861544,0.0575
bon/bon_05.wav,bon,test,115,18400,1.16246875,0.00034069047135014017,-34.676387381431084,0.0009228901225906312,0.27694986300917745,0.0425
bon/bon_05.wav,bon,test,116,18560,1.17246875,0.0002623049391347106,-35.81191875996642,0.0008097915459158465,0.2351145041299028,0.0375
bon/bon_05.wav,bon,test,117,18720,1.18246875,0.00014563370187568045,-38.367351288867454,0.0006033939465135535,0.1827196364430851,0.04
bon/bon_05.wav,bon,test,118,18880,1.19246875,0.00010042723180090075,-39.98144183686764,0.000501066941138858,0.1567984942753991,0.0375
bon/bon_05.wav,bon,test,119,19040,1.20246875,0.00014903019316543073,-38.26722821508648,0.0006103896156665648,0.18621742252621487,0.0375
bon/bon_05.wav,bon,test,120,19200,1.21246875,0.00014869802407081888,-38.27691881794448,0.0006097089963064734,0.18554248883411392,0.04
bon/bon_05.wav,bon,test,121,19360,1.22246875,0.00010754733380861087,-39.683963135269266,0.0005185251532197133,0.1615456326768161,0.0425
bon/bon_05.wav,bon,test,122,19520,1.23246875,0.0001394025488649254,-38.5572617004837,0.0005903442827387367,0.18540384934042675,0.0425
bon/bon_05.wav,bon,test,123,19680,1.24246875,0.0004752784038207939,-33.2305100539972,0.0010900440401891956,0.32722574084231365,0.0425
bon/bon_05.wav,bon,test,124,19840,1.25246875,0.0011394369336036002,-29.433093263217724,0.0016877773354352762,0.5096428263489671,0.0425
bon/bon_05.wav,bon,test,125,20000,1.26246875,0.0012644612639164643,-28.980941270292583,0.0017779632054098198,0.5308370163376689,0.045
bon/bon_05.wav,bon,test,126,20160,1.27246875,0.0010681784740040673,-29.713557716322036,0.0016341499885292562,0.49951682539859066,0.045
bon/bon_05.wav,bon,test,127,20320,1.28246875,0.0009158116179897918,-30.381933770939863,0.001513118979120439,0.45248335448243904,0.0475
bon/bon_05.wav,bon,test,128,20480,1.29246875,0.0003085880360278821,-35.10619508205397,0.0008783337008618679,0.2537298941928184,0.05
bon/bon_05.wav,bon,test,129,20640,1.30246875,4.426963290532837e-05,-43.53884269181602,0.0003326771441853512,0.10824166487222192,0.05
bon/bon_05.wav,bon,test,130,20800,1.31246875,5.233641759662549e-05,-42.81187709881158,0.00036171956539778673,0.1052713428332519,0.0525
bon/bon_05.wav,bon,test,131,20960,1.32246875,3.4052046304821534e-05,-44.678440310582005,0.000291770656101764,0.08908994739831563,0.055
bon/bon_05.wav,bon,test,132,21120,1.33246875,2.931708638765141e-05,-45.32864379815535,0.00027072627498846234,0.07683118982514583,0.055
bon/bon_05.wav,bon,test,133,21280,1.34246875,9.385564732857207e-06,-50.27493320463864,0.00015317934531830008,0.0441734389226536,0.065
bon/bon_05.wav,bon,test,134,21440,1.35246875,3.8813575572830105e-06,-54.109044694618156,9.850580639336711e-05,0.02746239247901943,0.0725
bon/bon_05.wav,bon,test,135,21600,1.36246875,4.055249835727597e-06,-53.918753034438694,0.00010068825447547988,0.027995704695890297,0.07
bon/bon_05.wav,bon,test,136,21760,1.37246875,7.2434485837231626e-06,-51.39994665563408,0.00013456827805730407,0.036719203966605864,0.0725
bon/bon_05.wav,bon,test,137,21920,1.38246875,7.096804769946416e-06,-51.488759503957276,0.00013319914385935834,0.037630115902483705,0.07
bon/bon_05.wav,bon,test,138,22080,1.39246875,7.162219693139071e-06,-51.4489172899566,0.00013381161845238878,0.037894310945524715,0.0775
bon/bon_05.wav,bon,test,139,22240,1.40246875,4.841133199395509e-06,-53.14963267978382,0.00011001287651220094,0.030576747764587298,0.085
bon/bon_05.wav,bon,test,140,22400,1.41246875,2.6011006238537726e-06,-55.84675913178168,8.063964012589858e-05,0.022212833375436416,0.1
bon/bon_05.wav,bon,test,141,22560,1.42246875,2.651275969338156e-06,-55.7638128957148,8.141369616560466e-05,0.022546699901689955,0.1125
bon/bon_05.wav,bon,test,142,22720,1.43246875,2.7260134728386164e-06,-55.643127164166344,8.255321727283886e-05,0.022906338718246516,0.1075
bon/bon_05.wav,bon,test,143,22880,1.44246875,1.3344058952692038e-06,-58.74386710866327,5.775824389793209e-05,0.016749598105909834,0.125
bon/bon_05.wav,bon,test,144,23040,1.45246875,2.368911450534024e-06,-56.25267880683097,7.695634233989463e-05,0.020512540270888627,0.1025
bon/bon_05.wav,bon,test,145,23200,1.46246875,2.9326113841833685e-06,-55.32597417719384,8.562434502206964e-05,0.021338388835368184,0.1075
bon/bon_05.wav,bon,test,146,23360,1.47246875,1.8764046666020565e-06,-57.26442106957538,6.849096047293498e-05,0.018218599291709728,0.1425
bon/bon_05.wav,bon,test,147,23520,1.48246875,1.981583428933096e-06,-57.02768528114817,7.038436312372756e-05,0.018937760773806923,0.1425
bon/bon_05.wav,bon,test,148,23680,1.49246875,1.536024791689719e-06,-58.13319127420744,6.196823363001642e-05,0.01760946090703803,0.1325
bon/bon_05.wav,bon,test,149,23840,1.50246875,2.1230044634751593e-06,-56.72844574944337,7.28526674781912e-05,0.020470085948606692,0.1075
bon/bon_05.wav,bon,test,150,24000,1.51246875,2.6442787376537795e-06,-55.77528558847373,8.1306191917556e-05,0.021216686820040624,0.0975
bon/bon_05.wav,bon,test,151,24160,1.52246875,2.6972783685657865e-06,-55.689132482535086,8.211696488189554e-05,0.020378049572228996,0.15
bon/bon_05.wav,bon,test,152,24320,1.53246875,7.031938115251663e-07,-61.52307795841071,4.192832609123474e-05,0.011750702711365663,0.2025
bon/bon_05.wav,bon,test,153,24480,1.54246875,8.571326469533737e-07,-60.66445575336307,4.6290729281179336e-05,0.011823172762722139,0.2125
bon/bon_05.wav,bon,test,154,24640,1.55246875,1.4439912653965258e-06,-58.40134778098821,6.008309382423074e-05,0.016288532605384976,0.145
bon/bon_05.wav,bon,test,155,24800,1.56246875,2.0538999139869166e-06,-56.87209326032062,7.165716841298776e-05,0.020306010153175964,0.1125
bon/bon_05.wav,bon,test,156,24960,1.57246875,6.28329450353697e-06,-52.01743470630152,0.0001253325028029139,0.031958119487917984,0.09
bon/bon_05.wav,bon,test,157,25120,1.58246875,6.383602073945834e-06,-51.94866165350434,0.00012632895624069957,0.03465401899468849,0.0675
bon/bon_05.wav,bon,test,158,25280,1.59246875,4.779495879978387e-06,-53.20527051762694,0.00010931029091510995,0.029153800633339534,0.065
bon/bon_05.wav,bon,test,159,25440,1.60246875,2.5048321764438554e-06,-56.01048018451596,7.913330803845899e-05,0.022981665934260792,0.08
bon/bon_05.wav,bon,test,160,25600,1.61246875,2.1057395044995578e-06,-56.76389160999592,7.255583202781768e-05,0.0196205420141169,0.115
bon/bon_05.wav,bon,test,161,25760,1.62246875,3.869265519131242e-06,-54.12259239234858,9.835224348141789e-05,0.0253464210106537,0.1125
bon/bon_05.wav,bon,test,162,25920,1.63246875,3.824083048383845e-06,-54.173591312127705,9.777631421238791e-05,0.02650297997311025,0.1025
bon/bon_05.wav,bon,test,163,26080,1.64246875,1.8047008309244735e-06,-57.43354202107383,6.716957702197613e-05,0.018581414914419867,0.1425
bon/bon_05.wav,bon,test,164,26240,1.65246875,1.2843968054010098e-06,-58.90962783777134,5.666561579567035e-05,0.01506325825941983,0.1775
bon/bon_05.wav,bon,test,165,26400,1.66246875,1.452102180571044e-06,-58.377038455107375,6.0251601235383036e-05,0.01634947522986442,0.18
bon/bon_05.wav,bon,test,166,26560,1.67246875,1.2186611416416942e-06,-59.13760812568359,5.519649313230176e-05,0.013887336991177557,0.1875
bon/bon_05.wav,bon,test,167,26720,1.68246875,1.0179620929195737e-06,-59.918419721683264,5.044705375241387e-05,0.013285664220136119,0.1875
bon/bon_05.wav,bon,test,168,26880,1.69246875,1.6164504591476341e-06,-57.91169012451104,6.356985250784436e-05,0.01668787944377373,0.1875
bon/bon_05.wav,bon,test,169,27040,1.70246875,1.7129729489762902e-06,-57.65996036673634,6.544029624352816e-05,0.01802224464128807,0.15
bon/bon_05.wav,bon,test,170,27200,1.71246875,2.74319794003204e-06,-55.61584566010741,8.281301135739539e-05,0.02308299004460797,0.1175
bon/bon_05.wav,bon,test,171,27360,1.72246875,2.565391761706468e-06,-55.90677047508759,8.008420196434606e-05,0.021187450943234657,0.1025
bon/bon_05.wav,bon,test,172,27520,1.73246875,1.296756533860802e-06,-58.86806775885793,5.693760914063749e-05,0.015274661527305269,0.1525
bon/bon_05.wav,bon,test,173,27680,1.74246875,1.6850268713243913e-06,-57.73135508017974,6.49042924490436e-05,0.016669246090625756,0.1725
bon/bon_05.wav,bon,test,174,27840,1.75246875,2.5601466994329714e-06,-55.915655449483744,8.00022921458031e-05,0.020251216203566187,0.1775
bon/bon_05.wav,bon,test,175,28000,1.76246875,2.2165853471137637e-06,-56.54119656697012,7.444100595629004e-05,0.020430407996407766,0.1475
bon/bon_05.wav,bon,test,176,28160,1.77246875,2.9176092406426213e-06,-55.3482404683886,8.540505313859686e-05,0.021592249780617852,0.1275
bon/bon_05.wav,bon,test,177,28320,1.78246875,1.2087012709193618e-06,-59.17321863079279,5.4970475505478434e-05,0.014311238646282337,0.1675
bon/bon_05.wav,bon,test,178,28480,1.79246875,8.040434622397946e-07,-60.941806725496626,4.483423530740194e-05,0.01176250868566485,0.1925
bon/bon_05.wav,bon,test,179,28640,1.80246875,2.3608636739019723e-06,-56.26745173352795,7.682551128860081e-05,0.021994578382469543,0.15
bon/bon_05.wav,bon,test,180,28800,1.81246875,0.00034247111869903726,-34.653747794651,0.0009252987608051753,0.2065574701402645,0.085
bon/bon_05.wav,bon,test,181,28960,1.82246875,0.0033895394502167233,-24.69859178924891,0.0029109875687714313,0.7964342867550158,0.0175
bon/bon_05.wav,bon,test,182,29120,1.83246875,0.011404171897123234,-19.4293620703275,0.005339515871575632,1.64266378115597,0.01
bon/bon_05.wav,bon,test,183,29280,1.84246875,0.019546124258934518,-17.089393224341492,0.006990372711618193,2.0933832448981375,0.01
bon/bon_05.wav,bon,test,184,29440,1.85246875,0.014814207496117492,-18.293215473531074,0.006085681452417118,1.83761118442922,0.01
bon/bon_05.wav,bon,test,185,29600,1.86246875,0.007716270692646044,-21.125924890971515,0.0043921152912480685,1.3396740129067468,0.01
bon/bon_05.wav,bon,test,186,29760,1.87246875,0.0023949898484691393,-26.206961417345735,0.0024469316748068075,0.6827896386437844,0.01
bon/bon_05.wav,bon,test,187,29920,1.88246875,0.0002713546872620123,-35.66461071742049,0.0008236423484468431,0.26353925379146637,0.01
bon/bon_05.wav,bon,test,188,30080,1.89246875,0.00041976485326040524,-33.76992892918323,0.001024408186784454,0.31143105517276837,0.01
bon/bon_05.wav,bon,test,189,30240,1.90246875,0.0004991278782982807,-33.01787302258164,0.0011170585014875908,0.3354313277201155,0.0075
bon/bon_05.wav,bon,test,190,30400,1.91246875,0.0003330090561662931,-34.77542651563988,0.0009124267863317762,0.27838924176748125,0.01
bon/bon_05.wav,bon,test,191,30560,1.92246875,0.00015270408420078646,-38.16146503195127,0.0006178674700143763,0.18414353437972786,0.015
bon/bon_05.wav,bon,test,192,30720,1.93246875,2.4279051291713568e-05,-46.147504001468356,0.0002463688864878922,0.06916987228723978,0.0425
bon/bon_05.wav,bon,test,193,30880,1.94246875,2.3586068160038586e-06,-56.27160357990011,7.678878199326804e-05,0.02279175844352261,0.11
bon/bon_05.wav,bon,test,194,31040,1.95246875,2.1846481817882023e-06,-56.60419744035302,7.390277704166811e-05,0.01871161050371883,0.1375
bon/bon_05.wav,bon,test,195,31200,1.96246875,1.5827583062974228e-06,-58.003110943691645,6.290386129438762e-05,0.017210916595527606,0.165
bon/bon_05.wav,bon,test,196,31360,1.97246875,1.9447083693769334e-06,-57.10922252999605,6.972640047673717e-05,0.017924468543184857,0.165
bon/bon_05.wav,bon,test,197,31520,1.98246875,2.2727381706756376e-06,-56.43259547378118,7.537801686625282e-05,0.02046734892248854,0.1525
bon/bon_05.wav,bon,test,198,31680,1.99246875,2.0311028165182567e-06,-56.92054322216424,7.125838225286651e-05,0.018560285731588154,0.155
bon/bon_05.wav,bon,test,199,31840,2.00246875,1.9345802472412067e-06,-57.13188818552418,6.954459445638472e-05,0.016764998912000312,0.195
bon/bon_05.wav,bon,test,200,32000,2.01246875,1.3548472817544654e-06,-58.67789225237747,5.819895363652309e-05,0.015360027596431269,0.1825
bon/bon_05.wav,bon,test,201,32160,2.02246875,1.2242905320869776e-06,-59.11760922301916,5.5323831485332286e-05,0.013701756630253158,0.2175
